CREATE DATABASE  IF NOT EXISTS `pv1` /*!40100 DEFAULT CHARACTER SET latin1 */;
USE `pv1`;
-- MySQL dump 10.13  Distrib 5.5.16, for Win32 (x86)
--
-- Host: localhost    Database: pv1
-- ------------------------------------------------------
-- Server version	5.5.21

/*!40101 SET @OLD_CHARACTER_SET_CLIENT=@@CHARACTER_SET_CLIENT */;
/*!40101 SET @OLD_CHARACTER_SET_RESULTS=@@CHARACTER_SET_RESULTS */;
/*!40101 SET @OLD_COLLATION_CONNECTION=@@COLLATION_CONNECTION */;
/*!40101 SET NAMES utf8 */;
/*!40103 SET @OLD_TIME_ZONE=@@TIME_ZONE */;
/*!40103 SET TIME_ZONE='+00:00' */;
/*!40014 SET @OLD_UNIQUE_CHECKS=@@UNIQUE_CHECKS, UNIQUE_CHECKS=0 */;
/*!40014 SET @OLD_FOREIGN_KEY_CHECKS=@@FOREIGN_KEY_CHECKS, FOREIGN_KEY_CHECKS=0 */;
/*!40101 SET @OLD_SQL_MODE=@@SQL_MODE, SQL_MODE='NO_AUTO_VALUE_ON_ZERO' */;
/*!40111 SET @OLD_SQL_NOTES=@@SQL_NOTES, SQL_NOTES=0 */;

--
-- Table structure for table `medicamentoqueixa`
--

DROP TABLE IF EXISTS `medicamentoqueixa`;
/*!40101 SET @saved_cs_client     = @@character_set_client */;
/*!40101 SET character_set_client = utf8 */;
CREATE TABLE `medicamentoqueixa` (
  `id` int(10) NOT NULL AUTO_INCREMENT,
  `descricao` varchar(150) DEFAULT NULL,
  `dose` varchar(80) DEFAULT NULL,
  `efetivo` varchar(1) DEFAULT NULL,
  `necessario` varchar(1) DEFAULT NULL,
  `periodo` varchar(80) DEFAULT NULL,
  `seguro` varchar(1) DEFAULT NULL,
  `cumprimento` varchar(1) DEFAULT NULL,
  `fkQueixa` int(10) NOT NULL,
  `conheceCumpre` varchar(1) DEFAULT NULL,
  PRIMARY KEY (`id`),
  KEY `FK8099C4A73D02FC3D` (`fkQueixa`),
  KEY `Index_2` (`fkQueixa`),
  CONSTRAINT `FK8099C4A73D02FC3D` FOREIGN KEY (`fkQueixa`) REFERENCES `queixa` (`id`),
  CONSTRAINT `FK_medicamentoqueixa_1` FOREIGN KEY (`fkQueixa`) REFERENCES `queixa` (`id`)
) ENGINE=InnoDB DEFAULT CHARSET=latin1;
/*!40101 SET character_set_client = @saved_cs_client */;

--
-- Dumping data for table `medicamentoqueixa`
--

LOCK TABLES `medicamentoqueixa` WRITE;
/*!40000 ALTER TABLE `medicamentoqueixa` DISABLE KEYS */;
/*!40000 ALTER TABLE `medicamentoqueixa` ENABLE KEYS */;
UNLOCK TABLES;

--
-- Table structure for table `tb_consulta_parametro`
--

DROP TABLE IF EXISTS `tb_consulta_parametro`;
/*!40101 SET @saved_cs_client     = @@character_set_client */;
/*!40101 SET character_set_client = utf8 */;
CREATE TABLE `tb_consulta_parametro` (
  `IdConsultaVariavel` bigint(20) NOT NULL,
  `IdParametroClinico` int(11) NOT NULL,
  `Valor` float DEFAULT NULL,
  `ValorReferencia` float DEFAULT NULL,
  `Unidade` varchar(20) DEFAULT NULL,
  PRIMARY KEY (`IdConsultaVariavel`,`IdParametroClinico`),
  KEY `fk_tb_consulta_parametro_tb_consulta_variavel1` (`IdConsultaVariavel`),
  KEY `fk_tb_consulta_parametro_tb_parametro_clinico1` (`IdParametroClinico`),
  CONSTRAINT `fk_tb_consulta_parametro_tb_consulta_variavel1` FOREIGN KEY (`IdConsultaVariavel`) REFERENCES `tb_consulta_variavel` (`IdConsultaVariavel`) ON DELETE NO ACTION ON UPDATE NO ACTION,
  CONSTRAINT `fk_tb_consulta_parametro_tb_parametro_clinico1` FOREIGN KEY (`IdParametroClinico`) REFERENCES `tb_parametro_clinico` (`IdParametroClinico`) ON DELETE NO ACTION ON UPDATE NO ACTION
) ENGINE=InnoDB DEFAULT CHARSET=latin1;
/*!40101 SET character_set_client = @saved_cs_client */;

--
-- Dumping data for table `tb_consulta_parametro`
--

LOCK TABLES `tb_consulta_parametro` WRITE;
/*!40000 ALTER TABLE `tb_consulta_parametro` DISABLE KEYS */;
/*!40000 ALTER TABLE `tb_consulta_parametro` ENABLE KEYS */;
UNLOCK TABLES;

--
-- Table structure for table `tb_queixa`
--

DROP TABLE IF EXISTS `tb_queixa`;
/*!40101 SET @saved_cs_client     = @@character_set_client */;
/*!40101 SET character_set_client = utf8 */;
CREATE TABLE `tb_queixa` (
  `IdQueixa` int(11) NOT NULL AUTO_INCREMENT,
  `DescricaoQueixa` varchar(100) NOT NULL,
  `IdSistema` int(11) NOT NULL,
  PRIMARY KEY (`IdQueixa`),
  KEY `fk_tb_queixa_tb_sistema1` (`IdSistema`),
  CONSTRAINT `fk_tb_queixa_tb_sistema1` FOREIGN KEY (`IdSistema`) REFERENCES `tb_sistema` (`IdSistema`) ON DELETE NO ACTION ON UPDATE NO ACTION
) ENGINE=InnoDB AUTO_INCREMENT=3 DEFAULT CHARSET=latin1;
/*!40101 SET character_set_client = @saved_cs_client */;

--
-- Dumping data for table `tb_queixa`
--

LOCK TABLES `tb_queixa` WRITE;
/*!40000 ALTER TABLE `tb_queixa` DISABLE KEYS */;
INSERT INTO `tb_queixa` VALUES (1,'Alergia',2),(2,'Dor de Barriga',2);
/*!40000 ALTER TABLE `tb_queixa` ENABLE KEYS */;
UNLOCK TABLES;

--
-- Table structure for table `queixarespostaquarta`
--

DROP TABLE IF EXISTS `queixarespostaquarta`;
/*!40101 SET @saved_cs_client     = @@character_set_client */;
/*!40101 SET character_set_client = utf8 */;
CREATE TABLE `queixarespostaquarta` (
  `id` int(11) NOT NULL AUTO_INCREMENT,
  `numeroPRM` int(11) NOT NULL DEFAULT '0',
  `fkResposta4` int(11) NOT NULL DEFAULT '0',
  `periodoSurgimento` varchar(45) DEFAULT NULL,
  `flConheceOuPreocupa` varchar(1) DEFAULT NULL,
  `prioridade` int(10) unsigned NOT NULL,
  `descricao` varchar(125) DEFAULT NULL,
  PRIMARY KEY (`id`),
  KEY `FK5BA98DD4D2B646E7` (`fkResposta4`),
  CONSTRAINT `FK5BA98DD4D2B646E7` FOREIGN KEY (`fkResposta4`) REFERENCES `respostaquarta` (`id`),
  CONSTRAINT `FK_queixarespostaquarta_1` FOREIGN KEY (`fkResposta4`) REFERENCES `respostaquarta` (`id`)
) ENGINE=InnoDB DEFAULT CHARSET=latin1;
/*!40101 SET character_set_client = @saved_cs_client */;

--
-- Dumping data for table `queixarespostaquarta`
--

LOCK TABLES `queixarespostaquarta` WRITE;
/*!40000 ALTER TABLE `queixarespostaquarta` DISABLE KEYS */;
/*!40000 ALTER TABLE `queixarespostaquarta` ENABLE KEYS */;
UNLOCK TABLES;

--
-- Table structure for table `tb_paciente`
--

DROP TABLE IF EXISTS `tb_paciente`;
/*!40101 SET @saved_cs_client     = @@character_set_client */;
/*!40101 SET character_set_client = utf8 */;
CREATE TABLE `tb_paciente` (
  `IdPaciente` int(11) NOT NULL AUTO_INCREMENT,
  `Nome` varchar(100) NOT NULL,
  `Foto` mediumblob,
  PRIMARY KEY (`IdPaciente`)
) ENGINE=InnoDB AUTO_INCREMENT=3 DEFAULT CHARSET=latin1;
/*!40101 SET character_set_client = @saved_cs_client */;

--
-- Dumping data for table `tb_paciente`
--

LOCK TABLES `tb_paciente` WRITE;
/*!40000 ALTER TABLE `tb_paciente` DISABLE KEYS */;
INSERT INTO `tb_paciente` VALUES (1,'Marcos Dósea','\0JFIF\0\0`\0`\0\0Exif\0\0MM\0*\0\0\0\0;\0\0\0\0\0\0Ji\0\0\0\0\0\0X\0\0\0\0\Z\0\0\0\0\0\0\0\0>\0\0\0\0\0\0\0\0\0\0\0\0\0\0\0\0\0\0\0\0\0\0\0\0\0\0\0\0\0\0\0\0\0\0\0\0\0\0\0\0\0\0\0\0\0\0\0\0\0\0\0\0\0\0\0\0\0\0\0\0\0\0\0\0\0\0\0\0\0\0\0\0\0\0\0\0\0\0\0\0\0\0\0\0\0\0\0\0\0\0\0\0\0\0\0\0\0\0\0\0\0\0\0\0\0\0\0\0\0\0\0\0\0\0\0\0\0\0\0\0\0\0\0\0\0\0\0\0\0\0\0\0\0\0\0\0\0\0\0\0\0\0\0\0\0\0\0\0\0\0\0\0\0\0\0\0\0\0\0\0\0\0\0\0\0\0\0\0\0\0\0\0\0\0\0\0\0\0\0\0\0\0\0\0\0\0\0\0\0\0\0\0\0\0\0\0\0\0\0\0\0\0\0\0\0\0\0\0\0\0\0\0\0\0\0\0\0\0\0\0\0\0\0\0\0\0\0\0\0\0\0\0\0\0\0\0\0\0\0\0\0\0\0\0\0\0\0\0\0\0\0\0\0\0\0\0\0\0\0\0\0\0\0\0\0\0\0\0\0\0\0\0\0\0\0\0\0\0\0\0\0\0\0\0\0\0\0\0\0\0\0\0\0\0\0\0\0\0\0\0\0\0\0\0\0\0\0\0\0\0\0\0\0\0\0\0\0\0\0\0\0\0\0\0\0\0\0\0\0\0\0\0\0\0\0\0\0\0\0\0\0\0\0\0\0\0\0\0\0\0\0\0\0\0\0\0\0\0\0\0\0\0\0\0\0\0\0\0\0\0\0\0\0\0\0\0\0\0\0\0\0\0\0\0\0\0\0\0\0\0\0\0\0\0\0\0\0\0\0\0\0\0\0\0\0\0\0\0\0\0\0\0\0\0\0\0\0\0\0\0\0\0\0\0\0\0\0\0\0\0\0\0\0\0\0\0\0\0\0\0\0\0\0\0\0\0\0\0\0\0\0\0\0\0\0\0\0\0\0\0\0\0\0\0\0\0\0\0\0\0\0\0\0\0\0\0\0\0\0\0\0\0\0\0\0\0\0\0\0\0\0\0\0\0\0\0\0\0\0\0\0\0\0\0\0\0\0\0\0\0\0\0\0\0\0\0\0\0\0\0\0\0\0\0\0\0\0\0\0\0\0\0\0\0\0\0\0\0\0\0\0\0\0\0\0\0\0\0\0\0\0\0\0\0\0\0\0\0\0\0\0\0\0\0\0\0\0\0\0\0\0\0\0\0\0\0\0\0\0\0\0\0\0\0\0\0\0\0\0\0\0\0\0\0\0\0\0\0\0\0\0\0\0\0\0\0\0\0\0\0\0\0\0\0\0\0\0\0\0\0\0\0\0\0\0\0\0\0\0\0\0\0\0\0\0\0\0\0\0\0\0\0\0\0\0\0\0\0\0\0\0\0\0\0\0\0\0\0\0\0\0\0\0\0\0\0\0\0\0\0\0\0\0\0\0\0\0\0\0\0\0\0\0\0\0\0\0\0\0\0\0\0\0\0\0\0\0\0\0\0\0\0\0\0\0\0\0\0\0\0\0\0\0\0\0\0\0\0\0\0\0\0\0\0\0\0\0\0\0\0\0\0\0\0\0\0\0\0\0\0\0\0\0\0\0\0\0\0\0\0\0\0\0\0\0\0\0\0\0\0\0\0\0\0\0\0\0\0\0\0\0\0\0\0\0\0\0\0\0\0\0\0\0\0\0\0\0\0\0\0\0\0\0\0\0\0\0\0\0\0\0\0\0\0\0\0\0\0\0\0\0\0\0\0\0\0\0\0\0\0\0\0\0\0\0\0\0\0\0\0\0\0\0\0\0\0\0\0\0\0\0\0\0\0\0\0\0\0\0\0\0\0\0\0\0\0\0\0\0\0\0\0\0\0\0\0\0\0\0\0\0\0\0\0\0\0\0\0\0\0\0\0\0\0\0\0\0\0\0\0\0\0\0\0\0\0\0\0\0\0\0\0\0\0\0\0\0\0\0\0\0\0\0\0\0\0\0\0\0\0\0\0\0\0\0\0\0\0\0\0\0\0\0\0\0\0\0\0\0\0\0\0\0\0\0\0\0\0\0\0\0\0\0\0\0\0\0\0\0\0\0\0\0\0\0\0\0\0\0\0\0\0\0\0\0\0\0\0\0\0\0\0\0\0\0\0\0\0\0\0\0\0\0\0\0\0\0\0\0\0\0\0\0\0\0\0\0\0\0\0\0\0\0\0\0\0\0\0\0\0\0\0\0\0\0\0\0\0\0\0\0\0\0\0\0\0\0\0\0\0\0\0\0\0\0\0\0\0\0\0\0\0\0\0\0\0\0\0\0\0\0\0\0\0\0\0\0\0\0\0\0\0\0\0\0\0\0\0\0\0\0\0\0\0\0\0\0\0\0\0\0\0\0\0\0\0\0\0\0\0\0\0\0\0\0\0\0\0\0\0\0\0\0\0\0\0\0\0\0\0\0\0\0\0\0\0\0\0\0\0\0\0\0\0\0\0\0\0\0\0\0\0\0\0\0\0\0\0\0\0\0\0\0\0\0\0\0\0\0\0\0\0\0\0\0\0\0\0\0\0\0\0\0\0\0\0\0\0\0\0\0\0\0\0\0\0\0\0\0\0\0\0\0\0\0\0\0\0\0\0\0\0\0\0\0\0\0\0\0\0\0\0\0\0\0\0\0\0\0\0\0\0\0\0\0\0\0\0\0\0\0\0\0\0\0\0\0\0\0\0\0\0\0\0\0\0\0\0\0\0\0\0\0\0\0\0\0\0\0\0\0\0\0\0\0\0\0\0\0\0\0\0\0\0\0\0\0\0\0\0\0\0\0\0\0\0\0\0\0\0\0\0\0\0\0\0\0\0\0\0\0\0\0\0\0\0\0\0\0\0\0\0\0\0\0\0\0\0\0\0\0\0\0\0\0\0\0\0\0\0\0\0\0\0\0\0\0\0\0\0\0\0\0\0\0\0\0\0\0\0\0\0\0\0\0\0\0\0\0\0\0\0\0\0\0\0\0\0\0\0\0\0\0\0\0\0\0\0\0\0\0\0\0\0\0\0\0\0\0\0\0\0\0\0\0\0\0\0\0\0\0\0\0\0\0\0\0\0\0\0\0\0\0\0\0\0\0\0\0\0\0\0\0\0\0\0\0\0\0\0\0\0\0\0\0\0\0\0\0\0\0\0\0\0\0\0\0\0\0\0\0\0\0\0\0\0\0\0\0\0\0\0\0\0\0\0\0\0\0\0\0\0\0\0\0\0\0\0\0\0\0\0\0\0\0\0\0\0\0\0\0\0\0\0\0\0\0\0\0\0\0\0\0\0\0\0\0\0\0\0\0\0\0\0\0\0\0\0\0\0\0\0\0\0\0\0\0\0\0\0\0\0\0\0\0\0\0\0\0\0\0\0\0\0\0\0\0\0\0\0\0\0\0\0\0\0\0\0\0\0\0\0\0\0\0\0\0\0\0\0\0\0\0\0\0\0\0\0\0\0\0\0\0\0\0\0\0\0\0\0\0\0\0\0\0\0\0\0\0\0\0\0\0\0\0\0\0\0\0\0\0\0\0\0\0\0\0\0\0\0\0\0\0\0\0\0\0\0\0\0\0\0\0\0\0\0\0\0\0\0\0\0\0\0\0\0\0\0\0\0\0\0\0\0\0\0\0\0\0\0\0\0\0\0\0\0\0\0\0\0\0\0\0\0\0\0\0\0\0\0\0\0\0\0\0\0\0\0\0\0\0\0\0\0\0\0\0\0\0\0\0\0\0\0\0\0\0\0\0\0\0\0\0\0\0\0\0\0\0\0\0\0\0\0\0\0\0\0\0\0\0\0\0\0\0\0\0\0\0\0\0\0\0\0\0\0\0\0\0\0\0\0\0\0\0\0\0\0\0\0\0\0\0\0\0\0\0\0\0\0\0\0\0\0\0\0\0\0\0\0\0\0\0\0\0\0\0\0\0\0\0\0\0\0\0\0\0\0\0\0\0\0\0\0\0\0\0\0\0\0\0\0\0\0\0\0\0\0\0\0\0\0\0\0\0\0\0\0\0\0\0\0\0\0\0\0\0\0\0\0\0\0\0\0\0\0\0\0\0\0\0\0\0\0\0\0\0\0\0\0\0\0\0\0\0\0\0\0\0\0\0\0\0\0\0\0\0\0\0\0\0\0\0\0\0\0\0\0\0\0\0\0\0\0\0\0\0\0\0\0\0\0\0\0\0\0\0\0\0\0\0\0\0\0\0\0\0\0\0\0\0\0\0\0\0\0\0\0\0\0\0\0\0\0\0\0\0\0\0\0\0\0\0\0\0\0\0\0\0\0\0\0\0\0\0\0\0\0\0\0\0\0\0\0\0\0\0\0\0\0\0\0\0\0\0\0\0\0\0\0\0\0\0\0\0\0\0\0\0\0\0\0\0\0\0\0\0\0\0\0\0\0\0\0\0\0\0\0\0\0\0\0\0\0\0\0\0\0\0\0\0\0\0\0\0\0\0\0\0\0\0\0\0\0\0\0\0\0\0\0\0\0\0\0\0\0\0\0\0\0\0\0\0\0\0\0\0\0\0\0\0Marcos Dósea\0\0\0\0\0\0\0\0\0\0\0\0\0\0\0\0\0\015\0\0\0\0\0\015\0\0\0\0\0\0\0\0\0\0\0\0\0\0\0\0\0\0\0\0\0\0\0\0\0\0\0\0\0\0\0\0\0\0\0\0\0\0\0\0\0\0\0\0\0\0\0\0\0\0\0\0\0\0\0\0\0\0\0\0\0\0\0\0\0\0\0\0\0\0\0\0\0\0\0\0\0\0\0\0\0\0\0\0\0\0\0\0\0\0\0\0\0\0\0\0\0\0\0\0\0\0\0\0\0\0\0\0\0\0\0\0\0\0\0\0\0\0\0\0\0\0\0\0\0\0\0\0\0\0\0\0\0\0\0\0\0\0\0\0\0\0\0\0\0\0\0\0\0\0\0\0\0\0\0\0\0\0\0\0\0\0\0\0\0\0\0\0\0\0\0\0\0\0\0\0\0\0\0\0\0\0\0\0\0\0\0\0\0\0\0\0\0\0\0\0\0\0\0\0\0\0\0\0\0\0\0\0\0\0\0\0\0\0\0\0\0\0\0\0\0\0\0\0\0\0\0\0\0\0\0\0\0\0\0\0\0\0\0\0\0\0\0\0\0\0\0\0\0\0\0\0\0\0\0\0\0\0\0\0\0\0\0\0\0\0\0\0\0\0\0\0\0\0\0\0\0\0\0\0\0\0\0\0\0\0\0\0\0\0\0\0\0\0\0\0\0\0\0\0\0\0\0\0\0\0\0\0\0\0\0\0\0\0\0\0\0\0\0\0\0\0\0\0\0\0\0\0\0\0\0\0\0\0\0\0\0\0\0\0\0\0\0\0\0\0\0\0\0\0\0\0\0\0\0\0\0\0\0\0\0\0\0\0\0\0\0\0\0\0\0\0\0\0\0\0\0\0\0\0\0\0\0\0\0\0\0\0\0\0\0\0\0\0\0\0\0\0\0\0\0\0\0\0\0\0\0\0\0\0\0\0\0\0\0\0\0\0\0\0\0\0\0\0\0\0\0\0\0\0\0\0\0\0\0\0\0\0\0\0\0\0\0\0\0\0\0\0\0\0\0\0\0\0\0\0\0\0\0\0\0\0\0\0\0\0\0\0\0\0\0\0\0\0\0\0\0\0\0\0\0\0\0\0\0\0\0\0\0\0\0\0\0\0\0\0\0\0\0\0\0\0\0\0\0\0\0\0\0\0\0\0\0\0\0\0\0\0\0\0\0\0\0\0\0\0\0\0\0\0\0\0\0\0\0\0\0\0\0\0\0\0\0\0\0\0\0\0\0\0\0\0\0\0\0\0\0\0\0\0\0\0\0\0\0\0\0\0\0\0\0\0\0\0\0\0\0\0\0\0\0\0\0\0\0\0\0\0\0\0\0\0\0\0\0\0\0\0\0\0\0\0\0\0\0\0\0\0\0\0\0\0\0\0\0\0\0\0\0\0\0\0\0\0\0\0\0\0\0\0\0\0\0\0\0\0\0\0\0\0\0\0\0\0\0\0\0\0\0\0\0\0\0\0\0\0\0\0\0\0\0\0\0\0\0\0\0\0\0\0\0\0\0\0\0\0\0\0\0\0\0\0\0\0\0\0\0\0\0\0\0\0\0\0\0\0\0\0\0\0\0\0\0\0\0\0\0\0\0\0\0\0\0\0\0\0\0\0\0\0\0\0\0\0\0\0\0\0\0\0\0\0\0\0\0\0\0\0\0\0\0\0\0\0\0\0\0\0\0\0\0\0\0\0\0\0\0\0\0\0\0\0\0\0\0\0\0\0\0\0\0\0\0\0\0\0\0\0\0\0\0\0\0\0\0\0\0\0\0\0\0\0\0\0\0\0\0\0\0\0\0\0\0\0\0\0\0\0\0\0\0\0\0\0\0\0\0\0\0\0\0\0\0\0\0\0\0\0\0\0\0\0\0\0\0\0\0\0\0\0\0\0\0\0\0\0\0\0\0\0\0\0\0\0\0\0\0\0\0\0\0\0\0\0\0\0\0\0\0\0\0\0\0\0\0\0\0\0\0\0\0\0\0\0\0\0\0\0\0\0\0\0\0\0\0\0\0\0\0\0\0\0\0\0\0\0\0\0\0\0\0\0\0\0\0\0\0\0\0\0\0\0\0\0\0\0\0\0\0\0\0\0\0\0\0\0\0\0\0\0\0\0\0\0\0\0\0\0\0\0\0\0\0\0\0\0\0\0\0\0\0\0\0\0\0\0\0\0\0\0\0\0\0\0\0\0\0\0\0\0\0\0\0\0\0\0\0\0\0\0\0\0\0\0\0\0\0\0\0\0\0\0\0\0\0\0\0\0\0\0\0\0\0\0\0\0\0\0\0\0\0\0\0\0\0\0\0\0\0\0\0\0\0\0\0\0\0\0\0\0\0\0\0\0\0\0\0\0\0\0\0\0\0\0\0\0\0\0\0\0\0\0\0\0\0\0\0\0\0\0\0\0\0\0\0\0\0\0\0\0\0\0\0\0\0\0\0\0\0\0\0\0\0\0\0\0\0\0\0\0\0\0\0\0\0\0\0\0\0\0\0\0\0\0\0\0\0\0\0\0\0\0\0\0\0\0\0\0\0\0\0\0\0\0\0\0\0\0\0\0\0\0\0\0\0\0\0\0\0\0\0\0\0\0\0\0\0\0\0\0\0\0\0\0\0\0\0\0\0\0\0\0\0\0\0\0\0\0\0\0\0\0\0\0\0\0\0\0\0\0\0\0\0\0\0\0\0\0\0\0\0\0\0\0\0\0\0\0\0\0\0\0\0\0\0\0\0\0\0\0\0\0\0\0\0\0\0\0\0\0\0\0\0\0\0\0\0\0\0\0\0\0\0\0\0\0\0\0\0\0\0\0\0\0\0\0\0\0\0\0\0\0\0\0\0\0\0\0\0\0\0\0\0\0\0\0\0\0\0\0\0\0\0\0\0\0\0\0\0\0\0\0\0\0\0\0\0\0\0\0\0\0\0\0\0\0\0\0\0\0\0\0\0\0\0\0\0\0\0\0\0\0\0\0\0\0\0\0\0\0\0\0\0\0\0\0\0\0\0\0\0\0\0\0\0\0\0\0\0\0\0\0\0\0\0\0\0\0\0\0\0\0\0\0\0\0\0\0\0\0\0\0\0\0\0\0\0\0\0\0\0\0\0\0\0\0\0\0\0\0\0\0\0\0\0\0\0\0\0\0\0\0\0\0\0\0\0\0\0\0\0\0\0\0\0\0\0\0\0\0\0\0\0\0\0\0\0\0\0\0\0\0\0\0\0\0\0\0\0\0\0\0\0\0\0\0\0\0\0\0\0\0\0\0\0\0\0\0\0\0\0\0\0\0\0\0\0\0\0\0\0\0\0\0\0\0\0\0\0\0\0\0\0\0\0\0\0\0\0\0\0\0\0\0\0\0\0\0\0\0\0\0\0\0\0\0\0\0\0\0\0\0\0\0\0\0\0\0\0\0\0\0\0\0\0\0\0\0\0\0\0\0\0\0\0\0\0\0\0\0\0\0\0\0\0\0\0\0\0\0\0\0\0\0\0\0\0\0\0\0\0\0\0\0\0\0\0\0\0\0\0\0\0\0\0\0\0\0\0\0\0\0\0\0\0\0\0\0\0\0\0\0\0\0\0\0\0\0\0\0\0\0\0\0\0\0\0\0\0\0\0\0\0\0\0\0\0\0\0\0\0\0\0\0\0\0\0\0\0\0\0\0\0\0\0\0\0\0\0\0\0\0\0\0\0\0\0\0\0\0\0\0\0\0\0\0\0\0\0\0\0\0\0\0\0\0\0\0\0\0\0\0\0\0\0\0\0\0\0\0\0\0\0\0\0\0\0\0\0\0\0\0\0\0\0\0\0\0\0\0\0\0\0\0\0\0\0\0\0\0\0\0\0\0\0\0\0\0\0\0\0\0\0\0\0\0\0\0\0\0\0\0\0\0\0\0\0\0\0\0\0\0\0\0\0\0\0\0\0\0\0\0\0\0\0\0\0\0\0\0\0\0\0\0\0\0\0\0\0\0\0\0\0\0\0\0\0\0\0\0\0\0\0\0\0\0\0\0\0\0\0\0\0\0\0\0\0\0\0\0\0\0\0\0\0\0\0\0\0\0\0\0\0\0\0\0\0\0\0\0\0\0\0\0\0\0\0\0\0\0\0\0\0\0\0\0\0\0\0\0\0\0\0\0\0\0\0\0\0\0\0\0\0\0\0\0\0\0\0\0\0\0\0\0\0\0\0\0\0\0\0\0\0\0\0\0\0\0\0\0\0\0\0\0\0\0\0\0\0\0\0\0\0\0\0\0\0\0\0\0\0\0\0\0\0\0\0\0\0\0\0\0\0\0\0\0\0\0\0\0\0\0\0\0\0\0\0\0\0\0\0\0\0\0\0\0\0\0\0\0\0\0\0\0\0\0\0\0\0\0\0\0\0\0\0\0\0\0\0\0\0\0\0\0\0\0\0\0\0\0\0\0\0\0\0\0\0\0\0\0\0\0\0\0\0\0\0\0\0\0\0\0\0\0\0\0\0\0\0\0\0\0\0\0\0\0\0\0\0\0\0\0\0\0\0\0\0\0\0\0\0\0\0\0\0\0\0\0\0\0\0\0\0\0\0\0\0\0\0\0\0\0\0\0\0\0\0\0\0\0\0\0\0\0\0\0\0\0\0\0\0\0\0\0\0\0\0\02013:06:17 19:34:21\02013:06:17 19:34:21\0\0\0M\0a\0r\0c\0o\0s\0 \0D\0\0s\0e\0a\0\0\0 http://ns.adobe.com/xap/1.0/\0<?xpacket begin=\'﻿\' id=\'W5M0MpCehiHzreSzNTczkc9d\'?>\r\n<x:xmpmeta xmlns:x=\"adobe:ns:meta/\"><rdf:RDF xmlns:rdf=\"http://www.w3.org/1999/02/22-rdf-syntax-ns#\"><rdf:Description rdf:about=\"uuid:faf5bdd5-ba3d-11da-ad31-d33d75182f1b\" xmlns:dc=\"http://purl.org/dc/elements/1.1/\"/><rdf:Description rdf:about=\"uuid:faf5bdd5-ba3d-11da-ad31-d33d75182f1b\" xmlns:xmp=\"http://ns.adobe.com/xap/1.0/\"><xmp:CreateDate>2013-06-17T19:34:21.147</xmp:CreateDate></rdf:Description><rdf:Description rdf:about=\"uuid:faf5bdd5-ba3d-11da-ad31-d33d75182f1b\" xmlns:dc=\"http://purl.org/dc/elements/1.1/\"><dc:creator><rdf:Seq xmlns:rdf=\"http://www.w3.org/1999/02/22-rdf-syntax-ns#\"><rdf:li>Marcos Dósea</rdf:li></rdf:Seq>\r\n			</dc:creator></rdf:Description></rdf:RDF></x:xmpmeta>\r\n                                                                                                    \n                                                                                                    \n                                                                                                    \n                                                                                                    \n                                                                                                    \n                                                                                                    \n                                                                                                    \n                                                                                                    \n                                                                                                    \n                                                                                                    \n                                                                                                    \n                                                                                                    \n                                                                                                    \n                                                                                                    \n                                                                                                    \n                                                                                                    \n                                                                                                    \n                                                                                                    \n                                                                                                    \n                                                                                                    \n                            <?xpacket end=\'w\'?>\0C\0\n\n		\n\Z\'!%\".\"%()+,+\Z /3/*2\'*+*\0C\n	\n***************************************************\0\"\0\0\0\0\0\0\0\0\0\0\0\0	\n\0\0\0\0}\0!1AQa\"q2#BR$3br	\n\Z%&\'()*456789:CDEFGHIJSTUVWXYZcdefghijstuvwxyz\0\0\0\0\0\0\0\0	\n\0\0\0w\0!1AQaq\"2B	#3Rbr\n$4%\Z&\'()*56789:CDEFGHIJSTUVWXYZcdefghijstuvwxyz\0\0\0?\0>%teلrӏ*6߷7OZv(\Z?pm`\0+Ρw]yEͼ7\Z˖=7r+|3cW+q\0>+JЋh9\0+CتOڐXz˹^c)\0A9]L4VI3jd\r5.Q+؃~d]qUg\0W\nO4$ֈټωaI#դcxxP-<m#%~\0UneHP<)؆_~\\ϹH_.SI5#xy0bȫ{qn,jdU#o+^\04EB~#xbE֝`\0+*95<3n`9ԙ6:C\'`\0#oʓ_)tܥ`~?ry*ڦm:>IlΚQOsec?\"\0|VM\0	k2FJ}\0U{3yqj\\=Mc}QO~Jr{F+dzP׈g]c1Cr_x@oE\'+ɯeh1\';}ԼŤ\\*9W\\M4#\'7?E2:<b\\1u\0+XC)19=*`K=\nXV6mks~2זSC#ahNv)o^4iocbib}0*C\"A֟Nf\n\"Lc\05;jڢC.uVb+qc>\0-piީ$jizuv%	I%;\\zTVi쯱:B<RFoQ|jZf[o)P\05Xk>\'oYld!r\0vGO{ȯ. Y\na⫛Kҳ5<Omʋ?%kQ5gٴA	Ͽܮ{eΡ]O1h\nŎG]6ʐ-Qj.OSWBzM ե%OV]joΥ:?-[~\0e\Z#na&\Z*pgaT\\}~Zouy*\'i6DQ%ܻ0̥pFJCK\0@c\0@O?dҙ4Nk3qOsX>8i.G<}yrM\\b:+8]ZI{\0UDW(<\0Wq62rqCZr#X\\,:\\Jt\0\0N\0n;$O<?\Z4KP^\0UI>8nW]\n}>\0^m6ēU$e$K㯏O\0|z_%o\00hl\'_#o\0(n<B1\0^6\0nA!)f9jnrg\0\0C\0\07N_3k\0ە\06_\ZkXʧ\Z\\L/o\0n6\0nLs/\0umm ^ph<|Aqx\0$\0]P$I=-\0 EIZ=?6$n\05O\\IejT+`\'ZcҵY/ade?Jd	>M{1H\0Si\r\'E#\05g^$ҭuDH8tV=mߺHTH÷SYD1k\Z̓S,TEQ]{]ʷfFڰń\0*i-.U&sZl\"UT288W:YMKQc8? uFEJ-#n#LQƧvi\ZL-kIYdͰORޜjMs\0Vm*1Dp{in[ˁ$\ZtVySA<UىX[HդeE\0S%|En%Q\\%+x\'zx#s$u(ŪBe\Zɭ\ruʼ\0Qs(d@\0SQ]~MXU9=iݓ~\rJk2[jS<$g?g꺼6xd\0jZAcX\0m]\rﺇ<Qv!{xZf	8r5Ox˅֜h!\0+eۣE\\ŕT\\W#ڥܵbŢd:\0ZÑ\0RxkY\'2ĭV1#ԍU9Dxe``GO|vwkEh*y*9j)5/1\'S\\\\\n}vQcm6%\0\0OTo.u	fx$X$$$Dc`-1wg|6Fc5`$lJƚ̎&D1%7QJÔa#jYtŔF))ѹv\\\0i#Ɉc=RRpPL̷2\0Q|\0JՌ$M,N7_Zr]C(#zy\0oVgiNؘAl(&,ȁA&rdҪɮHwlJpq?R\'iso	9]%[j\ZxS0E`jF1Ny\rSZ#nqnFfﺣQT>+m~[2Dwt\0KxAmxAQ^5@|J:UWv^\"\ryq~+>v;ee1RG<R$!Xې-ЀIgdR։0z>xޅD\\`TrzG;VNߢʿ\'9VVǕgnM]LPƠ\r$knnMa9!k]v~b\0$a:g\"sQƑNy$2N)DċlL/NjվPth9kdȒCovr*W*\0>ܒ(m*=z\nIHyOҶ#RJXVrSVe+ƻzϴ@a*1V(}d}k;]M)(bz].m;0:qX~$Ta@jS`W`\\ˀqntc+<&,hvk,KxXwK	lZX	u<򱑊Q@A\\ %HQk˓UHu\08^Mk}RXu!_nz-1\0Vt?fkɀ*~zܗ2FܑEIfFqr95\"/(]UAW{IdDFӒު_[5FeSƦQQ tji`6!chCg\ZwXwAE\\bN*8h#\r5&u.6,n.1@<}Zl5^UȰ/kp}wŮ\02ܩxHohV&oޫɟ[Az%PqRՠQ)f\0qD\\1Bp\0¸߈~(]L6I\'<zJVio>Y93_9x^].f>ca?uAV,=|\'Z7j9ڽk*bզ6RN+T2ܚ˸f$fI6ֆbGf<,Iy[\0VnV.0l*\Z|tVм00zNU2N+Ut;_J$WOc]]mc\0 Hp͝*QVߙqZxAy-\rU@Lӑx?Σ>\0Bħ#Be/-ejЩ1\'7LJv3૫0^4$sW(JRU*r\0MD;^g/ŻZGTZ38yr:UYH`x &\njǵ|\r:֐GuF8\néd]Yn{y*[XvA\'$⾔88}áN_iU8QjFf~fºeがVmٳqV8QI=qKEZRr\0YLvb;`q\\o#ڍܱhH!1K6jʑc>-m>6;9Aʲ&[)\"%x%jH1!\n:@[ҔSQ?Uz)\\ -- I73`)YojX&VL	UTyyѡfs,+&GCҲmBY׆9.ZmG;1n8R2S^P;c֓E&swK\nhd;qzO4Vu(\"wIwFJxdI7G\"/odHV<Ոl&R]1{V֔mIg_\r0c2LǊFNy-PU{n$aJڷj,GDjhGHJ\"$(lFM5Ĩ\rn|ޝN[/5儑8PΫ[ʾEć>]lɧ5ħ[?4B=]o&đio`KYY]PR\\:niD?JAgqq!^J2qҝs\rYV7dZu*ûUt#)oҦvi$\'ju4> Y1;o-{\0bnYhsh[\0GtN;W,q5?,r38O*nTҰa1E<f9틫^\0].g%|ܔǥtBraa֢+3A[k܈ȱ۽B|:c\']	\'l)!U F6\nN8WȵDnv&\rQ>eJF3=ޤd犥콸\n,pkh}]${\\Vr\r85W!&ZbSMYI>C!YOrG47#gMUx+E6<3\'Uҳ\0e5+1Y˻7jo+9z\rJ=ͨw\\;BR(l\\$1*]55NRc+\\96h\"iVgHTsi\"57G})U=ܤ\"o_\"XYYZfGٜ7\ZSwPi,qH\0y7VﴈV_E6gWΝj%7qi٤$|?ZY\\<I`y	&ZbQY\\jv62wmgM<3R[٥2?<ImyU;}{VPI,wk5q!`lt`Ijڟf\"xV;J\0t^gJo5V?>:z1ݬ *>:K,>c&y?XI PX}D鳞)ך}\0q	Uz\n%\0/Cvб<fK%xm:]Hj=(}nk_\\7X\"zs?0kǊd=jƋBi4VGnsYV4nؽĀ*k<;cvp~J+0B3;*i#;G1*>٤J\0\0\n};`\nqYGSbUP<h~ƫVTFϵ	zT|5,)Ȧ4.M9/-R\rg2)?*\ZVR}j{PS_#qGL֝ee\"TV-A֧iњ0rʚyJd7GxHRsƚ*j6BhQ&30Q+˪{G\0`2R{?^JPGu+*ͨMJCν\"{VUS#MaV6l2ʏ4bFS @Pw9#,qn\'ޝ,H:qٓ?SQJ-c}+^+ic,3U,gVeݥbf]NyB\n,Q !ZF4i\nT^zJ?2F\0sb	cMrOCSwqj?;N*1^xdېH*>i#I$Qy|4߳͹({=.qmo=\rZ{kx]cZE,Q\'㟥WaryXѴ3Fmf/.䕤 =][U\'9FTPasܑS39Nm\rXF7/2u^)~Ujg{%QHU/\n.4Fܷe&s&ysZ}g[HYjr]:YR\"7Eެ]_+=;CFFATU-n@3Geqګ,\ZNB->@LX\0@k\Z_FV3VO5pZ)\"lI1D0\ZmŻb5a UkJO=kʬ_<^\\;X)i۽U{F]Unbֳ5I;Wշ)cV*4u]]%Z+}E\'eTՍlM}e;#)I<gyWX$CzW|v|4wן[BVLz\Zk4\\1ޓc;@ҡR;п2hW!ɬdE&5&KZS<\\5g,גK*~(Fv$*e2|zAR=FI)7nQj.D3	<,Cg@^+[+J:L$}XSIw5.$t,>n\ZxVLI2ќ] fdwQ>w\0U6ep?y}Ed(Dd(9loeB#BŔՉdD7\"WH2=kG>#L4Ŷ(m p.\ZVlhPUꍪ}^-~x u,HEMOBS%1 1S-q6B2 8u=Op}(nEzFvqeD2MG-\"cB>⌚wy $V\r\r\\um%(H70S_Zg[FZ!\nX}e]3LݳkB$kڹK/-ԟgHn=^igP\\bGȧ\0a@uZWq~1Y1C,Wrd`y_f~(򿴮|\\9NH} ]F\\U&D0qkXdk{0pu*IzbaTIZNܬ%a5g$x%QxM$:bZFK3<=ҫZ=OҪ\"<@O¾wb\Zmwd\0/xdp=j\0^<3g9^A=krqVozE*%+ E[)lʒ1.d[Cq]wVe g𞀖6湪H\r.t~3 Z5=G[jEfOsVcrVt#6٘FϑEtp<QҲT&bȮ<X\"ҵm2W\\dnIOD2orvM2HJq_(w(CҨj4ɽls~JxN8&IßzXJ3r1n;U#;S`cRhʃQ!׷[ĎCe`G+t-v.nO3V>i,BNQt5tQ{A;K5%	=kmQn\"V2xM2V59[\rŴJJ	kJW-ާ8 D%(wTT#ݪGr2xY:p=R[ra~ciHlcEXG^Ԥ2]%M/9Gڜ+,$7!GozHԝ85MmYKٸJ9IByq\n4`)^MH<gL\"Ǫ\"4V嫐[Ec+1KVG\rrHGݨ;9R.f^E$q3/SLday q>tuS5%vRPfF*ކFicbkF+vk&^뚦]	:dTYEo\ZFY!UOM6X㠬	m\0K\'NTe\r2Ď\0?:|\"څ䰉IsTbX\"vIKl}{}u*,lX H՛m=/4錊Ug-Zƍۖ8?{ҬHѾ>n1Kf<flڥiaqQqOgo\",#em*nx}4D`$*r_W`o*TqUbnAKJ\0UG1cC^]ڑ	WZˍ񷁏J¼$kT{+Ťn۸ٮ_KvpCYZY\ZA%~\0RYhx\niMgM8-}yޗ*;ɜmTA=\\1@\"g^x\\@8$	HF2N*g;ېJt`eyb\"-A hrqɚ#U jW$~,%;4\rh+\0yi}&)/ejX]=3Sq!?*u&@%(-Dm<c*}tLۇ)=!\0YM6TUqy#Ӻ\\qtc=r+\"ֲm۽Mr:o{#\n5%̐hscfʣ2+8\\WMpAءW+XC/W!iA+\0ݲPGMb=|3^2\'V[k0ܾnE\\Nv֟c}\'X}q&ԎgFSIM7**\rE5{hcI(rq]d\\ExJjK\"g\n2k70m[8DTUkN4[P7<\n˴)ybGv\0t{Ս;úZ\nh>b=]\Z\Z=j4UGW.<?\rՊnGSH4tj95$f+,i6LFl<%a]ĝNvE>\"(^.AU+fڷ\r^XsZ#9[oQ,ǵ%o}5cSL\\HYcs!^Ľ@pnW$YVr;0\\#\0=N\r|]^9Wcg󯮵yo[\ZBzlW>>4_ZM*4HO]NA@)$i,/Z&{Q-\r#oIEr\n85N!fMu\\%3Es9YܗE\0	@:I	RqY:>-aq]f-2]YYcdf䚚=;\\3\0lM8k˱rǜW_nk7?Ar6vzhʏQ\\~h%,mQx-&1^սCnQ##^-It&\'z3DAW퉗&GcTmO?k6ldoYRIWE\\l 9xyYWE-~]*l47PEf/8Fs\\牵c-11&{KgڨZ*hd+jż\0ֱeV\n*c+H;<рq\rnE0qWXYͦH7dʎ&\Z,3T^DTN7`W!F~I]*rzkXZ*閾Jmǯ5vD%;֌p3I6qaI,yɒ?\Z2IŤh%FSjX#r(u)\0$v3fSqXuXalmݎ]2r窟YXkwk|zdP7VU*xc6~սZGi##XH@%\ny\ryqRըPqZDTX-ST8`Ҫ!Iʯ<ca /oJض$<m8\'ެ[ZAll#%A\'7cAzFW7n{P\"Eg$H\r?*y.x9jq!)\'Wlz9\'֦k#QQQΌ\Z5ù~5Ԁ#\r!b+dv8ٓ|lMz|⴦`){}}jYmm}I\rh*nBugdN03(ڰ0cX}jg/:\r*v.ua*lUʰ3\nֵ	[c9V J@+6uW\'rqR+}WĻ0jKQ{$քKp\0Nx]گBآܟ5~\\U8\'?1E*XJ 6T=sX:\\ tFɔ.\0Ymd4\"iOsi+Eqg;\rOi[3o\0r5--/IpAR)31Ω--WU?CB]O g\0ꫂV߭z\'S[\\έ\ne\\qYO4GF\r&PT-<Tw \'>(K`aڭlSvcNO2+haQq5q|dԚϙ0p{֨puF&uXRCzV}s\"z	y6%veI3&ޢԀ~rsO(G{k<ɭ[(Z,=\0:IAR{֫q4T88cme$uV#N+no\"#:9r7ZܚUL2du,QK;h0f? 8mIhaQ>-/$6.vEƓk]\r-JH$䯵h؋g,ǯRb;Mǖxcɼq,Ke,*l\\p77]&i,3ZFW	Bڌ=nj4AcҺIIh|!\nH	>ˈ$obBg;Ei<2A372Hz[\'414x&eٌ\'V\0bʣx5m8JP(pa]K#6\0V7Ad\0n+FM\nsEW{4[qm[Q>wi6J\"T,0p*ְET:.UE^6{pRF7cMKgHt.9k3:/D_g\\S]qsճڞE4<QsR>0\'\n}fuG~*+daw\'^Q|HcDIm%N[Cf`~i&-˂.ִFvIB{Em5=t)%Tc-ɹWR֭\02IQs&Z2xN7o4G̛}*-`0n<[a8VmVݣ,$GlMhgk	1 V9E|W]v_a^6wA=1MȅN$	$t=>yu1$H{Λ uyEufIǵflji`\0GҲ<ET\rt:{\rV$﹇J-h{oIe܊质-bOI!Nwzmu+=+jgz^.\\5\Zx\0ÒsmyƑ~ps<biW^cx0`ijٚD|~bl #}\"{?QnhԜס[7q4Tj[cyM93{柩NQXqyg{Oҡjpmn,I-,a;\0BzM+uUm헙?vfE{	e+1#NI+7瞴j1\n<!-W1E8Հ&A9֬3-o#5+1[&P,IʏJ]3vsX!\'ڃj4-nusyasҫX,\r\'zh-o,CC\'U[Xsic6\Z 23VY޵JZFdrX`5Ksxj͇@\\UKYI	HGLy>A銧quyebŚ\Z-\'vs2aOhݜ<s,H.TáQac+bg1=rZ2\n_2 \Z3aZi[T]]IXz\"VMLe*̻G@*}5|ǦҨL:\00W\'))Ug)~kt;>XH7Nuc1F.A䏭XSD\0tj95PX;#a9h宣(HNcΠ *3TxD\"Mr^lp1mՋ]Ʊ\0Y$#8R~a 8EV9+M]1>@V!cmG\\V^P!hH.C3獊CCL-%U*Sn6T2i\"Ā}kZشhrzRG=UmRMom;`EY\n\0oj2@OJ)dKwgnmny؉L7=^:8*Caw=랧kc\\+=zkiʭ/\0z~|KHP%܂MߺҳzoQr&v`etyr\r[X[eɬ&EZh*6mBF#{YJtqN`.G[3#Sc<Yi>2gKP:VElXdmi\r\'9A5i!HwZi#֭C/m#;oQ<0 cuݱㅰ\niV[#0Cz[S*wX^Ijm^($pA$/Zde_D_*x]u@_.:\"?1[SzTZz`s9Xʰ~p=k7\"Ȉ`!Wfٴ}]@Tf=xúa`osVt#oV*^Gñ<!2\';[UQ8\0\\իi!fLenYX٘#j|1IvIa1$]G+ܰVYYTx=E\\D}y`dX-횄[\0X)9Ǡ[`O{ۨpT\0Raowq\Z.f\\Za0nzUp~CҫV 8bOZ6o1dϥNEU\n]xzfdy\\J\'[!<2;ŜyE2UMTl\0|Urp#ҠY<H*[9=7{-7ʆR\0.{zsڵm\r,qY].:wnz5;?2TU@X\n95f8FKu\'4Ѳ(.dS1\0x[NYx5tZͼv0j[h2ZgtF8AaMɭhK9U	UV\Z1RCyfꀍ6Ius~vث\"O]޵3;XW@Ws*y֭҉ONU3m\nɸі<vcSZ=+C 8],d!qUBicg_-\\XMn^HbV0r}KxbOm7٦\"qWV9`\0Ɯ-C}XsAÚH+BxDQj[C#ݢO/j~<vN#b|Yo%=6EomYjfZ[;1<5%֕ޯ].xHʹYrjepDr\">LMR>Qֵ\"XBUM= B#O5ܜUWDɎC`^цr8;әID,\r͓d\Z=w\0>SPDP|ڷ.\'3HD\nGUu}5Z,@(?Re-LX<I%g!#kI5GV<Y\Zos0>W8~M	SqVIJ\n][g*).LMG;edBf$d7_<7\\v@MNT8ޤW/f#P/HTLTqk9BouK΀|	Ֆ<=IE-{ެC/s\"]G,\\<@݁TWwrˇE!q\"bB9o\0K<n_֤1\\\\I q}ɐ8+]hE1g/zDR\rXy\\\\,8lt]#yWCҲZQJPL2s\\էhc(f7@#Ui;V)ynv)]ީ],$\0*iȮR\\ogp\\~Շea9\'DȮ$;jKz/qYe6x>¨ϯ\'ټ9TPw;T_ԊcEq~T5Æ+`w;Eous+;\Z7\05\n`cMz?Ơ\0zA;c;ߏO&\n61U|D ,N6Yfi]}e%dZ2W-jc\'#&>k1!vXp5+q4c33sXfQF95*}tmj2Eʾ>QJn.B|\rֺinY.:\ZfyK2d0EY)l\nݴ,&Yz\ZR=>\'`	Uj:m\0uF #]=\rq,èe23~o1R1\\m\"HY\\`<n*\0}+[s|Bl5_DPeL{\n£}6(\\͍=q9\nN@Vb<g\0cҮIo7θ,x$>W\r2O} `e<yk#BT3uu@5i4mH?´D3q$jv#hBl{Ʒט}N\\I/{uh!\rr\\v48C(#Ң UV님ᅥv!G3u*[yt6X{(mqX-I1XQ{k/~Y@v.{VUSՍ:K~R{[<_<,hw~d(0OjIX0yǎEiPdDڹVEgYNqU;Y;z#8Gֈ͚܍9]>lvgUM6cwD5w,T\0a\\ޡI߽,{`=je-+R{r1HN޲kK}ϑִ#F[`8\\[rߙ$vN\0Xw:85GDN]DV}Ψ2Z.⹝[Whj>10FUsZ]x9\"v\\JɵMZ1^i[qLjHK{X-5DP\0\0b¸H!i$ddՕ\'ҰooRRNjPׁBS@?ZnD(\Z<{2#ǥW<@n1.TVeYJR4;c-P7 It>Qfrҵ\r\0Y\r,T]$PFo({TqEjiʾ5jcSDzZ9@*;ֺK]\\ncSHg1Z2C+M0\0U.maEBq%kly!k]Gi6m9dºd!p]XqY\rH؎ka\0}A}bu,oEp\'XΑ@3)&-{jhHqa@?j1d0-`ywr>5Q;|#r2ʭu7Ed|{\n\0iEp q	CmVmB/-(_zݘƒ|clawjH.i}JC0	Or=).B/GBZΑ7,`cަ*	$:&O5b-vmX^;y|-ދp#Yr\Z/uVw-qd;mErAbzȫnv2Ա[YA\n>\\փ3\"K|Rqެy\0Dv#jLS6C*NjfHyVNO%c_&[/n!xOu=imXa?p\ZM?DTIhjE0Ba7}m+Z	gj0\rbVU]fVUH72Բ#UWEۤ,Liջqu@\n7d$Bdiʀn2F٫\'۵w@b[;lS=Oқ0my̑NނZ.2j1z@W9;G6/дx-ZQH${¶kz\0qÉ^?-=;Y|h|<3\0iW$dWgO3U}?p<=O 5HB(<Wy`XTߒ\"Y#*7QF\rԞ1VfuV݆j)<pd\nȸ;-fKu$sN8>yvnI/Q˂*g2\'ÇT+xS|z7hSc@2~OD\\q@&BbG^)nXPd|Զ\rGU\r+6lց\"~ujO^|Z7ʓb؜rIǥĖ06xJDggk\'H|Zj<F,ڪM[|}O\r\'xs]G-MحDVLch*pZCm!vycآ-({zi\'yomۈ*?/~j\\ÔD\ro\\=y0i_`+M6l,2̤e%JH.H$\'kFi>D=xJ{yg&V/\ri> !	c{ҭK.=KC}S^\'uI#)p@P\ry39mqNx.فP3ZZZ\ZiGHAUuBaUh\nXrҴXLlR ɷU7n>$d8M[zVsjsY5nxQIkNI߀F8vݖK{tI\"2< ka<ҥGRSiIe\'\'?ҭcŪF0sMMkv#J@$T2F@R3QȊIQ>(4Xf^[鸗RuR]=znBΑosu$X7 \ry>*j\Z[X\raO\Z^.d[[+pfWvt:B_Pr+}\"ugC`w7c\rW)wx!qj޽+eS*\0{xysu4K:>D(ϜZ=1ɷ( *xWfvŰ\"{^}4Fh`dɌTgֹ\rkNyX4 q78=A5 r-U.JldEI#[zH~mIo:v,	5ehK[P@H˝ܷ\ZtqJ\0Ѻ^mLe%t~gERc26.g#5~w%sv~WP1+S\nӺ;_{xC*qsQd|LH)`y,ppWRzd/QCT\0g0M!_`SZj¯C1TX؆bl8R>~0i3%\\Zu7\'ֺ(~ƫ)ExaCCiif+k;\\˟,S9?RnvT\0Zl+:RFNM\0BD~f摃Jt6QC\"ϟΛIdhwIC&\0#g1\rK1bxRvޤyKH\r:Ȗ\'Hd1\\K11%N3zx@i1فZ}h\Z\"*F<Nggu\\p~֢>ӨC#t6؉o1OmFj7:wwWPKRڶ6j\"M]QY:ڳߑGzUZfGbe?f$^PURi\rҢnOjz]0˸kYj*|I7G=Dь۝6EC\"q6r9ZY\ZDS*On~hTR[0{H#@*ⶻ{9b)}GM4o߻fmKv\0Hhެ|Dc.rWn9NTh4[$uG=s]<LLye9Uˬs_bi7	Bstv6~\ZE{$j]9/..2j6miڕ\ni$\"oīN +eU?))ʤe̅sCKpH%a\"ne,95l*[ܡǏ>c,9ڼ-Tڪ6dKC6){-xU]uK[zs-v2{,\rWʫ!G_5j͓Yp^7|vu<aՅO\rXᐜ)Q1?ғ]w#>A\"Cl`T41*w`$bU3nD k]>ջgz6\rAz?vѪj ujK\0UB2jє*D-#u*mj\\y2H~mcҕ!}kDȶnZ6IW[$\Zr\\Rݧ!rjd*M6]>,\'X-4K_ZжVc\\Mz/sԍdpv\Z׌ZMm8+8Yc8d5ߑ^w:e{I#֯Z+$\0ʹ;{=ʸd7Ew@5Svtw_*L쬼))\\Q4dҮ\0E#a$\" {,~bSB6I	\nB}޶\"Ԭm}(\'dF_\Z´ӮaKm#7|)]`tXczM^ܹP\0\0snxj\Z汖-ך4#7&=~+U+P?*\'Y4x\Z@ilE1=m\Zm<\Z6-gs\'ڢ)4%!D_2Kcqx6FHSԛuU#G#8x9+N-PHv@asވ{tIrfm.dι0	ܦme4Bo\'#*CgA_.]	SP2,gLOK^tq\Zbý\\u3j{s\"ZZUIws|͟rX[\'v5?bklJy*צ\rcJה..0vc۽{M/WҼlL3j	vᗅ?g&F>QkOج\Z@\0`8͒V КCJ/w!W=\\rl<oV5V5G/#`b\ri-\r/?/SN,\'VnQApܣE{DV6(\'GZ>X^HfzF\05Yz\'k|ʠ$?\ntZv#jof7d^xS[l\0:\ZFޯ\np\ns^+d\Z.+eꬺ~T>)he$m9jW1\"X_DAvyN2ܗO.;\Z gXc2BCC;.O+\n6emm4hc\Z^WMk/tOp}֡\rMFv\'-I˟2_6L.Xah\n<\nI)qukq$f~U\rƼM~,T_]es^(\0WDj&Id<m沴+.t?0=Rܠ?p6,uya/DCVx-̝ gAuHV1ik.&BՒfr)ݎjWiLn!Vm䎷o/z{oQBIwqҤz\r %\nq<S$]b-br<ک7ٕlj59kD\\uW$[*94Ucj͕<Q\ZE٧K~/\rJY}jZrZ[\0vԔI|z#Qj}E Vw@ţIPU&OC1#d\nLHq)W?Ԋ{H2sVV8/)ި/cfՍ)ogfaIn7\\m_ZL@TrGֶ#Y?Jlݔ؞vFޖݴ~bDRt$&ǨK̪r\n6zkR΋cˎy}MN5|{j613Fnbo=Ehݼ\"k\0{<WTSkSV=¤0n\\ַMM2+ҧPSb305h{\rj@ܰ\nΤ44\"\rvnaZY5!1E \\`D>C9Fҳl9ռӖ05:uVYZ5\0ٕy1sڬZlnr7jP_9ʌns}%7[m1Zt\'ǜH*HxYi\rXˮf3[E3L]6Eh!r_n%.yRI38Qc:Z?<deSYZf09\\>#X5ܰ՗ sPIwp.!Z@ڀ\06@Hf^1&miLME$g01I*f\0jsfw +4SЩ!tvw,X`՛nL\Z*deV3j[LE$J9KKU-O\0qV-ԥ\"-BZ4}WC)^hMI2cq[V5c:sRDZ>Y-tSSu2{kIM|/gÖ\rx#>f=k&x`*w~ޣ$ǘRYhrJr-]GFDљWWeLk-q{X\rNk_1̻\ncTN[BҼϞ³Iŕ)sfTU-Gj!mo $(VZL1E{-Ⳓ~xHl1\'tR.a8ڬz$5f2~\\r\r6.[2Zd`eeoBi]\"$3S֥qy2\'o_z5h\ZY9WHW!f׶Xc|*NL8zrIS#Yk$ZmK~ě$z@^SfG9䳓]Q:@j~9\Z]N7\0\0KW/{riކF3Z?_D9>\"jlC{T<\ruK^\\pl}7j)b9z?<\njloTb{W},h2_>qʨ^ۛxUw1Lqgj\"aW~\Ze$xAV+Gl]WtҵKHlmjddFs\\NJQ3]\ZkKwJv\0ڨES=4VYǥJ4dR˿>YHl$c]Hzp;ֺus8d׭\\}brûBc4V:Gբq~suTҷV 1űBd=E[|4K($~qz2 ړM;p:T6gbkUąE,p;g4=xzŽv<*}kHEΤQ|3\r[O*Wi?˶YZɛ,r~kNm2HĒm5Р)3qRGVjIZ\"N梃|rH>\'3,d8 zQa\"U!2Imib_%7/x47NC3֧쥳hṔ*^ij22MQ$w8ے*%x#;բ,񨌢n-q\ZΕd,0[u\'e\\Y~!ĺl,Wce8Yo5l޷-̒Y(:\\rIbEԠv>Qweq\Z#ԊƊ&[Բ%8)BVx$i%7J4ZFr\n$na=RE+I;\\&~+\Z\0M,MneB~_Nkp\\<Ļb._9mYȿCwz/P#/jqirՋ;WXiΏ-ٴ1S\rvZ[xĐ\0Kfth~R-5WS4\rUv@=G֮mD&{Vut~tgYko9b}VvXwS+mh[3Oz\0z<w$hGN49tnڕ;\r8ز6әەfv!2:^Gsx!\\[dr`\'I2YjQm[\0,-t\n	a#;>	zU%)wO&E4W~h\\v#9Wugf)ϕ\'\reԶyܬm#XC4wH9jLu|.o9mbz$V(Y\Zxݺy@\0\nk%;1wjViͻ͏%u\\bqEEŽֵwEۈm?haL &\0@]dg\0U^x2,kحzP\r\nW#*nk\r#hёnLaQ2)lz\0kFȅF!VnMRYfs15q1ghb\"#PHc.,yJ-̷.`\09wAb1Y$Hw- <\0+D!H!݀nґ}iXGTD\n9V[G`N+2%-*H0N*4A\rκkR^`upF[=0=bX|e_ހ`O*[%ž˛vXVf{\"ܤ~\\	V(z\'Ě(\'\0ҺVǢN\ZCɩ.\ruCcOSuluۂ\r`-f-u̰nyp?q^/G>B~_2Q[6Cv\"F8.q`M@(ј\"$Ar#	F~MdqڝmLW]SΣ9[)볩럺<!7jKPy5ԩ96Y7j\'DL5vH_02n̪v!MRTlՐiS)(\\\Z_cfim.c<\"x\Z>6p8\\rk7s\"nDU,:mhѩI^{X--sKhXbt@z}\rxfgw%%Hk)n%ڸ\Zxa5K/\0ƹ|\\Vs:hkC7xc89%;HCַ쏵\0V9iVιOB3`.jy~C\nmV55J.69k\"w9E⦺B~W5-Ѹ)\\Y11o⮭>!qKDnRglz}\n{&duE^֒d$\\{$85LŘ*֤.,\\F=遳ֻhkϙbu,WN\n1R;T\ruWx\\p-uznȮEt###׵xoJe`x5<ϧ{^_O\0Iact5Ρ$0NLrF̮!ƽ\r=RXfR0?)LeÌ5;6~\nҵMwMNv!7ve1H2uϸhjPFxuopؼSṅsWH0:hjz$6.d8RG;mmެhn}/dr[\'*7_PDmk\\uֺ8@_NpJ\\{Z\0f+f8\rk+6W0衂<2Wl@HՓi~%4\rU\0,ަ-uKt\\7erZĖWZ[Yo\rj;kcTgN?ȭ)`J!rZϾӤn\"2Pԇ-M\Z?Qifƻ9qԻg[]\ri­\Z/:*P°Q%/o=,k\0ZH3FZ-&9KBkI#\nOz\Z+C^Qi-+cIɬYYl&8jwii2*Q-/VsObY Qʱ$\\#U,`̓\"5%}j4`U]7-LݹJWSZA\0]~zoENJʖHf-#@R3pҵ\',@ٮ5u9Ud[Iu6lL_h]G2lWwVlҿyJIkOJ4uXnncQċf.cOo%T(R9OUFCgv12㏛w?ҹ\0kq\\LPd	ڲ4gTүDsH$4	EDn\rc[YWʶrMm6kr8;l-O9?1x\0yݻ;>N}OQ^C@\\d\0c^͓Xܸl:=*E$;^.3e{Ys)DQ2*Fqw/҅a\'UtWN+.t\nMJZ^f?dITѲH+5}8̟t&j03!ܮLqOن܎iQLrgzӷFRFm,zU[&9Ym\"0TZ5P8\nȥ5t]7\r#,ܹ-tPnbpP5nP0QFꟉ$CO\"|ֲ$ݑs>v$x\n1\\4mPVyUNIڽ:TZZU*&7/j7^wLq|}k[sUf+E#LOzf_5\"ũcQq-M2QJNӌ|bo$eھl};8!OTY&&i\r!5tjl-0+ݶA99	SX޳^cYk~Y8cl=.tjtoz|7㫽\Z!m!-Tdejɖ{]YNLcĘ<%9V3i2y>>X̑P-3ݏ%(k1ð<uDr{coi]Ʋ*A\0_5vk|e$vRiI|=sUZA>Q\\x!%z.tVv:yѤڹV5ԝXAcZcq*dn[4u7)\nN+!aij8C;sFl$I\\r<n[wz7PQ	[8VV6k6!FjdbsiM9Z~njZ\rN\rB(\'ZW㔫djJs@.cpйoV_/,v\Zʉ^	lLr*$0Q(\\+WFV\\ǊvZh}>]y> h$wem>.1ksiV|L@ֹjE-[u-0㬏sOJYXa	֓l6c6\n}GqXZG,0nt+x:4[5W$hѿ\nN~olWinЪLκ]^SkPvֈ.w}+xTG<t7wZ\r!ZҶs[HAְ8^sQ3j\Z4z{,+kfuB#H{	&76@\0V稧Gʖ䩎\'\']ߊΣe3=Hz6)j1|Kswhn,w!yiXQW/R85igfM/˸\rI6-P1bֆK\"X[Z4r\"aQS-qWM)ʎ\n2LMBc,Bæ)-t߲۴^FQl\"mB	bV׉7C\0<VJOCZ,f\0s^,,	?,X=\"W~|aW,v.`!bROC44DgcQ94uñ95fo.n,ɷObV	iOS:6%JnxVi,Ț8Sn~\\a]$D`C˱\\wpz\rfIa\"P&ngÖ~5,r) >Utvvyê(^خ	V;ieB+\\٩ec_+*pֹS~G{#Wfǈ24[m\'m\0p9ӂh䪭6`8t2|~pןg±T_Mw0/Ǘu\ZwĪLΧT6	qv(k5[˸@yjMH=C\r\0Sv[\\f(v\rlU␟.&E285b;[h888\r*졟cM?#b&\09>;2I$h~xjYTg\n?isC.v%SlJ5.ys7kM͎-A=p+ϵ)VW2-lXL@^z)\':}*&bG45bMH#%ZRj͊>*Ɋ@:IX,e*X<\0՗pvܵFN)pTif#X\'D9L\'ԘCXR}kMեJc2hӝ{A#dv2Ddʩ\\F6(8xYY[k\"jXmO;[ڹK*}߭xDyK\n̍ϣ$Jn]:SW;OYxGkcS{{?^i䶺x\'\"S^譧ƚ3jFV<[%C,AQU@rmC\"<2bXdpޫA\\\'ood4OΓNYN>y.\Z8dOOt-3ki$I.?J\\RxURBM2TEF˩ܙWPU	A=\'HTR97\"IՈ?95#-ܞbZҢTy88PWI\rV\"<\ZcCPS,TR\rHhZ/5IHҒ\'tz\n`LXֶm43+Llpka<s[~ѵDloέ;ⴴ[=ޚ/,cF	Z~ϩi.Gq\r^-D=1eG_]Z!`FˑX6%+^y3#rZm^N p}=[3QBY6?ѥK+]7hFCYv[.=MZa4	3V4*6\\DpUz\nHO!hU15.b!FԄÀV9nmt\\sT-M²(pٷ.=jdEc#`Dk$lY\'URVOS@>$V>\\-i2xq=/A]\rjnU#A=iA=`8$k	8gulR21o;n~$Vi\rŹگjae\'85ʋ:mxrl*{Zwĉ$ϖcWmnڭ:#!ȯNybywjҪѷJh\\XfCPfy\\{coLUʨ=Aɩ4Ζ`G5xJ4yaa#Nm%pmfIfoe]Ȼ-nGhvb(0 Z+zQFU%&gz1g\0!WS`+ɩh#\'\0WKȤz.0==H[g`N0=R&2bJ4]5%$n8)(V	q	>5ć/\"z:ew88,v1r\0V<Z5-:#x隢Yj@$vCvr#H\'z\n*<>+}7`iب񆨷ڢR(		95jOfo3VlR;XW͘z0,ROھV%^jT\\jKjEG#c4;jC#UdjFsUl2jaI\0!755|)&jx}cSSsMQiR1esdɔ<榀|/\ri3YWxTȣN\0S}+}SbOk\n `onC,u{TX 9Vè\ZhÕdpi\\(/FiX9)rEA<Oe\\V	#rIur\"{ސo&;&$OLsW!*=ZP5\\0Ү=(i4<0}(ɴWUfmmњY\\g{pʐ}kԊs;{\ZheR,:)Úd*hiipi$xĐjڰ<T&ȠKfih۪Th\r/G\'4d!Z5L|;cRw)$.c:]6Q=Z&YZU}?y3[G1y.գ\'>8ZW7NҚUu``3\'ULVt\\d5QylqO,O1+EmMzfdduUXݕ&Ig9WWWO>:A@e1rኀpZ13:GZXhib߼@Ck+X?iIG[ڶ5X>ab{ґ,dA,GOd֦.=jޓocb r[T(9>k_vB~T^ԮApɖ9vp?L||V	ت>ݓ4deqolMۮ8Ee-v./;N,۟zMJ6%{\\5wnv孬)]*U4	l ,2p̹oLZ[ĚdJb<o<e+P.nKVȇvjKHB:Ccbsԭ.KtUY`x#1EWLV/:ơE.\ZǮA{oZ+E/s/t1\0Dlk>2_qg?ʼܞ0ˏ^+ة~\"{\Z<`\Z}d8*ok+,AWoT/G4{P \ZE681T*0bsYfz)\Z?cܺ;AcTfW%ӎ	.*śll\0tbE_(*TQr{7TYN$`LEdJ:O#ۏLGV79ǕRycT.2jۜ*ɕ\'5]NMW]^k5˞zVCu4ǓVʴȗbC5hK\Z֫3zԎ]ۭHJRF榕jYC3HK^~.*(i\"CJpΘ	?\Z$}yZ0SYqұ5v\nsW@Ȭ9SXx}jYGCdmZ0[Okqȭo&R2+bd,F_SHWea4ѳ\"P%<|#	r0.ʙߎ*hZ3\n3\r)E]F^_3yAWpQrCtǔ\'qJ+Mv5kyBG@*cy5p~nim)\0N\0$ԛ؀Ux_jd\07,WXV9sP;+&GVP\'r.qbSKZ4\nF*)ԻU;ͮp2yFvՕ9Z`TeM\'qU i(jC\Zb<TX;tִ@־sϬ\"ţdN0ҾcL({-E.H~ehTTWEŞesuqv\\9.8M(8s=^	i]#)\Zvdq9Գj¬!bwj)$_`[v\nT.Gz2][*94)&>VlI67ꋧjs{W+-~6n[DC<Q=22FjȐ|9rX E?ޣc((\ZLd>F\'<3y41qK\\\"A棵\r!xPĂc)\0%WicG֫MiK\\Ky\rXΚ;Aab]k3IiLQ\"Jkf_HهںϘK͖99ǽsJWzDrcU#|95#L\"0Egޮn|Ք\0ys\"^i\rM!$jJ,5s.K}5:F-fR߼p7/5@DVۉ(x]G#DѰ~g>Q䚱|cPq6\0Z)í@0`2]cr\0!W\'K^\'RJ]*kpMsa~عxQM1MeOrĝ8B\\cbB.¨T뚸tT2Zr.CN+\\\0U#;Sۉl5yFf,9gfM	@i=	kaN`dd6ki\\S0|xP %G\0!r*8^2`=/x\'2>:UyTԒ\Z+{\\Z,Yw+MIk!4&QLM]#VVSR<Բ\Zifڤ5v| *k}4*.j54W˅Dh;6BG95NM \\ |>3MTJ0%+QWl){\\O?3ޓ(Hڿ`fSU;XM{OD?0Y22]HUSZMYX\"ntg)\Z,,Oڭ\\D~\'΃)#t\"&a\\E!̛xSl,_U\"9k4M\0Jθځ19X=j\0AhF`jɠ9*&IUxC$1O#$%>e`t@5}e0\0JRBR\ZV\Z4q4ԩ=j:LҀ$۴SDj%mpyRa5xr*h\n(Ɵj`*vHhmZx9K؉J3q\\q!F:w0G\"[\rr>c\Z+DÆ\'5S?2	SxGQw4FCۢ8u;0_\0AkՋ9.*YٵW+T7WM+S5m^o0xe#\\;,}ݣZٻhMJ%5KwrDBxi2.\0hK}8ZRF-_I&vUQԓY̳%^7`*/$\n,F_#TJH]/~?ZunoZ\rBo!> &7ʧZʵ#7v7<>cj˨6LzԓK7*Mze\Z7#5Ʊ\0	)a+XH27	a뚥bybHĠ\nzsPi<z\n#,QO*-FȭHy:\Z q`r}AV?rJPNajڨ.!]$Zυ2WVlqۙh~a&ɐKlN>N;-/mC@\0.e^w.`\n?+_h\"@HLq\'5֥c U=E\\pLacYHbi̶KjrigV3HAO?2疠OR.L=Zw\0#Xdn5H$YUC$:q֟1Uis˳\\2mXÙ5zySx\'1+)-@^µgÊŹL>j\'s]Ei9RBXbMɑRQh{TT܃\\cVIjy\ZQr˖QjNcP:1Qp	5P-ҮP$a$y҅.4.)S҅S6(McL=[}Y2dǭD)>#j姘v JF@aGji\nY3f8bqW%E{x>F^I*^Tq\\q3҂G\\k2Ѿwa|*pZEOݼX?)8`L\'\n\0Yq\'6y5V$Ղ}\Zv\rV̚=\0ߦ(-Vf=sOP[,yi#4a\0v9w+ڰ݉\n\\6QZHa!L)\n2q$@\0ƀo{j֌H	F\'|T@I	i4iBg4Q@3*e>;V#Q\"\\\n&&W`Qn\Za:jt5;\ZM!u85aUS uۇޓq<95q\\Eʶ1!~-m#$!#$՞iuNBҼs+Bzv}f%ISPfQA6tjOy$$,g\nAsY?K`hMi>\"*H\0\\J^B8!ps]i|H,^v5K;y-@+($cޮÍR[fyM[zVyqhF8\\VZ%?h?|G5͖F#l\0iVV:,=G\ZFV<xL+֩[EbHc,íޢJU85s_ŤJbZ|Yaxn.Px.h\'s^K,,vi*>FWŸ{[Nd(X}ݔR8+Aonq,\0RoF*%Ue_6@N[*{׍WV+Db曨K=O2SAaڀI 0:swCzu>Gg\\֮T3~5\"j=Ҧ=]\'f/\r2EZQ\0ƪ2I	#h[*cg]ZMn~Q^K_hXr_U\Zaq2b[u6YSjUe9psҭϞJڪB$7Zƪ˅yJy!eTԴa­hJ6FErVFso4vڿ5j`4@\'oim	%Ǖo*&Y7}汦`a쑊%4%²09VèvLu楻ȷ8\\ȼsQxi?}b\0u\"%og8wNtg<.OUb[zϼA4Z\r)}5ҿlVڤ&U*V5FSDN٧D%V54)>d*2a(y^)hH\npQ@I	њAҗdgtZqĻ8C:)ڌub{7ms\rHC6p*\0aQ9SԐ(9$/VOcԌ\neF\neJ\0+FU-MV71C*%>WaHw+,hվaT\\3\Z41C<Ik\0RHbaD88rM7O\0S n˞%fQ\\^K\ZFܓO1f[yjxWn\"eLu{֣~:pop;A\'305HeVb4֦Oni9)E.\r\nsUI)2IҘ1(<TIҤ!LfMV9kU@q7iQjJ/#dT-;x\"\ZR	n}M^icu-L.۹W|5~7-e12]{4V:nԚ9T1=KyU$z¡\"/2ջiF?© ze(Ka檰ʞҒHK1>K{E/<ʪ;GRBC\nhdB6WXFndK\\ǏĲG4d)}kHZIGO͓Q6Ta+<7{ϕ;]n[JT$GAqn!P>16Z|y\0^GTDNI%bFUg2?,qMY\',*$h?9wǭJ7ۙn%X0\npk2KyNѬY<xv;AߓU̄du=:fUfEGh:\'eai+nڶ(C*C[#΃IRU>xM+`qam*DD.y\"gdUZP ⧐aRVR)W՞#mAh#g5x|ү\"/YS\'q׭|oF~K^;F~gkb(EiҒI5OSZ}Gb0eYsd6l)	><8\nB(εպ\")2g+6.	S̞O2=\riI9ؒgp\0kcáͼd\\|/=kOKTLVԿtMARxzo@Z!uF94korV `vt9nxaXiު>ɤir*JJRnV-Pz!*MQչکHi2@wިrh8d:dK#(Ҋ:JLJZe-0qY7*Ae9:mdzQy逫^U䟚a?b%O8j+O97yّ{i0()4x\\<l\'RGHw>&|.<`W.\';UÎrk:˚d$T+K2uJ8X`BN:sW-Ͳ\\(bpҪ!m.Bl$}Z8\\V4q8\n2	k*!\\?x4byv;Rp;OQDͺmú/ x\Z\"X1~[}TwY	0j:AEP \nnyP7.<j	&*\\R8L)Rjc\0z\ZM]c5E?\Z28$oTR@2E =GᖧszL&E<嗭z:_rMo#ʨkCQ\\6}x!$pۑ	՟-KkffcٰQаD1\'1Kж3՝?\"/3ֳӳ)VzgrЩ\nglM`xjBP16s5nPRl8=MjɹYd*\0!\0t&lT^ap@ís\ZYS$N<}݃ٵsR˨N_J1{V&ɡ,\0\'\0(*b[$;Ki;(V8 tSI«nZ$Y1b1sZ1!\rH dy}֬p\'q\\iV>\"\rx=vl\\tZ2+a\"b7ӄglt+ur84{\"KWPIY[u^c P g8{	ZsWY%a}e[ڮ\rOS9?ͶA\'_JR	<}+~4]\0*IOJ¢՚A\rIL]U!{V)jo$3bA5?RZY	9(a*<~h:{ԶWv7;֭naҹ+n5*o\\f=P@b4f$U&^ZsT*p|óZ\r9\"kH~Dhn&d֔orjlSrZ`<ԁu$xP0#_|PaM\Zթ\rChwTjjYHjX\"R9\"V\rf:U\\v{\Z%EEPsM-QNixץ-1\\3LlӮ~&GCBWX#T4t9WA%s֠jE>j20,VV-鹥\nb?ga&yb@4b22a>RIfK\n38;y1LHRd^$B(Β[Q2)3C^Cŋt.pH0l?{K׏#U^Z6UPqV\Z3HRLF.üin2}*l!3JqcWI](\\F.$M@}*kfIj[tyTSb\0xb?qLO.?sSTn|Gj:-bpԀ\nj@h$s)ҿQa&\nC6?)ϥe$ց\"BEQUn>JgS&Vr^+h%S1?_=̍Â=k{gQMn3qҹ-M`n<kjyR܊ouqN2#(Qҳ[A?٧AԯE>Nk{t|*pkNq<TT\"i D>`@w0IuGAqf8AyŨ6faOiЇ<u~g面}ng\0rkZ(|pϩRؑW|g;~W--eKEHjYrJGJ[/%GOm>d;WֳVh	XH&sh!b>%7-po|(wҵS\'BڽL<յe.n쓞s$3$S*\rW팄I.j\n,y,VK!3\nbǚyjۙ$j*ZlùVڥȥuf@|ܒNH\'5VmZ5TcXI	0_2G!.ktZ֦GU?Uo!5Sqx-墭;7dpzWx\0U|.xF+~77& +?x$\n\\0[\"_+BXy:ׂb1I+n31A=kcKôeáA=--jj:Y&dXp-I<Vƥ4ۋB}*r:CT\r4*k7gY*\\zW1q1nkgRTpqanP*xP	ڮ1՘ɭDjr2qrMf袴G)TfJabkc2my)Oz֬|(3p)TT\rNbPfHe8CP9-jd1P$\Z}M\n\n	hb+ܶӴufw#\ZoEەB<`f𑝸<ի$x<`ސ\nCyNW\0WF0Z>M4[(3.IaK?&jo91MwQ=%0m椝KNd?wV!Eh(;}!l23E1ٴlNWjyF8Q[w`s@߅\\@.QxeGJ$lLq}`qTt8ĥI;G RCYhᱎ=vlsK3.EC	#Ҫ 5PG4*i)3`,D&!ozw/֫(Rb\0\ZZ)TYcTԽP\0!}+29洧acY(1O8۩0jx7n6${v#nkܾkPN@,Vx\ZΦsf\n8Vۜ=Z5$B2JV\r9\rTu!|bAᚺ:\"Q#@d8݁kb3X`iҝ?MUPNROy\Z\'5)=M{20?ݬBp76}yhKc5qraKϑj	ii\Z=\\a_Imm.#ֹ+i\"}\rkՑW9<\Z2C.&Ʈ]z5D]iv\0tKʖ҆`\'ieueg\'WIS-ƌri*dC8e-N#B7_iZEnmhDD|1\"#+{S\"z$fHrњeȑFm\0ٽYa޴g$B#HՕt{\Z#S֗ oms5#YF]b@\\*W`A5cԝ>pcl6\0Z*/.6Z+xe-GLZ1<9_Z/F|8.VF6{y>&MSKe\0US3:jNWn\0l\"\\oD.nm¹4kV1:ɩ&Uw\\az?Z#	J=+4YIKnB3Sqs?,lc̟A4D50(HV2I\"=Mw#iV,hKX奊fcԓ\0רƖzK\0ULukjH1J.4o\0Z`o7\0Ur9T⩼du\0mӿߟ\0eHno1dg-Yi*\0ϴ\0eK+}\0*|V3$nl_\0T9k/9X?֧j9J\0~ӥ\0ϼ\0eOoַLIk/a:1i/$4pj\rV4_?U8>-e\0\0MI!-)RΘa\0TkG\0쪽\'bO>dMf~)ӏX&\0sd9I7xM\0T}M\0~9XiƓo\0~ۧ	?ʏh.h\n^V\0iҟ\0U%jI	>.IcͼIՋ܉`\'!3+\Zղ?ӟ]\'!NGO̅c\Z2O#ڨFHebTھx_N?ƣ\ZղI?ƕΈ2[U\n\0k%C睧#>9Ɵ2Vth`@8枱C<湤Qi? G0M{T1\\`-xUF7k\ZղM:Mv	H2	9?Ǝar`aQN!Qh<XRk6$͏\rf&\0&aط<V̀YɪH(\0\0^[5F	\0$.QQMv\0<&\0}N\0~zt	\0fw\04&\0{D,c4`K\0G\0}K\0y?ʗ:VVA_i?o\07:Y\0y\0Q΃	*կi7>ӥ\0ϼߙ\0d sU@y\0i?o\0lis?U\'4K&ǥgmS\ZR>\0gF\0I\0RCH|\0/3Ϥ\0Ac299ECfNҗ(0n+\r\0G\0w6`s4QџR[ZAТ]O0.ޟx&3۠Op*dGuT\nםF\\\\^#a\\ڋ끼3^ >\'8.y\0iO⦷j7 \08O#jbv*#h_?/\0!u[\\ETrWg\0[]7P.esЖyPLyMh\\[[<&!\n&en\0uh\0ȽĬ}{{H\0j$Â#4]&1\Z^:WE[\\v\0a)O[+JSvԗ5s!h	*Fif)\'zҼ|OP\0>*kcu\0~ҏfÝFY&UKb\0\n>,ѶSS8]ZZ\\J ±ݑ޼	-k>t87V\0u\0|%LFIn}IIG\0W>\"rM,ڨ2\00E\\SKR$_ڗeo{\05}R\0̭\0oF} elݘs>נjN#\0h?P?womu_nQyX9J5_\'\0״+\0(֝]j\"8˷1TzJtԚK\Zm`g^xKf1Xdd${?pڈ7W0MJFDUN}\0hѣvGYN=%]fZqшU.ho-m=sqi1;Cnkݗq\nPnuv\rʂ*TrqYzwjeD#++)!A ^s_%0h5{BK>.!؁\\	;\\t{\0u0gfXđFG a\\M~%_ׯg\0\'\0I?\nZ`o8~Sm8mKhStsԓW_-!I}\"X(qIX9*iP_];)<mLg??!w+[XI$v4m$z*$Hta\Z;w]sv۞3T=]IJ*Nl~5b[Km5nn\"m,18\0.t6WC46\ZW*{\\O.%Vd2G<!\"ie̱܌98Rދ+] Aj6yZpQ$\n\05Q@Q@Q@Q@Q@Q@Q@Q@Q@Q@Q@Q@Q@Q@Q@Q@Q@Q@Q@\n&[0,-m42%\'T#r8/\\l]kkzU5;9N[X۟,p\\t>εZ6^E|>m+ԎȰ>(zmRMys\'{vN6N\0\'$\0FUwXԐE8<itM}Osze_$P3%9g,ʉA`L%Nq\0q~֍:L\\?)#8uϪVZM܎ނ\0tQ<$Q)wv\n;[rx?T\'lBI2TtrR1Fk-\'}RK~$\n&#.+Qut],S-COѼ{hP GX?|r\0pux_hJ^!i\ZXa?:ᯄ)|_\\I VE$6x\0yuŕ~]ŴvvNS#dY$\0J \0j?5Y\0\0\0\0\0*X<7]cIVǌ\0?ڧn\0k_L%WF(#w\"9زA:\0IڔߏJǩ~/\'|̌qҀ\"2Lyom$岞Q?Zǩm쥽|DfgjSր=Z\0?~_4\0֢ۧڗeo{\05~O}\0~}5Nkc-5UQ`c!szފ\0\"MkSXxjTE\\ީW%E~Q@j̎rO4VO2\\zA_4P-~Q@tW%E~Q@tW%E~Q@tW%E~Q@tW%E~Q@tW%E~Q@tW%E~Q@tW%E~Q@tW%E~Q@tW%E~Q@tW%E~Q@tW%E~Q@tW%C]Aaqe\ȓiVW;wzӿa_{@\04ɯJ(ICo$J#^\Z(\0)k\06=J+\0`bKE\'*90[\0\0_tP\0\0,rHtxܫ\'\0A;\0\0OQ\0\0\0WtPhYkw66&-!2yn2a>`:_zQ@umX=Adyen0oWޔPϿ?\0\0/4P'),(2,'Elielma Sá','\0JFIF\0\0`\0`\0\0\0C\0		\n\r\Z\Z $.\' \",#(7),01444\'9=82<.342\0C			\r\r2!!22222222222222222222222222222222222222222222222222\0Ft\"\0\0\0\0\0\0\0\0\0\0\0\0	\n\0\0\0\0}\0!1AQa\"q2#BR$3br	\n\Z%&\'()*456789:CDEFGHIJSTUVWXYZcdefghijstuvwxyz\0\0\0\0\0\0\0\0	\n\0\0\0w\0!1AQaq\"2B	#3Rbr\n$4%\Z&\'()*56789:CDEFGHIJSTUVWXYZcdefghijstuvwxyz\0\0\0?\0(\n(\n(\n(\n(LTI-\nMP<\0Ěm\nOd[^$a;$b䓓I_VTurmkڑ sQЏQ[5=i7\0qꧭz! AqN+KGU)-E+4\n(\n(\n(\n(\n(\n(\n(\n(\n(\n(\n(\n(\n(\n(\n(\n(\n(\n(\n(\n(\n(\n(\n(\n(\n(\n(\n(\n(\n(\n(\n(\n(\n(\n(\n(\n(\nA?ɿ9}#ZyQ_\ny^ỿhVN^1yvԟI~Wr5#+N(\0(\0(\0(\0(\0(\0(\0(\0(\0(\0(\0(\0&?:򯉦XAn#9L/YP}XS\Z~ έ/-Ge\0\Z!~d??Ƽ\0\ZPl	\'\r*p_\ZUޜEPEPEPEPEPEPEPEPEPEPEPEvvP2o槧e\'hg8^NƕxR|Oj5ro%+`g\nkd\\,:ǣ5XTC!6~SԂRQ\\XQE\0QE\0QE\0QYkFbZFS+\r<sXOU\'rХ.İ8fκV>mxe]fNQT]GM$eCZZ^Nxd-k6\ZyjJ=8\ZVׅn<~	A#\nũ6װN?圊ߑ?gV3.3ikdGfIHug8S\"9E\"ȇ)4((((((((((3.qE\0\ZN:`y!Q@Q@6n´t\nk\\t@;?uQE\0QE\0QE\0QE\0QE\0QE\0QE\0QE\0QE\0QE\0QE\0dk}\"> \\S1v,Ė\'$kS7-R8y&?%QEQE\0uk3fXT_oW}VS<WW;NtQEsEPEPMw]H!\\gUWPj|5Y9T},_ϧ]Żᗨצ麄Z\\Ѹe)jOD26 lnWc\Z~)3(%o?sx!|󊢴QEA<\0i%IWklnR2]\r}~ҌewA)y׉V5\'U@Os]֩u-.yI99=kk4]Yyt7+Ȝ \r\0J*br\rzȼ?aɫE}6\nŚ(p(\0(\0(\0(\0(\0(\0(\0(\0([?nG^O^!7xL·^=HaEPEP|<]?ޒC\0\Zk\Zm\0)(\0(\0(\0(\0(\0(\0(\0(\0(\0(\0*)g;TSͅ-5ax(\0([PM u2/HB7:<|1+7\Z[/Pl(=\0(\0(5|z1B\0?ֳk񭷗pǃb+Su3jh($?ZDR1̩I\0Zx6Z\'^??L{__)=֌.h0Ћ㘤VּSW:=X16>dW׏Ք\n޸QEovWbJOx$8@Hjsaٿ:c7lWWkŽ~5WJ$cY^	PbvOk+4FVG).%.\0Q~QEGXQY\Z=P}=>ڳеTY[\',aUQoR)QEXQE\0QE\0QE\0QE\0QE\0QE\0QE|A]\r?h>nn?C:׈QE\0QE]ӽՏ<k?xGMܦ (\0(\0(\0(\0(\0(\0(\0(\0(\0(\0(צSf5^qo\r`\\˫f/lvz,<VJNpZ3sWFR;07Ӏ)@$I[үn`~f+@,WXկ\nk裆Ud?Ah^AyoGaZQ^D\'&{pTbQEIaEPEP?Ohr<WW@6\0rE*\Zi{{!qhU_段Q^1-ms~x0\rz-żs!HЊ*/]E~Gg&Q}Cz\0C^Ky\0,ezy׋-zVUΩޔgeWZ\\â+b{)}Eo׭FkǫپѦZ˜Iܒ=A_G#\0rx~?F3?$gWa]G$ƣsCۮ#Qvď@aog4Y6;O9`r->\0̎FTBHE#XrM%|=Jss{p7wsln+D\r=stC<!Q<\0S]\r}\ZGl]aEVQ@Q@Q@Q@Q@Q@^2]ԇ2+kݼZ3=O\ZC\n(\n(=C0Y\0^^((((((((((((eVe)(QGS`(\0(\0(\0(\0(\06?gEʌ%\08?һ=۴i\nfs\ZjgR<<ފ(8º_yZ2p=?5U2zp@Oӿ[j*џfT1Иy]Y^#^re|9YSyG먯3+N IoWrDכW}7h\'&?W؋wF_Tf+\'g+aL?PkX{~BmIG\rbVυc\0\0&_9<7mֵ+ͷ:־hM3<(8NױDa+-Vu\01]}^U+cQ^QE\0R3!w`I\'\0W9?h\0?/q(~Ƿ+|MkwpDYP~\0\Z\0\rOJ$w(q]+z+\"\\C:Y{9zG隨.ZlV-.Vl<}8O7 %?5@+ ^C(bbuO]Y5679\\cutP\njʼ\"aF62U(VA=X\0QE\0QE^\0^V7\0\"Ι\0^\0\")(\0(\0(+hZY\"/RkԼK<iVʣƵxR^j6C?c\\x%$[۳\0rŘIM%wjy1%l}BOcuUI>ʨQ[4Ghwǭ\0٣J\'\0U{I.\r[P/&\0H椽.@?ҳCUf6ĺ}\0A*^-F\0u\0\ZhxzOq5;(<Qc.H+lGC^qiy_pz=pbB\\:t\n(NC\0cѳ+.*qު1D\\rhR֢{hKp+ΚGSmw,yk_H:ru\0sMN*\n[3yN{}اoQ╚8%OҹJ.VUuOJ)$zQ^QQ@Q@Q@<EՁӵYgrzT+YzO\\5|v:U#+Q\\G\rWYC)V`<qi2BO1Hq<\0<I_i(F]xy5\07*=oҫOK/+QG2l~UWb{\Z҇fqZMv|^\'\0\n⫯)W󮌭U/>)ǪmoȊzF0x+:]]ua[>5nAwkּ\Z\"=<c\0 \0]WaxsOkgdyQ_pN࡝fC	bκ?QE隅p~3[uY\"?acZ}\0ӧ^X%ߝy%$O$\0Ggv,rXi((((((((|Z_z\0Ӭȷ׬_*b\n(\ny㶁敶RW#mDs8qrj֍\'R|5*P3MR]J}͕OȞzE**e\'7-(HQE\0QE\0QE\0QEfEWu\\{<ݏoו[#jWQErUl.#l?JAvwWV<ʊtMx(\00ݬZT+KA\r(R>袊Ϣ\n(\n(\n(\n(#RE*ו^=}،ƽf\0\ZL~~UiK-֍:(9N75	H?s]y\'>hg||~^#Ķ?ne\n3$_OïZtVh@dqW.sCUYz?КFuu?F/\'d(?p\0&gKG_^ST	#zp~3uH@gNOC\\TGVWjoŻTN?2?¹o?eS\ZJGWY^$Pߑj~cqUNQ%tPFZ+<y\0Zz|+uUdypvRV\nֵhtM&{>U.Ǡ\n?5qB8l\0.wח/i[sQHaEPEx5(laoi}\0<fU[J:\0;\0*Z%pI_UBU\0\00\0KLFt:n1fJ:V\rajG®Q@>niv=]\0sZ9UMwPԴ9v_[Rp/(CY~%gΤ܌+)(\0(\0ȷ׬_*\0gz\0Ҧ (ŵΝI嘒Ori\06Us+KEs	j=(\nP0P	\'zJM3.Wɨ>HJj+5D߉[xM}]:+ɞ\"-(-K,PPt\0.p߱VñAM5 \0w#UY|1l\0:٢VlB(𓌘.u+&E{veğ0+2Sx\ZRCmR9i1o\03IOCQEEPjIwK+:Z\Z֮G@`\Zϯr>r\n(Op{F_c:~ʳ9z\Z,}QQEBQE\0Ess\r<K\Zn|p!{Y+ZP6 8&sҢE.5JYxg	w@OƺHxH]d2^CZZNuM&	?<DOBGUtBS[vʞ\n}\rZ]:STYm($\\ozm)+0<K+mxޡG\0!\\Āw__¸zftqN<<rT`5DWS^A^\nBr|Wޜ>f\Z5 6lK2Vn^jQ	lΉ$ՙ>0hc.>_xNx0[qDđFQ\0U2Ь>Ӧ+\r0[ƃ3\'vkVSH8Kflՙ+ d-.9ϥzcm\\?y50_iy\0hV+ZNMݿΝ>]B(Hrk71c\n\\\"^%)wlauehZy:[Fs#0qWpU#tz^GöC{}O?@(N\n֕S]C8\Z|s$#gbKܚ:#Q3H?EEQ@Q@^^ 	ɘvQ^iIjU\0ڹzH\0q5ߞ\n?k (\0(\0(fxށ:k.uo\"|x&(0(|=\0\"ޙ\0^\"3ÿ-i+N(?-?F<EFC~zݞ6=Z(+gWKonp&]j \ZN.,spzm~&ګ\rN8WKOSR7i#ޥZUEQE\0QE\0QE\0QE\0QExqJ}UO+&P15?αkڣ8?V/P+S/5c׆?/\0lVU\0#l?cvtQExQ@IwsE0\"Er>\rzN}]wʹ@:ZLcL}NT=\Z^	7kǿsgEf_uY4G(xt+!Ktn?kkkÚү6J천8zn9ї_kJ+z)(e 2K_Pu@e*F=|Ex^5?eOkHo^7Foq\\x\"ӷU!̏%C{TvF)vN瀟D\\c6rYh$RGbOQy]\Z-IZƔZQ_FtRd\0hh{KȒ\"Gd;YxNLO}<t!M:J+o~[#O*x\"~{\0DXw:+ź]\n<~c5*e9i֧U^L$EV\n(f\n&<Oŷ9X}\\;S]n\'n(k-\"IC]-ϋc!\0G\0x+x$TQLAEPEPEPWs._F#+٨ܯ?S@袊C\n(=Ç>??Vexd\Zg{\'LAEP&gT5W0=̐H>db\rzEs$Ҍ̈1 ǯ]xJ{3EtrtQEzQE\05	Z6\0dh`NU\"n?ʷm5[+g]W\\S!+/b׭tV>#M??)k5,e:l͚(9uQ@Q@Q@L>k\nX?a	\0_{8#\ZAEV[^\0\0Mb߅*\01YWŏQE@QE\0=A0\ni׹hJ>O\\+.$zAUԫ(e#EyetJ2<~K\0U\0\nk+ѝOsQqvgk\rg͏:vf{Oº(&t&+\"0e#QS\0ï[ʱ~[FwVe(s`]X&1\0(XA\0Iz~U_F/Re8s$(%\0u&|QYD{ዟץpwٹw_g\n?S\"s\'(͘Jc[X?3XW7w$fWWZ&̜aEVQ@[4wL+[*)AEقv}pjDEt)mW#nUpAC5[sm\0SFnU-b_#D7:jex_S?\0ʽschC\n(\n~\ZF,ܷv@Wk\0K?z7TQE1Q@Q@Q@|ƾ\0FjC_}QHaEPxXºa\0tUX9\0\\mSQE\0QE^!2/?¹6u-\02\'Wu]ٞv#S\"}]i퉣;{:uFJJf( (\0(]o.OҺ;Vԓgl|ѷQ5dJ筇MvgUThGQY\Z.~T[QZNGNqhQRXQEx?\0?]?kg$x8H(\n_+-\0!W\0Gʿo4}Nʊ(((( H%]Ѻa^YX-P}Gc^\\Au+6ê}?h\\+=@؆ぞ\\+JER=h˕\0i9_;ΐ_7ҹ\0_\\-F{-;Eu>Ueʬ$y\\14(=`	\'zq[0x}+jzM\\c)&p#;$ֽ5[	aSV9Ml$(-MQ>hJ5hק^r4\r(x^\Zg?S\0k\0?\"7#Xz|~\Z7\'嵷\'r!uo@k>W<2|\0?M\'Q\0e\0\Zж񥄇,\'G.YWD@9+Pu_WFVR1˟˭fj$#>SYol<tzŞ{V,o%CzԴ{)qNEMP!tvQEsHP*Ʀ?\0cx&M`?q:u>Ӧ]~`-u^\\턹Ϟhܰ(\0/ƧZgW\'Z\Zp2>x?{)(\0(\0(\0+B1MLԟ}\'&\0O]QHaEP4?S[!x;OV񮂘(((eWR)%mn2?jܢ%x:QZJy^d	dƜPM%\0붞7S/M}ừlz0+	`\nYΜIX((	 Kihk5gqr=q^w].-ڹ1t\Z3{3+=(gA\0\\\0s\0SX\0iQ[[~\0#bVׅ\0,1YWŏE@QE\0QE\0QE\0CYnu2	_*ELM]X*֥oMN`$<~V\ZQqp=(Rwp@sHYԚ_io|Ev`rAɍ<;,e#4_VZȖjz}Oj/ɺͿ~F$U~ʸd-\\zfUհ]n/fV e^\Z%R| Y-g{URRT``5/YljUÿ\\̺m;w39-w9ڳ\Z2}ǕU`mmH>6Il+̌\\m6Bo}湭gثOhhe?gi:F>NĂ?zjt\rѐSE{Y_yй*+ZvGU +<_4a>Q;y[^ܯj\ZW`=\\MNσ5k\ZMqm-{\0y>j:MǙ	E,Ѹ){^gG2,tUYyއw-j\\woרWD:UȞ\0~!>]\0izFUҔOu]^,}jkwf?J]ĭ8x/|QOK6^QE\0QEKٓf=pz:L	<,~X (\0(\0(\07(\0\0{x7\0i\0\0\0dEQE\0{_wl}|I\\σǤxSLAEPEPEPEPEPYml\"_ZҢ2qw3f$yݜ7\rb=EA]ƿbzk?{.۸z}o4=(\nJa[=\\/5bB\0LTݦQExGQ@\0#r\rn\01\0L5^Q<WQEl`\0fұc\'\')YW\r\0ŏE@QE\0QE\0QE\0QE\0y\0mL\Zϟt>+A}ڴ9F^ݷ\0O¼K2uciS\"Av\nWWtg׹lxZʴGe\'#եio#9cMRFk\'@{/a_C^Qªp\0pܬd\\=~]GhXXMdVSm}Mxfh/5GGEqVV]H>XԱS^q_i/R)OJ;3^GY=ꯎTptmèY	R}Gxٴk.Uu0b\ZlbI2q#5^)tNk\rz|;Yd\n8cYΉaryH{沫z2\01:=by̷/q;XU\rZ{)ʐ#r :AUjJOs{ihSzqYtSRTwG][ᢙ2~TZ$2iQ[}Nvٽg?κq޾(WQȵ/x|wWrkO@Uy\050ЎI\Z.-f̐WQg?ERQE\0X2;W3őkkruxINA#G*>AEZ>\ZWsei`{#Gu\\	ɠu@h\0Uj4EeY/%@؟KV(cgco#5ȃ晝Cu5g\\&\Z\\D)\npw>)(\0(\0ϻvw\0Z`5:\0v֘(`.\\Aku\\1G7~kzXyT29bJJ2;+jb?ڌ5tCE)aGtTq4J*_.oH\rd[)\'E&?:C\"/WQ4qUy/PP&;oD~f4-ӎ쵫N]ñG<\nr\rH:a:qvxݐQEr\\ң5kU\0#[2M1,HN}Y՗,5j^gcEW}QEV_h5[&9z\"={T?ŗQEV5տd֟55oևc((\0(\0(\0(F8*G5:_jcb^\\4ǨF&=;l?ηcZ7W8uV/?`ixmw6>3k骘SW/h\Z<O~5xb׶g>ҹZ4kUwWc4mQqI?oS?:9wR$e4}Z(\ndqE2+2\r>M\'\0\0\0\0+.}4r\\w$BaTv@5\Zs{;` <m^fiV)(^2Va}jGE3\'vrETn͖m&px\0ק^>	pEz՜hoߘ*3/A=Ο<.>mQ^|qo-ĖXث|moPQ\0-Tv~U䎍:e8*F46((A,.zw:A!֚w2rj\Z(\0(\0(\0(\0(t{QW*jq4gjJb\n(0S.1c$~㫤lEf?ҹ$xx^\n(NP$w\0]tQ@Q@Q@Q@wZ8Ĳ|+#)w[ەcCG]Uyغ=\\Q\\\'QE\0p#9G+*[\nͯn|wzaEVAZ\ZƵm6^\0@**|кN#@+>(\0(\0(\0(\0*+#	W1ȥXTRi5fRiv51qAG4@$u\n}D˞VcxX\\7ܽ\Zv9Z0`۵ݍG]٭vxTW=^^55TWqGγ{o=\0u.F{0XaYO_@es(E\"MKG≦g	\Zv<i`\\>:Ӭ_gwuC,M#mVlzX;|j{H+\\pn|8\\EZԞ!vUZmmY+4QErQE\0\Zuyf\nI8v{H`#EOb/r7l(:B?x&]\rulV\0{,{YE\0|闚M[^ۼ2^zUJ\0N㧸=վFn)JC<Ҋܾ~Һyi\"+$n:4\0(\n*HvO#Ȥٲv~GK\Zc*mayn&K_+(\0wZnaAX\n |=M\0r}%i+\0\\hQZHUמ\"m&=yo3#Wvu3q*+-NHg^\n-Y?*~\'jA\0PrbR4oȟMg>ws\\GzcU(=k ($f5U3k\";\0Ay;γH9+xꤊA ׫F%5|5g7+naQZh]m\\\0UUc8nh*>(\0H&DRjzF/ݴ6\0:(JȥEm{0eh\'koŃ;ұ&z:oSO.F/iY1$[a!cQF*J㫋(\re\n(Т(\0(vtF̳F-3_\0?\0~\0IE+,𕜛Q]O\"1\0߿\0?\0~\0_ZܟVYnjޒ#7\0ӢE*H.ؕ`s,U&qY4tTQEy\'QE\0QE\0QE\0QE\0QE\0iM-\"E<*ԠJe%\'Wqn.GO3>;\\g\0y|mI¿?Ip+2;_J}ѢL\0<DPqdWg{qap\'=5YOxu,B\\m%XLWSxjiǕ-*G maM-}`?2@\\{\\}4Ʊ[Uz\nka\'B*S{fr[.g (\'\'wER\0(Oֿl-Au~8Iwe)\"\'dٝ	\\_0߻OS+#w[\0Bʩ{<?3Ztch⾷Ũki7Q	t8~WjKiFR3\\\'\\m\"0}W]jq>rֺҴC\'6 cl\"3cuw#_PsA5\0P	^E3T> 4[+C?hIvH!O85O|]W\r-\0}{-\0}H$\njHNkm5}[k+Ziekkx,XyH±=TnMit/L%ՃؽߟabszǸc.\'4/i)m-af]6a*;A_\r<]e[MIRw?\nᎍi0fka41Βb	9 2\r\0{iKɱO?ʞflm%Ҿn׬m ~ 4}^0.C&}zǤ`JA~3hL-t	# gڋbF\"܆5Hr=k</7S|=s%h{\\8@\0`fi%aqjX`O4\\,}\Z$4u\0u$tMOB>CIs_r}#$N<Y6ڳ\\IiVK8py [׵?W:smn\0R*]#RXѬ(Т]@c8?x~bIf:NYkMj~Ҵˉq!܉d?=$I3ձsuxO*φfﮅͳL\\NPIz/g|)_Z\0ŽFq0RA!&W5En/0ÿin}pqT\r]ǿpLk?[IurKrn>fz5k˻>eQ\\7}qHv>VWP |YkO~}^DHӫָ/vxIt	}%01\0bFF?a]Oē%ED(ٙ$^)&ik{/aܸU[eqKrv6zC^[\\dcu,lgEMVĶ· $9j\0)>Eh#\'Rq-,hZEV=8&<[)|$CqY$}mCo@욕2ZP68ǥOt}gᗆ5gTi%䙐&r8$\nǿP\0<RV]S+od-<[^[pŜq^MYj=NПLHmn.VgA$dL,{Ax2#nm3v?V~)󮎭E7ߺO4Us[<G\0U:py&fig\'=,oXS=7\03O	\ZP=q^1k-ľ3JռC{l9CݬDOAYzT\Z߈~[Y,Z)k/ψ Ď8j.ÕG nNiLѼ}ekw[zf$\\8<a	/wXvK:L\0>\'_\nxbXKukbl}+SM[\ZPubr5烴!J!yLDe\n\\[Ϋzk+CM]ao0?y$8?#cރ\0W+iV^}mvm\'9kፖxZ{-\r%hHIGEm\'I\0=\0zp@\085BoS\ZKy4ߎeԳX3G<G8$*48Wfc)\"AA0s;?xSǠmt.8)󟠮HRêȯ-\0g\Zh=ZG6fusF]@=kC]ᯆB-mV	||n\\t.s =䲯Vi\0R^!Y)x^+$H\\#k_#JY|5^-0iERT9,{Wyۆ?:p =¼13Qϊ;pgEmًy䁜fZ?z\Z/30°gsӌp,rgd\"GN3^X\'xW:ރ\rdh^q]Az\0\nt/,|$yD&(-.\0==oZt.l.AUKtp d+?@=^hn	行K49<}+׿}hT֠En4rF?tǟdq=\'6h`&mt\0bx9^\Z\0&	i~\rŇ]#[/.dM̑	ʋP힇\n>k7ρ	i-^9\\\0R	=EP (\0(\0(\0(\0(ּ[iHu=z=Ttu;7pyVTa~Kn\"94USIn<(~䃣ڨWNdմaETi^Xmn,\nx?u:Q\'x鑕g5]41u(螝oSL\r𾵿c79D<\'/m&>]Ğ\0kk˰t*Ԕ_FԡcM#v0u\n^y*-]xk<yFܑqbIڇny6\rd9{wu>¹.k[ȇJ-,XX=T<Ohj\r2ۻl[W5Zu_\n4oq.yd\rS`ki0װ2EnAxǄJޢ|sQS[JXu}7꾃V֓WҮ^7h|pV#;q^E\0rZß~фSZçYm$m$N{4\ZF]v;J}Jei.<6A>G:WaE\0axcz༇Oyn\rĞs!+&ជmj\ZM{P}\r\0<f:(\0Mx}&tIE2yDW~ekQiY0,1tTP-;I׵mf\rΨA;u5BǇ)s\Z}ĦfW8H\0?Z6ow76O#o	ꖏ;\\j	.\n\01n@ý\ZIee̐qH*\rEmCxrK\'V/\0l \rcE\0qZ\rCբ\Z{Bݯ#\0֮Hh9:8* \Zu4\"}LYLK-lF7*ֶCԼ=}WLP-.clc`1v+9K2j#lVxJMZ>e\'Ѓ؊Т<ெ#qw]BۣǶ\0_xCM<GLBz{\"Vq}yqiޱk{+JO\\\\njAԼ#o$uq\'9\'q}k8߆>7Z\\i卾\'ێ[*m捣jp$wqWWԂ1`u(/#Iw0|/n:Jx/L乒8#n7q1޺*(ckzjVǮp{K\'-Ԗf !e]t\'YVSmԭǙ0+kK[y$mєSQ@t>lhZڱ05RNIAgNx\'[Z[b4+[ivL\00zz}1]]_z_̖mq=n|}MI	i0Ԟcq:)9(	\'7b9{ou]lg<l!XU\"{up\n\0\0(=Mo@C%g2%-\0zV\r\rBO]Z@dV7;C?54PǄq}i5V=wQ=u?HHa;g?9[P-;J[pTc~fwur #\0eH;kE\0q{}OO5kB@\\]obD99c_]RK=V-Z3<VVҴw`mg_98a8\Z:4!dMؤ<݃t\ZFmv;J}Jei.<6A>G:\n(TIGQ}F]gq9r>i\ZE,.?ROr}j\0QE\0QE\0QE\0QE\0QE\0QE\0QE\rլ4Pk|)qbZkM`br\'-#TՎ63hwF\0,!Qr־wףTRX\r%pOk9S6	GjcdF*C)S<pf]\"A׻?eSKltR;\n({@u\0(\0(\0(\0(\0(\0(\0(\0(\0(\0(\0(\0(\0(\0(\0(\0(\0(\0(\0(\0(\0(\0(\0(\0(\0(\0(\0(\0(\0(\0(\0(\0(\0(\0(\0(\0(\0she9)ي$ot)MQO\'DkHf\0\03W೶ ʊ)8|1K\n)lO(QE\0QE\0QE\0QE\0QE\0QE\0QE\0QE\0QE\0QE\0QE\0QE\0QE\0QE\0QE\0QE\0QE\0QE\0QE\0QE\0QE\0QE\0QE\0QE\0QE\0QE\0QE\0QE\0QE');
/*!40000 ALTER TABLE `tb_paciente` ENABLE KEYS */;
UNLOCK TABLES;

--
-- Table structure for table `tb_consulta_variavel_queixa`
--

DROP TABLE IF EXISTS `tb_consulta_variavel_queixa`;
/*!40101 SET @saved_cs_client     = @@character_set_client */;
/*!40101 SET character_set_client = utf8 */;
CREATE TABLE `tb_consulta_variavel_queixa` (
  `IdConsultaVariavel` bigint(20) NOT NULL,
  `IdQueixa` int(11) NOT NULL,
  `IdAcaoQueixa` int(11) NOT NULL,
  `Motivo` char(1) NOT NULL,
  `Desde` varchar(40) DEFAULT NULL,
  `Prioridade` int(11) DEFAULT NULL,
  PRIMARY KEY (`IdConsultaVariavel`,`IdQueixa`),
  KEY `fk_tb_consulta_variavel_has_tb_queixa_tb_consulta_variavel1` (`IdConsultaVariavel`),
  KEY `fk_tb_consulta_variavel_queixa_tb_queixa1` (`IdQueixa`),
  KEY `fk_tb_consulta_variavel_queixa_tb_acao_queixa1` (`IdAcaoQueixa`),
  CONSTRAINT `fk_tb_consulta_variavel_queixa_tb_queixa1` FOREIGN KEY (`IdQueixa`) REFERENCES `tb_queixa` (`IdQueixa`) ON DELETE NO ACTION ON UPDATE NO ACTION,
  CONSTRAINT `fk_tb_consulta_variavel_has_tb_queixa_tb_consulta_variavel1` FOREIGN KEY (`IdConsultaVariavel`) REFERENCES `tb_consulta_variavel` (`IdConsultaVariavel`) ON DELETE NO ACTION ON UPDATE NO ACTION,
  CONSTRAINT `fk_tb_consulta_variavel_queixa_tb_acao_queixa1` FOREIGN KEY (`IdAcaoQueixa`) REFERENCES `tb_acao_queixa` (`IdAcaoQueixa`) ON DELETE NO ACTION ON UPDATE NO ACTION
) ENGINE=InnoDB DEFAULT CHARSET=latin1;
/*!40101 SET character_set_client = @saved_cs_client */;

--
-- Dumping data for table `tb_consulta_variavel_queixa`
--

LOCK TABLES `tb_consulta_variavel_queixa` WRITE;
/*!40000 ALTER TABLE `tb_consulta_variavel_queixa` DISABLE KEYS */;
/*!40000 ALTER TABLE `tb_consulta_variavel_queixa` ENABLE KEYS */;
UNLOCK TABLES;

--
-- Table structure for table `tb_instituicao`
--

DROP TABLE IF EXISTS `tb_instituicao`;
/*!40101 SET @saved_cs_client     = @@character_set_client */;
/*!40101 SET character_set_client = utf8 */;
CREATE TABLE `tb_instituicao` (
  `IdInstituicao` int(11) NOT NULL AUTO_INCREMENT,
  `NomeInstituicao` varchar(45) NOT NULL,
  `Sigla` varchar(10) NOT NULL DEFAULT '',
  PRIMARY KEY (`IdInstituicao`)
) ENGINE=InnoDB AUTO_INCREMENT=4 DEFAULT CHARSET=latin1;
/*!40101 SET character_set_client = @saved_cs_client */;

--
-- Dumping data for table `tb_instituicao`
--

LOCK TABLES `tb_instituicao` WRITE;
/*!40000 ALTER TABLE `tb_instituicao` DISABLE KEYS */;
INSERT INTO `tb_instituicao` VALUES (1,'Universidade Federa de Sergipe','UFS'),(3,'Universidade Tiradentes','UNIT');
/*!40000 ALTER TABLE `tb_instituicao` ENABLE KEYS */;
UNLOCK TABLES;

--
-- Table structure for table `tb_disciplina`
--

DROP TABLE IF EXISTS `tb_disciplina`;
/*!40101 SET @saved_cs_client     = @@character_set_client */;
/*!40101 SET character_set_client = utf8 */;
CREATE TABLE `tb_disciplina` (
  `IdDisciplina` int(11) NOT NULL AUTO_INCREMENT,
  `NomeDisciplina` varchar(45) NOT NULL,
  PRIMARY KEY (`IdDisciplina`)
) ENGINE=InnoDB AUTO_INCREMENT=3 DEFAULT CHARSET=latin1;
/*!40101 SET character_set_client = @saved_cs_client */;

--
-- Dumping data for table `tb_disciplina`
--

LOCK TABLES `tb_disciplina` WRITE;
/*!40000 ALTER TABLE `tb_disciplina` DISABLE KEYS */;
INSERT INTO `tb_disciplina` VALUES (1,'Estágio Supervisionado'),(2,'teste');
/*!40000 ALTER TABLE `tb_disciplina` ENABLE KEYS */;
UNLOCK TABLES;

--
-- Table structure for table `respostasegunda`
--

DROP TABLE IF EXISTS `respostasegunda`;
/*!40101 SET @saved_cs_client     = @@character_set_client */;
/*!40101 SET character_set_client = utf8 */;
CREATE TABLE `respostasegunda` (
  `id` int(11) NOT NULL AUTO_INCREMENT,
  `dataRealizacao` date NOT NULL DEFAULT '2013-01-01',
  `fkConsulta` int(11) NOT NULL,
  `numeroTentativa` int(11) NOT NULL DEFAULT '0',
  `flCorreto` varchar(1) DEFAULT NULL,
  `comentario` text,
  `comentarioAluno` text,
  `nota` float DEFAULT NULL,
  `carta` tinytext,
  PRIMARY KEY (`id`),
  KEY `FKEFEE246A5097F805` (`fkConsulta`),
  CONSTRAINT `FKEFEE246A5097F805` FOREIGN KEY (`fkConsulta`) REFERENCES `consulta` (`id`),
  CONSTRAINT `FK_respostasegunda_1` FOREIGN KEY (`fkConsulta`) REFERENCES `consulta` (`id`)
) ENGINE=InnoDB DEFAULT CHARSET=latin1;
/*!40101 SET character_set_client = @saved_cs_client */;

--
-- Dumping data for table `respostasegunda`
--

LOCK TABLES `respostasegunda` WRITE;
/*!40000 ALTER TABLE `respostasegunda` DISABLE KEYS */;
/*!40000 ALTER TABLE `respostasegunda` ENABLE KEYS */;
UNLOCK TABLES;

--
-- Table structure for table `medicamentoprescrito`
--

DROP TABLE IF EXISTS `medicamentoprescrito`;
/*!40101 SET @saved_cs_client     = @@character_set_client */;
/*!40101 SET character_set_client = utf8 */;
CREATE TABLE `medicamentoprescrito` (
  `id` int(11) NOT NULL AUTO_INCREMENT,
  `descricao` varchar(255) DEFAULT NULL,
  `dosagem` varchar(255) DEFAULT NULL,
  `especialidadeMedico` varchar(255) DEFAULT NULL,
  `nmMedico` varchar(255) DEFAULT NULL,
  `posologia` varchar(255) DEFAULT NULL,
  `fkCasoClinico` int(11) DEFAULT NULL,
  `flItalico` varchar(255) DEFAULT NULL,
  PRIMARY KEY (`id`),
  KEY `FKAA358BEF8A1319FF` (`fkCasoClinico`),
  CONSTRAINT `FKAA358BEF8A1319FF` FOREIGN KEY (`fkCasoClinico`) REFERENCES `casoclinico` (`id`)
) ENGINE=InnoDB DEFAULT CHARSET=latin1;
/*!40101 SET character_set_client = @saved_cs_client */;

--
-- Dumping data for table `medicamentoprescrito`
--

LOCK TABLES `medicamentoprescrito` WRITE;
/*!40000 ALTER TABLE `medicamentoprescrito` DISABLE KEYS */;
/*!40000 ALTER TABLE `medicamentoprescrito` ENABLE KEYS */;
UNLOCK TABLES;

--
-- Table structure for table `tb_turma_pessoa`
--

DROP TABLE IF EXISTS `tb_turma_pessoa`;
/*!40101 SET @saved_cs_client     = @@character_set_client */;
/*!40101 SET character_set_client = utf8 */;
CREATE TABLE `tb_turma_pessoa` (
  `IdTurma` int(11) NOT NULL,
  `IdPessoa` int(11) NOT NULL,
  `IdRole` int(11) NOT NULL,
  `Ativa` tinyint(1) NOT NULL DEFAULT '0',
  PRIMARY KEY (`IdTurma`,`IdPessoa`),
  KEY `fk_tb_turma_has_tb_pessoa_tb_pessoa1` (`IdPessoa`),
  KEY `fk_tb_turma_has_tb_pessoa_tb_turma1` (`IdTurma`),
  KEY `fk_tb_turma_pessoa_my_aspnet_roles1` (`IdRole`),
  CONSTRAINT `fk_tb_turma_has_tb_pessoa_tb_turma1` FOREIGN KEY (`IdTurma`) REFERENCES `tb_turma` (`IdTurma`) ON DELETE NO ACTION ON UPDATE NO ACTION,
  CONSTRAINT `fk_tb_turma_pessoa_my_aspnet_roles1` FOREIGN KEY (`IdRole`) REFERENCES `my_aspnet_roles` (`id`) ON DELETE NO ACTION ON UPDATE NO ACTION,
  CONSTRAINT `fk_tb_turma_has_tb_pessoa_tb_pessoa1` FOREIGN KEY (`IdPessoa`) REFERENCES `tb_pessoa` (`IdPessoa`) ON DELETE NO ACTION ON UPDATE NO ACTION
) ENGINE=InnoDB DEFAULT CHARSET=latin1;
/*!40101 SET character_set_client = @saved_cs_client */;

--
-- Dumping data for table `tb_turma_pessoa`
--

LOCK TABLES `tb_turma_pessoa` WRITE;
/*!40000 ALTER TABLE `tb_turma_pessoa` DISABLE KEYS */;
INSERT INTO `tb_turma_pessoa` VALUES (1,1,0,0);
/*!40000 ALTER TABLE `tb_turma_pessoa` ENABLE KEYS */;
UNLOCK TABLES;

--
-- Table structure for table `tb_medicamentos`
--

DROP TABLE IF EXISTS `tb_medicamentos`;
/*!40101 SET @saved_cs_client     = @@character_set_client */;
/*!40101 SET character_set_client = utf8 */;
CREATE TABLE `tb_medicamentos` (
  `IdMedicamento` int(11) NOT NULL AUTO_INCREMENT,
  `Nome` varchar(100) NOT NULL,
  PRIMARY KEY (`IdMedicamento`),
  UNIQUE KEY `Nome_UNIQUE` (`Nome`)
) ENGINE=InnoDB AUTO_INCREMENT=2 DEFAULT CHARSET=latin1;
/*!40101 SET character_set_client = @saved_cs_client */;

--
-- Dumping data for table `tb_medicamentos`
--

LOCK TABLES `tb_medicamentos` WRITE;
/*!40000 ALTER TABLE `tb_medicamentos` DISABLE KEYS */;
INSERT INTO `tb_medicamentos` VALUES (1,'dipirona');
/*!40000 ALTER TABLE `tb_medicamentos` ENABLE KEYS */;
UNLOCK TABLES;

--
-- Table structure for table `tb_curso`
--

DROP TABLE IF EXISTS `tb_curso`;
/*!40101 SET @saved_cs_client     = @@character_set_client */;
/*!40101 SET character_set_client = utf8 */;
CREATE TABLE `tb_curso` (
  `IdCurso` int(11) NOT NULL AUTO_INCREMENT,
  `NomeCurso` varchar(45) NOT NULL,
  PRIMARY KEY (`IdCurso`)
) ENGINE=InnoDB AUTO_INCREMENT=4 DEFAULT CHARSET=latin1;
/*!40101 SET character_set_client = @saved_cs_client */;

--
-- Dumping data for table `tb_curso`
--

LOCK TABLES `tb_curso` WRITE;
/*!40000 ALTER TABLE `tb_curso` DISABLE KEYS */;
INSERT INTO `tb_curso` VALUES (1,'Enfermagem'),(2,'Medicina'),(3,'Enfermagem');
/*!40000 ALTER TABLE `tb_curso` ENABLE KEYS */;
UNLOCK TABLES;

--
-- Table structure for table `tb_plano_saude`
--

DROP TABLE IF EXISTS `tb_plano_saude`;
/*!40101 SET @saved_cs_client     = @@character_set_client */;
/*!40101 SET character_set_client = utf8 */;
CREATE TABLE `tb_plano_saude` (
  `IdPlanoSaude` int(11) NOT NULL AUTO_INCREMENT,
  `Nome` varchar(100) NOT NULL,
  PRIMARY KEY (`IdPlanoSaude`)
) ENGINE=InnoDB AUTO_INCREMENT=4 DEFAULT CHARSET=latin1;
/*!40101 SET character_set_client = @saved_cs_client */;

--
-- Dumping data for table `tb_plano_saude`
--

LOCK TABLES `tb_plano_saude` WRITE;
/*!40000 ALTER TABLE `tb_plano_saude` DISABLE KEYS */;
INSERT INTO `tb_plano_saude` VALUES (1,'nao definido'),(2,'Unimed'),(3,'Plamed');
/*!40000 ALTER TABLE `tb_plano_saude` ENABLE KEYS */;
UNLOCK TABLES;

--
-- Table structure for table `intervencao`
--

DROP TABLE IF EXISTS `intervencao`;
/*!40101 SET @saved_cs_client     = @@character_set_client */;
/*!40101 SET character_set_client = utf8 */;
CREATE TABLE `intervencao` (
  `id` int(11) NOT NULL AUTO_INCREMENT,
  `descricao` varchar(255) DEFAULT NULL,
  `numeroEtapa` int(11) NOT NULL,
  `numeroIntervencao` int(11) NOT NULL,
  `fkCasoClinico` int(11) DEFAULT NULL,
  PRIMARY KEY (`id`),
  KEY `FK91D9EFAE8A1319FF` (`fkCasoClinico`),
  CONSTRAINT `FK91D9EFAE8A1319FF` FOREIGN KEY (`fkCasoClinico`) REFERENCES `casoclinico` (`id`)
) ENGINE=InnoDB DEFAULT CHARSET=latin1;
/*!40101 SET character_set_client = @saved_cs_client */;

--
-- Dumping data for table `intervencao`
--

LOCK TABLES `intervencao` WRITE;
/*!40000 ALTER TABLE `intervencao` DISABLE KEYS */;
/*!40000 ALTER TABLE `intervencao` ENABLE KEYS */;
UNLOCK TABLES;

--
-- Table structure for table `tb_queixa_medicamentos`
--

DROP TABLE IF EXISTS `tb_queixa_medicamentos`;
/*!40101 SET @saved_cs_client     = @@character_set_client */;
/*!40101 SET character_set_client = utf8 */;
CREATE TABLE `tb_queixa_medicamentos` (
  `IdConsultaVariavel` bigint(20) NOT NULL,
  `IdQueixa` int(11) NOT NULL,
  `IdMedicamento` int(11) NOT NULL,
  `SuspeitaIdAcaoQueixa` int(11) NOT NULL,
  `Dose` varchar(20) DEFAULT NULL,
  `Desde` varchar(40) DEFAULT NULL,
  `Necessario` tinyint(1) NOT NULL,
  `Efetivo` tinyint(1) NOT NULL,
  `Seguro` tinyint(1) NOT NULL,
  `Cumprimento` tinyint(1) NOT NULL,
  `IdAcaoAlternativa1` int(11) NOT NULL,
  `IdAcaoAlternativa2` int(11) NOT NULL,
  PRIMARY KEY (`IdConsultaVariavel`,`IdQueixa`,`IdMedicamento`),
  KEY `fk_tb_consulta_variavel_queixa_has_tb_medicamentos_tb_medicam1` (`IdMedicamento`),
  KEY `fk_tb_consulta_variavel_queixa_has_tb_medicamentos_tb_consult1` (`IdConsultaVariavel`,`IdQueixa`),
  KEY `fk_tb_queixa_medicamentos_tb_acao_queixa1` (`SuspeitaIdAcaoQueixa`),
  KEY `fk_tb_queixa_medicamentos_tb_acao_alternativa1` (`IdAcaoAlternativa1`),
  KEY `fk_tb_queixa_medicamentos_tb_acao_alternativa2` (`IdAcaoAlternativa2`),
  CONSTRAINT `fk_tb_queixa_medicamentos_tb_acao_queixa1` FOREIGN KEY (`SuspeitaIdAcaoQueixa`) REFERENCES `tb_acao_queixa` (`IdAcaoQueixa`) ON DELETE NO ACTION ON UPDATE NO ACTION,
  CONSTRAINT `fk_tb_consulta_variavel_queixa_has_tb_medicamentos_tb_consult1` FOREIGN KEY (`IdConsultaVariavel`) REFERENCES `tb_consulta_variavel_queixa` (`IdConsultaVariavel`) ON DELETE NO ACTION ON UPDATE NO ACTION,
  CONSTRAINT `fk_tb_consulta_variavel_queixa_has_tb_medicamentos_tb_medicam1` FOREIGN KEY (`IdMedicamento`) REFERENCES `tb_medicamentos` (`IdMedicamento`) ON DELETE NO ACTION ON UPDATE NO ACTION,
  CONSTRAINT `fk_tb_queixa_medicamentos_tb_acao_alternativa1` FOREIGN KEY (`IdAcaoAlternativa1`) REFERENCES `tb_acao_alternativa` (`IdAcaoAlternativa`) ON DELETE NO ACTION ON UPDATE NO ACTION,
  CONSTRAINT `fk_tb_queixa_medicamentos_tb_acao_alternativa2` FOREIGN KEY (`IdAcaoAlternativa2`) REFERENCES `tb_acao_alternativa` (`IdAcaoAlternativa`) ON DELETE NO ACTION ON UPDATE NO ACTION
) ENGINE=InnoDB DEFAULT CHARSET=latin1;
/*!40101 SET character_set_client = @saved_cs_client */;

--
-- Dumping data for table `tb_queixa_medicamentos`
--

LOCK TABLES `tb_queixa_medicamentos` WRITE;
/*!40000 ALTER TABLE `tb_queixa_medicamentos` DISABLE KEYS */;
/*!40000 ALTER TABLE `tb_queixa_medicamentos` ENABLE KEYS */;
UNLOCK TABLES;

--
-- Table structure for table `my_aspnet_schemaversion`
--

DROP TABLE IF EXISTS `my_aspnet_schemaversion`;
/*!40101 SET @saved_cs_client     = @@character_set_client */;
/*!40101 SET character_set_client = utf8 */;
CREATE TABLE `my_aspnet_schemaversion` (
  `version` int(11) DEFAULT NULL
) ENGINE=InnoDB DEFAULT CHARSET=latin1;
/*!40101 SET character_set_client = @saved_cs_client */;

--
-- Dumping data for table `my_aspnet_schemaversion`
--

LOCK TABLES `my_aspnet_schemaversion` WRITE;
/*!40000 ALTER TABLE `my_aspnet_schemaversion` DISABLE KEYS */;
INSERT INTO `my_aspnet_schemaversion` VALUES (8);
/*!40000 ALTER TABLE `my_aspnet_schemaversion` ENABLE KEYS */;
UNLOCK TABLES;

--
-- Table structure for table `my_aspnet_sessioncleanup`
--

DROP TABLE IF EXISTS `my_aspnet_sessioncleanup`;
/*!40101 SET @saved_cs_client     = @@character_set_client */;
/*!40101 SET character_set_client = utf8 */;
CREATE TABLE `my_aspnet_sessioncleanup` (
  `LastRun` datetime NOT NULL,
  `IntervalMinutes` int(11) NOT NULL,
  `ApplicationId` int(11) NOT NULL,
  PRIMARY KEY (`ApplicationId`)
) ENGINE=InnoDB DEFAULT CHARSET=latin1;
/*!40101 SET character_set_client = @saved_cs_client */;

--
-- Dumping data for table `my_aspnet_sessioncleanup`
--

LOCK TABLES `my_aspnet_sessioncleanup` WRITE;
/*!40000 ALTER TABLE `my_aspnet_sessioncleanup` DISABLE KEYS */;
/*!40000 ALTER TABLE `my_aspnet_sessioncleanup` ENABLE KEYS */;
UNLOCK TABLES;

--
-- Table structure for table `tb_relato_clinico`
--

DROP TABLE IF EXISTS `tb_relato_clinico`;
/*!40101 SET @saved_cs_client     = @@character_set_client */;
/*!40101 SET character_set_client = utf8 */;
CREATE TABLE `tb_relato_clinico` (
  `IdRelato` int(11) NOT NULL AUTO_INCREMENT,
  `IdPaciente` int(11) NOT NULL,
  `OrdemCronologia` int(11) NOT NULL DEFAULT '1',
  `RelatoTextual` text NOT NULL,
  `RelatoVideo` varchar(200) DEFAULT NULL,
  `NivelDificuldade` int(11) NOT NULL DEFAULT '0',
  PRIMARY KEY (`IdRelato`),
  KEY `fk_tb_relato_clinico_tb_paciente1` (`IdPaciente`),
  CONSTRAINT `fk_tb_relato_clinico_tb_paciente1` FOREIGN KEY (`IdPaciente`) REFERENCES `tb_paciente` (`IdPaciente`) ON DELETE NO ACTION ON UPDATE NO ACTION
) ENGINE=InnoDB AUTO_INCREMENT=5 DEFAULT CHARSET=latin1;
/*!40101 SET character_set_client = @saved_cs_client */;

--
-- Dumping data for table `tb_relato_clinico`
--

LOCK TABLES `tb_relato_clinico` WRITE;
/*!40000 ALTER TABLE `tb_relato_clinico` DISABLE KEYS */;
INSERT INTO `tb_relato_clinico` VALUES (1,1,1,'digo qual é o relato',NULL,1),(2,1,2,'evolucao 1',NULL,1),(3,1,3,'evolucao 3',NULL,3),(4,1,3,'relato clinico',NULL,1);
/*!40000 ALTER TABLE `tb_relato_clinico` ENABLE KEYS */;
UNLOCK TABLES;

--
-- Table structure for table `intervencaorespostasegunda`
--

DROP TABLE IF EXISTS `intervencaorespostasegunda`;
/*!40101 SET @saved_cs_client     = @@character_set_client */;
/*!40101 SET character_set_client = utf8 */;
CREATE TABLE `intervencaorespostasegunda` (
  `id` int(11) NOT NULL AUTO_INCREMENT,
  `descricao` varchar(255) DEFAULT NULL,
  `justificativa` longtext,
  `numeroIntervencao` int(11) DEFAULT '0',
  `fkResposta2` int(11) NOT NULL,
  PRIMARY KEY (`id`),
  KEY `FKD03D22FCA4FE1140` (`fkResposta2`),
  CONSTRAINT `FKD03D22FCA4FE1140` FOREIGN KEY (`fkResposta2`) REFERENCES `respostasegunda` (`id`),
  CONSTRAINT `FK_intervencaorespostasegunda_1` FOREIGN KEY (`fkResposta2`) REFERENCES `respostasegunda` (`id`)
) ENGINE=InnoDB DEFAULT CHARSET=latin1;
/*!40101 SET character_set_client = @saved_cs_client */;

--
-- Dumping data for table `intervencaorespostasegunda`
--

LOCK TABLES `intervencaorespostasegunda` WRITE;
/*!40000 ALTER TABLE `intervencaorespostasegunda` DISABLE KEYS */;
/*!40000 ALTER TABLE `intervencaorespostasegunda` ENABLE KEYS */;
UNLOCK TABLES;

--
-- Table structure for table `parametroclinico`
--

DROP TABLE IF EXISTS `parametroclinico`;
/*!40101 SET @saved_cs_client     = @@character_set_client */;
/*!40101 SET character_set_client = utf8 */;
CREATE TABLE `parametroclinico` (
  `id` int(11) NOT NULL AUTO_INCREMENT,
  `descricao` varchar(255) DEFAULT NULL,
  `unidade` varchar(255) DEFAULT NULL,
  `valor` float NOT NULL,
  `valorDeReferencia` varchar(255) DEFAULT NULL,
  `fkCasoClinico` int(11) DEFAULT NULL,
  PRIMARY KEY (`id`),
  KEY `FKAAEE312E8A1319FF` (`fkCasoClinico`),
  CONSTRAINT `FKAAEE312E8A1319FF` FOREIGN KEY (`fkCasoClinico`) REFERENCES `casoclinico` (`id`)
) ENGINE=InnoDB DEFAULT CHARSET=latin1;
/*!40101 SET character_set_client = @saved_cs_client */;

--
-- Dumping data for table `parametroclinico`
--

LOCK TABLES `parametroclinico` WRITE;
/*!40000 ALTER TABLE `parametroclinico` DISABLE KEYS */;
/*!40000 ALTER TABLE `parametroclinico` ENABLE KEYS */;
UNLOCK TABLES;

--
-- Table structure for table `tb_ocupacao`
--

DROP TABLE IF EXISTS `tb_ocupacao`;
/*!40101 SET @saved_cs_client     = @@character_set_client */;
/*!40101 SET character_set_client = utf8 */;
CREATE TABLE `tb_ocupacao` (
  `IdOcupacao` int(11) NOT NULL AUTO_INCREMENT,
  `Descricao` varchar(100) NOT NULL,
  PRIMARY KEY (`IdOcupacao`)
) ENGINE=InnoDB AUTO_INCREMENT=5 DEFAULT CHARSET=latin1;
/*!40101 SET character_set_client = @saved_cs_client */;

--
-- Dumping data for table `tb_ocupacao`
--

LOCK TABLES `tb_ocupacao` WRITE;
/*!40000 ALTER TABLE `tb_ocupacao` DISABLE KEYS */;
INSERT INTO `tb_ocupacao` VALUES (1,'autonomo'),(2,'Pedreiro'),(3,'Professor'),(4,'Estudante');
/*!40000 ALTER TABLE `tb_ocupacao` ENABLE KEYS */;
UNLOCK TABLES;

--
-- Table structure for table `respostaquarta`
--

DROP TABLE IF EXISTS `respostaquarta`;
/*!40101 SET @saved_cs_client     = @@character_set_client */;
/*!40101 SET character_set_client = utf8 */;
CREATE TABLE `respostaquarta` (
  `id` int(11) NOT NULL AUTO_INCREMENT,
  `dataRealizacao` date NOT NULL DEFAULT '2013-01-01',
  `fkConsulta` int(11) NOT NULL,
  `numeroTentativa` int(11) NOT NULL DEFAULT '0',
  `flCorreto` varchar(1) DEFAULT NULL,
  `comentario` text,
  `comentarioAluno` text,
  `nota` float DEFAULT NULL,
  `carta` tinytext,
  PRIMARY KEY (`id`),
  KEY `FKB29DB8E35097F805` (`fkConsulta`),
  CONSTRAINT `FKB29DB8E35097F805` FOREIGN KEY (`fkConsulta`) REFERENCES `consulta` (`id`),
  CONSTRAINT `FK_respostaquarta_1` FOREIGN KEY (`fkConsulta`) REFERENCES `consulta` (`id`)
) ENGINE=InnoDB DEFAULT CHARSET=latin1;
/*!40101 SET character_set_client = @saved_cs_client */;

--
-- Dumping data for table `respostaquarta`
--

LOCK TABLES `respostaquarta` WRITE;
/*!40000 ALTER TABLE `respostaquarta` DISABLE KEYS */;
/*!40000 ALTER TABLE `respostaquarta` ENABLE KEYS */;
UNLOCK TABLES;

--
-- Table structure for table `tb_demograficos_antropometricos`
--

DROP TABLE IF EXISTS `tb_demograficos_antropometricos`;
/*!40101 SET @saved_cs_client     = @@character_set_client */;
/*!40101 SET character_set_client = utf8 */;
CREATE TABLE `tb_demograficos_antropometricos` (
  `IdConsultaFixo` bigint(20) NOT NULL,
  `Nome` varchar(50) NOT NULL,
  `Genero` char(1) NOT NULL,
  `DataNascimento` datetime DEFAULT NULL,
  `MedicosAtendem` varchar(255) DEFAULT NULL,
  `MoradiaFamilia` varchar(100) DEFAULT NULL,
  `OndeAdquireMedicamentos` varchar(100) DEFAULT NULL,
  `IdEscolaridade` int(11) NOT NULL,
  `IdOcupacao` int(11) NOT NULL,
  `IdPlanoSaude` int(11) NOT NULL,
  PRIMARY KEY (`IdConsultaFixo`),
  KEY `fk_tb_demograficos_antropometricos_tb_escolaridade1` (`IdEscolaridade`),
  KEY `fk_tb_demograficos_antropometricos_tb_ocupacao1` (`IdOcupacao`),
  KEY `fk_tb_demograficos_antropometricos_tb_plano_saude1` (`IdPlanoSaude`),
  CONSTRAINT `fk_tb_demograficos_antropometricos_tb_consulta_fixo1` FOREIGN KEY (`IdConsultaFixo`) REFERENCES `tb_consulta_fixo` (`IdConsultaFixo`) ON DELETE NO ACTION ON UPDATE NO ACTION,
  CONSTRAINT `fk_tb_demograficos_antropometricos_tb_escolaridade1` FOREIGN KEY (`IdEscolaridade`) REFERENCES `tb_escolaridade` (`IdEscolaridade`) ON DELETE NO ACTION ON UPDATE NO ACTION,
  CONSTRAINT `fk_tb_demograficos_antropometricos_tb_ocupacao1` FOREIGN KEY (`IdOcupacao`) REFERENCES `tb_ocupacao` (`IdOcupacao`) ON DELETE NO ACTION ON UPDATE NO ACTION,
  CONSTRAINT `fk_tb_demograficos_antropometricos_tb_plano_saude1` FOREIGN KEY (`IdPlanoSaude`) REFERENCES `tb_plano_saude` (`IdPlanoSaude`) ON DELETE NO ACTION ON UPDATE NO ACTION
) ENGINE=InnoDB DEFAULT CHARSET=latin1;
/*!40101 SET character_set_client = @saved_cs_client */;

--
-- Dumping data for table `tb_demograficos_antropometricos`
--

LOCK TABLES `tb_demograficos_antropometricos` WRITE;
/*!40000 ALTER TABLE `tb_demograficos_antropometricos` DISABLE KEYS */;
INSERT INTO `tb_demograficos_antropometricos` VALUES (6,'MARCOS BARBOSA DOSEA','M','0001-01-01 00:00:00','ddd','teste','teste',2,2,2),(7,'','M','0001-01-01 00:00:00',NULL,NULL,NULL,1,1,1);
/*!40000 ALTER TABLE `tb_demograficos_antropometricos` ENABLE KEYS */;
UNLOCK TABLES;

--
-- Table structure for table `tb_historia`
--

DROP TABLE IF EXISTS `tb_historia`;
/*!40101 SET @saved_cs_client     = @@character_set_client */;
/*!40101 SET character_set_client = utf8 */;
CREATE TABLE `tb_historia` (
  `IdConsultaFixo` bigint(20) NOT NULL,
  `HistoriaMedicaPregressa` varchar(255) NOT NULL,
  `HistoriaFamiliar` varchar(255) NOT NULL,
  PRIMARY KEY (`IdConsultaFixo`),
  CONSTRAINT `fk_tb_historia_tb_consulta_fixo1` FOREIGN KEY (`IdConsultaFixo`) REFERENCES `tb_consulta_fixo` (`IdConsultaFixo`) ON DELETE NO ACTION ON UPDATE NO ACTION
) ENGINE=InnoDB DEFAULT CHARSET=latin1;
/*!40101 SET character_set_client = @saved_cs_client */;

--
-- Dumping data for table `tb_historia`
--

LOCK TABLES `tb_historia` WRITE;
/*!40000 ALTER TABLE `tb_historia` DISABLE KEYS */;
/*!40000 ALTER TABLE `tb_historia` ENABLE KEYS */;
UNLOCK TABLES;

--
-- Table structure for table `respostaprimeira`
--

DROP TABLE IF EXISTS `respostaprimeira`;
/*!40101 SET @saved_cs_client     = @@character_set_client */;
/*!40101 SET character_set_client = utf8 */;
CREATE TABLE `respostaprimeira` (
  `id` int(11) NOT NULL AUTO_INCREMENT,
  `alergias` varchar(255) DEFAULT NULL,
  `altura` float NOT NULL,
  `dataDeRealizacao` date DEFAULT NULL,
  `dataNascimento` date DEFAULT NULL,
  `escolaridade` varchar(255) DEFAULT NULL,
  `flAlturaCerta` varchar(255) DEFAULT NULL,
  `flBebeAlcool` varchar(255) DEFAULT NULL,
  `flBebeAlcoolCerto` varchar(255) DEFAULT NULL,
  `flBebeCafe` varchar(255) DEFAULT NULL,
  `flBebeCafeCerto` varchar(255) DEFAULT NULL,
  `flDataNascimentoCerta` varchar(255) DEFAULT NULL,
  `flEscolaridadeCerta` varchar(255) DEFAULT NULL,
  `flFuma` varchar(255) DEFAULT NULL,
  `flFumaCerto` varchar(255) DEFAULT NULL,
  `flGeneroCerto` varchar(255) DEFAULT NULL,
  `flIMCCerto` varchar(255) DEFAULT NULL,
  `flNomeCerto` varchar(255) DEFAULT NULL,
  `flOcupacaoCerta` varchar(255) DEFAULT NULL,
  `flPesoCerto` varchar(255) DEFAULT NULL,
  `flPressaoDiastolicaCerta` varchar(255) DEFAULT NULL,
  `flPressaoSistolicaCerta` varchar(255) DEFAULT NULL,
  `flTemperaturaCerta` varchar(255) DEFAULT NULL,
  `genero` varchar(255) DEFAULT NULL,
  `IMC` float DEFAULT NULL,
  `medicosQueAtendem` varchar(255) DEFAULT NULL,
  `moradiaFamilia` varchar(255) DEFAULT NULL,
  `nome` varchar(255) DEFAULT NULL,
  `ocupacao` varchar(255) DEFAULT NULL,
  `peso` float NOT NULL,
  `pressaoDiastolica` int(11) NOT NULL,
  `pressaoSistolica` int(11) NOT NULL,
  `temperatura` float NOT NULL,
  `planoDeSaude` varchar(255) DEFAULT NULL,
  `numeroTentativa` int(10) unsigned NOT NULL DEFAULT '0',
  `fkConsulta` int(11) NOT NULL,
  `flCorreto` varchar(1) DEFAULT NULL,
  `comentario` text,
  `comentarioAluno` text,
  `nota` float NOT NULL,
  `historiaAlcoolAnterior` varchar(255) DEFAULT NULL,
  `historiaAlcoolAtual` varchar(255) DEFAULT NULL,
  `historiaCafeAnterior` varchar(255) DEFAULT NULL,
  `historiaCafeAtual` varchar(255) DEFAULT NULL,
  `historiaTabacoAnterior` varchar(255) DEFAULT NULL,
  `historiaTabacoAtual` varchar(255) DEFAULT NULL,
  `tipoBebidaAlcoolica` varchar(255) DEFAULT NULL,
  PRIMARY KEY (`id`),
  KEY `FK88D8D79A5097F805` (`fkConsulta`),
  KEY `FK_respostaprimeira_1` (`fkConsulta`),
  CONSTRAINT `FK88D8D79A5097F805` FOREIGN KEY (`fkConsulta`) REFERENCES `consulta` (`id`),
  CONSTRAINT `FK_respostaprimeira_1` FOREIGN KEY (`fkConsulta`) REFERENCES `consulta` (`id`)
) ENGINE=InnoDB DEFAULT CHARSET=latin1;
/*!40101 SET character_set_client = @saved_cs_client */;

--
-- Dumping data for table `respostaprimeira`
--

LOCK TABLES `respostaprimeira` WRITE;
/*!40000 ALTER TABLE `respostaprimeira` DISABLE KEYS */;
/*!40000 ALTER TABLE `respostaprimeira` ENABLE KEYS */;
UNLOCK TABLES;

--
-- Table structure for table `queixarespostaterceira`
--

DROP TABLE IF EXISTS `queixarespostaterceira`;
/*!40101 SET @saved_cs_client     = @@character_set_client */;
/*!40101 SET character_set_client = utf8 */;
CREATE TABLE `queixarespostaterceira` (
  `id` int(11) NOT NULL AUTO_INCREMENT,
  `descricao` varchar(80) NOT NULL DEFAULT '',
  `fkResposta` int(11) NOT NULL,
  PRIMARY KEY (`id`),
  KEY `FK1CE59807871504B2` (`fkResposta`),
  CONSTRAINT `FK1CE59807871504B2` FOREIGN KEY (`fkResposta`) REFERENCES `respostaterceira` (`id`),
  CONSTRAINT `FK_queixarespostaterceira_1` FOREIGN KEY (`fkResposta`) REFERENCES `respostaterceira` (`id`)
) ENGINE=InnoDB DEFAULT CHARSET=latin1;
/*!40101 SET character_set_client = @saved_cs_client */;

--
-- Dumping data for table `queixarespostaterceira`
--

LOCK TABLES `queixarespostaterceira` WRITE;
/*!40000 ALTER TABLE `queixarespostaterceira` DISABLE KEYS */;
/*!40000 ALTER TABLE `queixarespostaterceira` ENABLE KEYS */;
UNLOCK TABLES;

--
-- Table structure for table `tb_medicamentos_anteriores`
--

DROP TABLE IF EXISTS `tb_medicamentos_anteriores`;
/*!40101 SET @saved_cs_client     = @@character_set_client */;
/*!40101 SET character_set_client = utf8 */;
CREATE TABLE `tb_medicamentos_anteriores` (
  `IdConsultaVariavel` bigint(20) NOT NULL,
  `IdMedicamento` int(11) NOT NULL,
  `Indicacao` varchar(100) DEFAULT NULL,
  `Resposta` varchar(100) DEFAULT NULL,
  `Periodo` varchar(100) DEFAULT NULL,
  PRIMARY KEY (`IdConsultaVariavel`,`IdMedicamento`),
  KEY `fk_tb_consulta_variavel_has_tb_medicamentos_tb_medicamentos1` (`IdMedicamento`),
  KEY `fk_tb_consulta_variavel_has_tb_medicamentos_tb_consulta_varia1` (`IdConsultaVariavel`),
  CONSTRAINT `fk_tb_consulta_variavel_has_tb_medicamentos_tb_consulta_varia1` FOREIGN KEY (`IdConsultaVariavel`) REFERENCES `tb_consulta_variavel` (`IdConsultaVariavel`) ON DELETE NO ACTION ON UPDATE NO ACTION,
  CONSTRAINT `fk_tb_consulta_variavel_has_tb_medicamentos_tb_medicamentos1` FOREIGN KEY (`IdMedicamento`) REFERENCES `tb_medicamentos` (`IdMedicamento`) ON DELETE NO ACTION ON UPDATE NO ACTION
) ENGINE=InnoDB DEFAULT CHARSET=latin1;
/*!40101 SET character_set_client = @saved_cs_client */;

--
-- Dumping data for table `tb_medicamentos_anteriores`
--

LOCK TABLES `tb_medicamentos_anteriores` WRITE;
/*!40000 ALTER TABLE `tb_medicamentos_anteriores` DISABLE KEYS */;
INSERT INTO `tb_medicamentos_anteriores` VALUES (2,1,'1','11','1');
/*!40000 ALTER TABLE `tb_medicamentos_anteriores` ENABLE KEYS */;
UNLOCK TABLES;

--
-- Table structure for table `tb_consulta_fixo`
--

DROP TABLE IF EXISTS `tb_consulta_fixo`;
/*!40101 SET @saved_cs_client     = @@character_set_client */;
/*!40101 SET character_set_client = utf8 */;
CREATE TABLE `tb_consulta_fixo` (
  `IdConsultaFixo` bigint(20) NOT NULL AUTO_INCREMENT,
  `EhGabarito` tinyint(1) NOT NULL DEFAULT '0',
  `DataAtualizacao` datetime DEFAULT NULL,
  `ComentariosTutor` text,
  PRIMARY KEY (`IdConsultaFixo`)
) ENGINE=InnoDB AUTO_INCREMENT=8 DEFAULT CHARSET=latin1;
/*!40101 SET character_set_client = @saved_cs_client */;

--
-- Dumping data for table `tb_consulta_fixo`
--

LOCK TABLES `tb_consulta_fixo` WRITE;
/*!40000 ALTER TABLE `tb_consulta_fixo` DISABLE KEYS */;
INSERT INTO `tb_consulta_fixo` VALUES (1,0,'0001-01-01 00:00:00',NULL),(2,0,'0001-01-01 00:00:00',NULL),(3,0,'0001-01-01 00:00:00',NULL),(4,0,'0001-01-01 00:00:00',NULL),(5,0,'0001-01-01 00:00:00',NULL),(6,0,'0001-01-01 00:00:00',NULL),(7,0,'0001-01-01 00:00:00',NULL);
/*!40000 ALTER TABLE `tb_consulta_fixo` ENABLE KEYS */;
UNLOCK TABLES;

--
-- Table structure for table `tb_sistema`
--

DROP TABLE IF EXISTS `tb_sistema`;
/*!40101 SET @saved_cs_client     = @@character_set_client */;
/*!40101 SET character_set_client = utf8 */;
CREATE TABLE `tb_sistema` (
  `IdSistema` int(11) NOT NULL AUTO_INCREMENT,
  `NomeSistema` varchar(100) NOT NULL,
  PRIMARY KEY (`IdSistema`)
) ENGINE=InnoDB AUTO_INCREMENT=3 DEFAULT CHARSET=latin1;
/*!40101 SET character_set_client = @saved_cs_client */;

--
-- Dumping data for table `tb_sistema`
--

LOCK TABLES `tb_sistema` WRITE;
/*!40000 ALTER TABLE `tb_sistema` DISABLE KEYS */;
INSERT INTO `tb_sistema` VALUES (1,'Respiratório'),(2,'Circulatório');
/*!40000 ALTER TABLE `tb_sistema` ENABLE KEYS */;
UNLOCK TABLES;

--
-- Table structure for table `medicamentoqueixasegunda`
--

DROP TABLE IF EXISTS `medicamentoqueixasegunda`;
/*!40101 SET @saved_cs_client     = @@character_set_client */;
/*!40101 SET character_set_client = utf8 */;
CREATE TABLE `medicamentoqueixasegunda` (
  `id` int(10) NOT NULL AUTO_INCREMENT,
  `descricao` varchar(150) DEFAULT NULL,
  `dose` varchar(80) DEFAULT NULL,
  `efetivo` varchar(1) DEFAULT NULL,
  `necessario` varchar(1) DEFAULT NULL,
  `periodo` varchar(80) DEFAULT NULL,
  `seguro` varchar(1) DEFAULT NULL,
  `cumprimento` varchar(1) DEFAULT NULL,
  `fkQueixaSegunda` int(10) NOT NULL,
  `conheceCumpre` varchar(1) DEFAULT NULL,
  PRIMARY KEY (`id`),
  KEY `FKF12E64244E1862F8` (`fkQueixaSegunda`),
  CONSTRAINT `FKF12E64244E1862F8` FOREIGN KEY (`fkQueixaSegunda`) REFERENCES `queixarespostasegunda` (`id`),
  CONSTRAINT `FK_medicamentoqueixasegunda_1` FOREIGN KEY (`fkQueixaSegunda`) REFERENCES `queixarespostasegunda` (`id`)
) ENGINE=InnoDB DEFAULT CHARSET=latin1;
/*!40101 SET character_set_client = @saved_cs_client */;

--
-- Dumping data for table `medicamentoqueixasegunda`
--

LOCK TABLES `medicamentoqueixasegunda` WRITE;
/*!40000 ALTER TABLE `medicamentoqueixasegunda` DISABLE KEYS */;
/*!40000 ALTER TABLE `medicamentoqueixasegunda` ENABLE KEYS */;
UNLOCK TABLES;

--
-- Table structure for table `tb_bebida`
--

DROP TABLE IF EXISTS `tb_bebida`;
/*!40101 SET @saved_cs_client     = @@character_set_client */;
/*!40101 SET character_set_client = utf8 */;
CREATE TABLE `tb_bebida` (
  `IdBebida` int(11) NOT NULL,
  `Nome` varchar(45) NOT NULL,
  PRIMARY KEY (`IdBebida`)
) ENGINE=InnoDB DEFAULT CHARSET=latin1;
/*!40101 SET character_set_client = @saved_cs_client */;

--
-- Dumping data for table `tb_bebida`
--

LOCK TABLES `tb_bebida` WRITE;
/*!40000 ALTER TABLE `tb_bebida` DISABLE KEYS */;
INSERT INTO `tb_bebida` VALUES (1,'Água'),(2,'Leite');
/*!40000 ALTER TABLE `tb_bebida` ENABLE KEYS */;
UNLOCK TABLES;

--
-- Table structure for table `tb_resposta`
--

DROP TABLE IF EXISTS `tb_resposta`;
/*!40101 SET @saved_cs_client     = @@character_set_client */;
/*!40101 SET character_set_client = utf8 */;
CREATE TABLE `tb_resposta` (
  `IdResposta` int(11) NOT NULL AUTO_INCREMENT,
  `Resposta` varchar(255) NOT NULL,
  `IdPergunta` int(11) NOT NULL,
  PRIMARY KEY (`IdResposta`),
  KEY `fk_tb_resposta_tb_pergunta1` (`IdPergunta`),
  CONSTRAINT `fk_tb_resposta_tb_pergunta1` FOREIGN KEY (`IdPergunta`) REFERENCES `tb_pergunta` (`IdPergunta`) ON DELETE NO ACTION ON UPDATE NO ACTION
) ENGINE=InnoDB AUTO_INCREMENT=4 DEFAULT CHARSET=latin1;
/*!40101 SET character_set_client = @saved_cs_client */;

--
-- Dumping data for table `tb_resposta`
--

LOCK TABLES `tb_resposta` WRITE;
/*!40000 ALTER TABLE `tb_resposta` DISABLE KEYS */;
INSERT INTO `tb_resposta` VALUES (2,'sim',2),(3,'nao',2);
/*!40000 ALTER TABLE `tb_resposta` ENABLE KEYS */;
UNLOCK TABLES;

--
-- Table structure for table `tb_turma_pessoa_relato`
--

DROP TABLE IF EXISTS `tb_turma_pessoa_relato`;
/*!40101 SET @saved_cs_client     = @@character_set_client */;
/*!40101 SET character_set_client = utf8 */;
CREATE TABLE `tb_turma_pessoa_relato` (
  `IdTurma` int(11) NOT NULL,
  `IdPessoa` int(11) NOT NULL,
  `IdRelato` int(11) NOT NULL,
  `IdConsultaFixo` bigint(20) NOT NULL,
  `EstadoPreencimento` char(1) NOT NULL DEFAULT 'A',
  PRIMARY KEY (`IdTurma`,`IdPessoa`,`IdRelato`,`IdConsultaFixo`),
  KEY `fk_tb_turma_pessoa_has_tb_relato_clinico_tb_relato_clinico1` (`IdRelato`),
  KEY `fk_tb_turma_pessoa_has_tb_relato_clinico_tb_turma_pessoa1` (`IdTurma`,`IdPessoa`),
  KEY `fk_tb_turma_pessoa_relato_tb_consulta_fixo1` (`IdConsultaFixo`),
  CONSTRAINT `fk_tb_turma_pessoa_has_tb_relato_clinico_tb_turma_pessoa1` FOREIGN KEY (`IdTurma`, `IdPessoa`) REFERENCES `tb_turma_pessoa` (`IdTurma`, `IdPessoa`) ON DELETE NO ACTION ON UPDATE NO ACTION,
  CONSTRAINT `fk_tb_turma_pessoa_has_tb_relato_clinico_tb_relato_clinico1` FOREIGN KEY (`IdRelato`) REFERENCES `tb_relato_clinico` (`IdRelato`) ON DELETE NO ACTION ON UPDATE NO ACTION,
  CONSTRAINT `fk_tb_turma_pessoa_relato_tb_consulta_fixo1` FOREIGN KEY (`IdConsultaFixo`) REFERENCES `tb_consulta_fixo` (`IdConsultaFixo`) ON DELETE NO ACTION ON UPDATE NO ACTION
) ENGINE=InnoDB DEFAULT CHARSET=latin1;
/*!40101 SET character_set_client = @saved_cs_client */;

--
-- Dumping data for table `tb_turma_pessoa_relato`
--

LOCK TABLES `tb_turma_pessoa_relato` WRITE;
/*!40000 ALTER TABLE `tb_turma_pessoa_relato` DISABLE KEYS */;
INSERT INTO `tb_turma_pessoa_relato` VALUES (1,1,1,5,'A'),(1,1,1,6,'A'),(1,1,2,7,'A');
/*!40000 ALTER TABLE `tb_turma_pessoa_relato` ENABLE KEYS */;
UNLOCK TABLES;

--
-- Table structure for table `tb_consulta_variavel`
--

DROP TABLE IF EXISTS `tb_consulta_variavel`;
/*!40101 SET @saved_cs_client     = @@character_set_client */;
/*!40101 SET character_set_client = utf8 */;
CREATE TABLE `tb_consulta_variavel` (
  `IdConsultaVariavel` bigint(20) NOT NULL AUTO_INCREMENT,
  `IdTurma` int(11) NOT NULL,
  `IdPessoa` int(11) NOT NULL,
  `IdRelato` int(11) NOT NULL,
  `IdConsultaFixo` bigint(20) NOT NULL,
  `IdRazaoEncontro` int(11) NOT NULL,
  `DataPreenchimento` datetime DEFAULT NULL,
  `Lembretes` text,
  `ComentariosTutor` text,
  PRIMARY KEY (`IdConsultaVariavel`),
  KEY `fk_tb_consulta_variavel_tb_razao_encontro1` (`IdRazaoEncontro`),
  KEY `fk_tb_consulta_variavel_tb_turma_pessoa_relato1` (`IdTurma`,`IdPessoa`,`IdRelato`,`IdConsultaFixo`),
  CONSTRAINT `fk_tb_consulta_variavel_tb_razao_encontro1` FOREIGN KEY (`IdRazaoEncontro`) REFERENCES `tb_razao_encontro` (`IdRazaoEncontro`) ON DELETE NO ACTION ON UPDATE NO ACTION,
  CONSTRAINT `fk_tb_consulta_variavel_tb_turma_pessoa_relato1` FOREIGN KEY (`IdTurma`, `IdPessoa`, `IdRelato`, `IdConsultaFixo`) REFERENCES `tb_turma_pessoa_relato` (`IdTurma`, `IdPessoa`, `IdRelato`, `IdConsultaFixo`) ON DELETE NO ACTION ON UPDATE NO ACTION
) ENGINE=InnoDB AUTO_INCREMENT=4 DEFAULT CHARSET=latin1;
/*!40101 SET character_set_client = @saved_cs_client */;

--
-- Dumping data for table `tb_consulta_variavel`
--

LOCK TABLES `tb_consulta_variavel` WRITE;
/*!40000 ALTER TABLE `tb_consulta_variavel` DISABLE KEYS */;
INSERT INTO `tb_consulta_variavel` VALUES (2,1,1,1,6,1,'0001-01-01 00:00:00',NULL,NULL),(3,1,1,2,7,1,'0001-01-01 00:00:00',NULL,NULL);
/*!40000 ALTER TABLE `tb_consulta_variavel` ENABLE KEYS */;
UNLOCK TABLES;

--
-- Table structure for table `my_aspnet_profiles`
--

DROP TABLE IF EXISTS `my_aspnet_profiles`;
/*!40101 SET @saved_cs_client     = @@character_set_client */;
/*!40101 SET character_set_client = utf8 */;
CREATE TABLE `my_aspnet_profiles` (
  `userId` int(11) NOT NULL,
  `valueindex` longtext,
  `stringdata` longtext,
  `binarydata` longblob,
  `lastUpdatedDate` timestamp NOT NULL DEFAULT CURRENT_TIMESTAMP ON UPDATE CURRENT_TIMESTAMP,
  PRIMARY KEY (`userId`)
) ENGINE=InnoDB DEFAULT CHARSET=latin1;
/*!40101 SET character_set_client = @saved_cs_client */;

--
-- Dumping data for table `my_aspnet_profiles`
--

LOCK TABLES `my_aspnet_profiles` WRITE;
/*!40000 ALTER TABLE `my_aspnet_profiles` DISABLE KEYS */;
/*!40000 ALTER TABLE `my_aspnet_profiles` ENABLE KEYS */;
UNLOCK TABLES;

--
-- Table structure for table `casoclinico`
--

DROP TABLE IF EXISTS `casoclinico`;
/*!40101 SET @saved_cs_client     = @@character_set_client */;
/*!40101 SET character_set_client = utf8 */;
CREATE TABLE `casoclinico` (
  `id` int(11) NOT NULL AUTO_INCREMENT,
  `alergias` varchar(255) DEFAULT NULL,
  `altura` float NOT NULL,
  `dataNascimento` datetime DEFAULT NULL,
  `disponibilidade` varchar(255) DEFAULT NULL,
  `escolaridade` varchar(255) DEFAULT NULL,
  `flBebeAlcool` varchar(255) DEFAULT NULL,
  `flBebeCafe` varchar(255) DEFAULT NULL,
  `flFuma` varchar(255) DEFAULT NULL,
  `genero` varchar(255) DEFAULT NULL,
  `medicosQueAtendem` varchar(255) DEFAULT NULL,
  `moradiaFamilia` varchar(255) DEFAULT NULL,
  `nome` varchar(255) DEFAULT NULL,
  `ocupacao` varchar(255) DEFAULT NULL,
  `peso` float NOT NULL,
  `planoDeSaude` varchar(255) DEFAULT NULL,
  `pressaoDiastolica` int(11) NOT NULL,
  `pressaoSistolica` int(11) NOT NULL,
  `relatoDeCasoPrimeiraConsulta` longtext,
  `relatoDeCasoTerceiraConsulta` longtext,
  `temperatura` float NOT NULL,
  `historiaAlcoolAnterior` varchar(255) DEFAULT NULL,
  `historiaAlcoolAtual` varchar(255) DEFAULT NULL,
  `historiaCafeAnterior` varchar(255) DEFAULT NULL,
  `historiaCafeAtual` varchar(255) DEFAULT NULL,
  `historiaTabacoAnterior` varchar(255) DEFAULT NULL,
  `historiaTabacoAtual` varchar(255) DEFAULT NULL,
  `peso2` float DEFAULT NULL,
  `pressaoDiastolica2` int(11) DEFAULT NULL,
  `pressaoSistolica2` int(11) DEFAULT NULL,
  `temperatura2` float DEFAULT NULL,
  `tipoBebidaAlcoolica` varchar(255) DEFAULT NULL,
  PRIMARY KEY (`id`)
) ENGINE=InnoDB DEFAULT CHARSET=latin1;
/*!40101 SET character_set_client = @saved_cs_client */;

--
-- Dumping data for table `casoclinico`
--

LOCK TABLES `casoclinico` WRITE;
/*!40000 ALTER TABLE `casoclinico` DISABLE KEYS */;
/*!40000 ALTER TABLE `casoclinico` ENABLE KEYS */;
UNLOCK TABLES;

--
-- Table structure for table `queixarespostaprimeira`
--

DROP TABLE IF EXISTS `queixarespostaprimeira`;
/*!40101 SET @saved_cs_client     = @@character_set_client */;
/*!40101 SET character_set_client = utf8 */;
CREATE TABLE `queixarespostaprimeira` (
  `id` int(11) NOT NULL AUTO_INCREMENT,
  `descricao` varchar(255) NOT NULL,
  `fkResposta` int(11) NOT NULL,
  PRIMARY KEY (`id`),
  KEY `FK1E43344B8872A0F6` (`fkResposta`),
  KEY `FK_queixarespostaprimeira_1` (`fkResposta`),
  CONSTRAINT `FK1E43344B8872A0F6` FOREIGN KEY (`fkResposta`) REFERENCES `respostaprimeira` (`id`),
  CONSTRAINT `FK_queixarespostaprimeira_1` FOREIGN KEY (`fkResposta`) REFERENCES `respostaprimeira` (`id`)
) ENGINE=InnoDB DEFAULT CHARSET=latin1;
/*!40101 SET character_set_client = @saved_cs_client */;

--
-- Dumping data for table `queixarespostaprimeira`
--

LOCK TABLES `queixarespostaprimeira` WRITE;
/*!40000 ALTER TABLE `queixarespostaprimeira` DISABLE KEYS */;
/*!40000 ALTER TABLE `queixarespostaprimeira` ENABLE KEYS */;
UNLOCK TABLES;

--
-- Table structure for table `aluno`
--

DROP TABLE IF EXISTS `aluno`;
/*!40101 SET @saved_cs_client     = @@character_set_client */;
/*!40101 SET character_set_client = utf8 */;
CREATE TABLE `aluno` (
  `login` varchar(40) NOT NULL DEFAULT '',
  `anoInicioCurso` int(11) NOT NULL,
  `flCursouAssistenciaFarmaceutica` varchar(1) DEFAULT NULL,
  `flCursouAtencaoFarmaceutica` varchar(1) DEFAULT NULL,
  `flCursouDispencaoFarmaceutica` varchar(1) DEFAULT NULL,
  `flCursouFarmaciaClinica` varchar(1) DEFAULT NULL,
  `flCursouIntroducaoFarmacia` varchar(1) DEFAULT NULL,
  `flCursouSemiologiaFarmaceutica` varchar(1) DEFAULT NULL,
  `flCursouTopicosFarmaciaClinica` varchar(1) DEFAULT NULL,
  `genero` varchar(1) DEFAULT NULL,
  `idade` int(11) NOT NULL,
  `matricula` varchar(8) DEFAULT NULL,
  `fkTurma` int(11) DEFAULT NULL,
  `nome` varchar(45) NOT NULL DEFAULT '',
  `liberado` char(1) DEFAULT 'S',
  `fkConsultaAtual` int(11) DEFAULT NULL,
  `nrConsulta` int(11) NOT NULL DEFAULT '1',
  `nrTentativa` int(11) NOT NULL DEFAULT '1',
  `flAcessoCasa` varchar(1) DEFAULT NULL,
  `flAcessoCasaAmigo` varchar(1) DEFAULT NULL,
  `flAcessoOutro` varchar(1) DEFAULT NULL,
  `flAcessoUniversidade` varchar(1) DEFAULT NULL,
  PRIMARY KEY (`login`),
  KEY `FK589C4EB2B97188F` (`fkTurma`),
  KEY `FK589C4EBDD526F1E` (`fkConsultaAtual`),
  CONSTRAINT `FK589C4EBDD526F1E` FOREIGN KEY (`fkConsultaAtual`) REFERENCES `consulta` (`id`),
  CONSTRAINT `FK_aluno_2` FOREIGN KEY (`fkConsultaAtual`) REFERENCES `consulta` (`id`)
) ENGINE=InnoDB DEFAULT CHARSET=latin1;
/*!40101 SET character_set_client = @saved_cs_client */;

--
-- Dumping data for table `aluno`
--

LOCK TABLES `aluno` WRITE;
/*!40000 ALTER TABLE `aluno` DISABLE KEYS */;
/*!40000 ALTER TABLE `aluno` ENABLE KEYS */;
UNLOCK TABLES;

--
-- Table structure for table `consulta`
--

DROP TABLE IF EXISTS `consulta`;
/*!40101 SET @saved_cs_client     = @@character_set_client */;
/*!40101 SET character_set_client = utf8 */;
CREATE TABLE `consulta` (
  `id` int(11) NOT NULL AUTO_INCREMENT,
  `fkCasoClinico` int(11) NOT NULL DEFAULT '0',
  `fkAluno` varchar(40) NOT NULL DEFAULT '',
  PRIMARY KEY (`id`),
  KEY `FKDE2881F58A1319FF` (`fkCasoClinico`),
  KEY `FKDE2881F52977839B` (`fkAluno`),
  KEY `FK_Consulta_1` (`fkCasoClinico`),
  KEY `FK_consulta_2` (`fkAluno`),
  CONSTRAINT `FKDE2881F52977839B` FOREIGN KEY (`fkAluno`) REFERENCES `aluno` (`login`),
  CONSTRAINT `FKDE2881F58A1319FF` FOREIGN KEY (`fkCasoClinico`) REFERENCES `casoclinico` (`id`),
  CONSTRAINT `FK_Consulta_1` FOREIGN KEY (`fkCasoClinico`) REFERENCES `casoclinico` (`id`),
  CONSTRAINT `FK_consulta_2` FOREIGN KEY (`fkAluno`) REFERENCES `aluno` (`login`)
) ENGINE=InnoDB DEFAULT CHARSET=latin1;
/*!40101 SET character_set_client = @saved_cs_client */;

--
-- Dumping data for table `consulta`
--

LOCK TABLES `consulta` WRITE;
/*!40000 ALTER TABLE `consulta` DISABLE KEYS */;
/*!40000 ALTER TABLE `consulta` ENABLE KEYS */;
UNLOCK TABLES;

--
-- Table structure for table `queixarespostasegunda`
--

DROP TABLE IF EXISTS `queixarespostasegunda`;
/*!40101 SET @saved_cs_client     = @@character_set_client */;
/*!40101 SET character_set_client = utf8 */;
CREATE TABLE `queixarespostasegunda` (
  `id` int(11) NOT NULL AUTO_INCREMENT,
  `numeroPRM` int(11) NOT NULL DEFAULT '0',
  `fkResposta2` int(11) NOT NULL DEFAULT '0',
  `flConheceOuPreocupa` varchar(1) DEFAULT NULL,
  `prioridade` int(10) unsigned NOT NULL,
  `descricao` varchar(125) DEFAULT NULL,
  `periodoSurgimento` varchar(45) DEFAULT NULL,
  PRIMARY KEY (`id`),
  KEY `FKFD098D39A4FE1140` (`fkResposta2`),
  KEY `FK685CED99A4FE1140` (`fkResposta2`),
  CONSTRAINT `FK685CED99A4FE1140` FOREIGN KEY (`fkResposta2`) REFERENCES `respostasegunda` (`id`),
  CONSTRAINT `FKFD098D39A4FE1140` FOREIGN KEY (`fkResposta2`) REFERENCES `respostasegunda` (`id`)
) ENGINE=InnoDB DEFAULT CHARSET=latin1;
/*!40101 SET character_set_client = @saved_cs_client */;

--
-- Dumping data for table `queixarespostasegunda`
--

LOCK TABLES `queixarespostasegunda` WRITE;
/*!40000 ALTER TABLE `queixarespostasegunda` DISABLE KEYS */;
/*!40000 ALTER TABLE `queixarespostasegunda` ENABLE KEYS */;
UNLOCK TABLES;

--
-- Table structure for table `tb_experiencia_medicamentos`
--

DROP TABLE IF EXISTS `tb_experiencia_medicamentos`;
/*!40101 SET @saved_cs_client     = @@character_set_client */;
/*!40101 SET character_set_client = utf8 */;
CREATE TABLE `tb_experiencia_medicamentos` (
  `IdConsultaFixo` bigint(20) NOT NULL,
  `IdRespostaEsperaTratamento` int(11) NOT NULL,
  `IdRespostaPreocupacoes` int(11) NOT NULL,
  `IdRespostaGrauEntendimento` int(11) NOT NULL,
  `IdRespostaCultural` int(11) NOT NULL,
  `IdRespostaComportamento` int(11) NOT NULL,
  `IdRespostaIncorporadoPlano` int(11) NOT NULL,
  `AtencaoEsperaTratamento` tinyint(1) NOT NULL,
  `AtencaoPreocupacoes` tinyint(1) NOT NULL,
  `AtencaoGrauEntendimento` tinyint(1) NOT NULL,
  `AtencaoCultural` tinyint(1) NOT NULL,
  `AtencaoComportamento` tinyint(1) NOT NULL,
  PRIMARY KEY (`IdConsultaFixo`),
  KEY `fk_tb_experiencia_medicamentos_tb_resposta1` (`IdRespostaEsperaTratamento`),
  KEY `fk_tb_experiencia_medicamentos_tb_resposta2` (`IdRespostaPreocupacoes`),
  KEY `fk_tb_experiencia_medicamentos_tb_resposta3` (`IdRespostaGrauEntendimento`),
  KEY `fk_tb_experiencia_medicamentos_tb_resposta4` (`IdRespostaCultural`),
  KEY `fk_tb_experiencia_medicamentos_tb_resposta5` (`IdRespostaComportamento`),
  KEY `fk_tb_experiencia_medicamentos_tb_resposta6` (`IdRespostaIncorporadoPlano`),
  CONSTRAINT `fk_tb_experiencia_medicamentos_tb_consulta_fixo1` FOREIGN KEY (`IdConsultaFixo`) REFERENCES `tb_consulta_fixo` (`IdConsultaFixo`) ON DELETE NO ACTION ON UPDATE NO ACTION,
  CONSTRAINT `fk_tb_experiencia_medicamentos_tb_resposta1` FOREIGN KEY (`IdRespostaEsperaTratamento`) REFERENCES `tb_resposta` (`IdResposta`) ON DELETE NO ACTION ON UPDATE NO ACTION,
  CONSTRAINT `fk_tb_experiencia_medicamentos_tb_resposta2` FOREIGN KEY (`IdRespostaPreocupacoes`) REFERENCES `tb_resposta` (`IdResposta`) ON DELETE NO ACTION ON UPDATE NO ACTION,
  CONSTRAINT `fk_tb_experiencia_medicamentos_tb_resposta3` FOREIGN KEY (`IdRespostaGrauEntendimento`) REFERENCES `tb_resposta` (`IdResposta`) ON DELETE NO ACTION ON UPDATE NO ACTION,
  CONSTRAINT `fk_tb_experiencia_medicamentos_tb_resposta4` FOREIGN KEY (`IdRespostaCultural`) REFERENCES `tb_resposta` (`IdResposta`) ON DELETE NO ACTION ON UPDATE NO ACTION,
  CONSTRAINT `fk_tb_experiencia_medicamentos_tb_resposta5` FOREIGN KEY (`IdRespostaComportamento`) REFERENCES `tb_resposta` (`IdResposta`) ON DELETE NO ACTION ON UPDATE NO ACTION,
  CONSTRAINT `fk_tb_experiencia_medicamentos_tb_resposta6` FOREIGN KEY (`IdRespostaIncorporadoPlano`) REFERENCES `tb_resposta` (`IdResposta`) ON DELETE NO ACTION ON UPDATE NO ACTION
) ENGINE=InnoDB DEFAULT CHARSET=latin1;
/*!40101 SET character_set_client = @saved_cs_client */;

--
-- Dumping data for table `tb_experiencia_medicamentos`
--

LOCK TABLES `tb_experiencia_medicamentos` WRITE;
/*!40000 ALTER TABLE `tb_experiencia_medicamentos` DISABLE KEYS */;
/*!40000 ALTER TABLE `tb_experiencia_medicamentos` ENABLE KEYS */;
UNLOCK TABLES;

--
-- Table structure for table `my_aspnet_applications`
--

DROP TABLE IF EXISTS `my_aspnet_applications`;
/*!40101 SET @saved_cs_client     = @@character_set_client */;
/*!40101 SET character_set_client = utf8 */;
CREATE TABLE `my_aspnet_applications` (
  `id` int(11) NOT NULL AUTO_INCREMENT,
  `name` varchar(256) DEFAULT NULL,
  `description` varchar(256) DEFAULT NULL,
  PRIMARY KEY (`id`)
) ENGINE=InnoDB AUTO_INCREMENT=2 DEFAULT CHARSET=latin1;
/*!40101 SET character_set_client = @saved_cs_client */;

--
-- Dumping data for table `my_aspnet_applications`
--

LOCK TABLES `my_aspnet_applications` WRITE;
/*!40000 ALTER TABLE `my_aspnet_applications` DISABLE KEYS */;
INSERT INTO `my_aspnet_applications` VALUES (1,'/','MySQL roles');
/*!40000 ALTER TABLE `my_aspnet_applications` ENABLE KEYS */;
UNLOCK TABLES;

--
-- Table structure for table `my_aspnet_usersinroles`
--

DROP TABLE IF EXISTS `my_aspnet_usersinroles`;
/*!40101 SET @saved_cs_client     = @@character_set_client */;
/*!40101 SET character_set_client = utf8 */;
CREATE TABLE `my_aspnet_usersinroles` (
  `userId` int(11) NOT NULL DEFAULT '0',
  `roleId` int(11) NOT NULL DEFAULT '0',
  PRIMARY KEY (`userId`,`roleId`)
) ENGINE=InnoDB DEFAULT CHARSET=latin1 ROW_FORMAT=DYNAMIC;
/*!40101 SET character_set_client = @saved_cs_client */;

--
-- Dumping data for table `my_aspnet_usersinroles`
--

LOCK TABLES `my_aspnet_usersinroles` WRITE;
/*!40000 ALTER TABLE `my_aspnet_usersinroles` DISABLE KEYS */;
INSERT INTO `my_aspnet_usersinroles` VALUES (1,1),(2,2);
/*!40000 ALTER TABLE `my_aspnet_usersinroles` ENABLE KEYS */;
UNLOCK TABLES;

--
-- Table structure for table `tb_parametro_clinico`
--

DROP TABLE IF EXISTS `tb_parametro_clinico`;
/*!40101 SET @saved_cs_client     = @@character_set_client */;
/*!40101 SET character_set_client = utf8 */;
CREATE TABLE `tb_parametro_clinico` (
  `IdParametroClinico` int(11) NOT NULL,
  `ParametroClinico` varchar(100) NOT NULL,
  PRIMARY KEY (`IdParametroClinico`)
) ENGINE=InnoDB DEFAULT CHARSET=latin1;
/*!40101 SET character_set_client = @saved_cs_client */;

--
-- Dumping data for table `tb_parametro_clinico`
--

LOCK TABLES `tb_parametro_clinico` WRITE;
/*!40000 ALTER TABLE `tb_parametro_clinico` DISABLE KEYS */;
/*!40000 ALTER TABLE `tb_parametro_clinico` ENABLE KEYS */;
UNLOCK TABLES;

--
-- Table structure for table `tb_acao_queixa`
--

DROP TABLE IF EXISTS `tb_acao_queixa`;
/*!40101 SET @saved_cs_client     = @@character_set_client */;
/*!40101 SET character_set_client = utf8 */;
CREATE TABLE `tb_acao_queixa` (
  `IdAcaoQueixa` int(11) NOT NULL AUTO_INCREMENT,
  `DescricaoAcao` varchar(100) NOT NULL,
  PRIMARY KEY (`IdAcaoQueixa`)
) ENGINE=InnoDB AUTO_INCREMENT=4 DEFAULT CHARSET=latin1;
/*!40101 SET character_set_client = @saved_cs_client */;

--
-- Dumping data for table `tb_acao_queixa`
--

LOCK TABLES `tb_acao_queixa` WRITE;
/*!40000 ALTER TABLE `tb_acao_queixa` DISABLE KEYS */;
INSERT INTO `tb_acao_queixa` VALUES (2,'enviar médico'),(3,'medicar');
/*!40000 ALTER TABLE `tb_acao_queixa` ENABLE KEYS */;
UNLOCK TABLES;

--
-- Table structure for table `my_aspnet_roles`
--

DROP TABLE IF EXISTS `my_aspnet_roles`;
/*!40101 SET @saved_cs_client     = @@character_set_client */;
/*!40101 SET character_set_client = utf8 */;
CREATE TABLE `my_aspnet_roles` (
  `id` int(11) NOT NULL AUTO_INCREMENT,
  `applicationId` int(11) NOT NULL,
  `name` varchar(255) NOT NULL,
  PRIMARY KEY (`id`)
) ENGINE=InnoDB AUTO_INCREMENT=4 DEFAULT CHARSET=latin1 ROW_FORMAT=DYNAMIC;
/*!40101 SET character_set_client = @saved_cs_client */;

--
-- Dumping data for table `my_aspnet_roles`
--

LOCK TABLES `my_aspnet_roles` WRITE;
/*!40000 ALTER TABLE `my_aspnet_roles` DISABLE KEYS */;
INSERT INTO `my_aspnet_roles` VALUES (1,1,'administrador'),(2,1,'usuario'),(3,1,'tutor');
/*!40000 ALTER TABLE `my_aspnet_roles` ENABLE KEYS */;
UNLOCK TABLES;

--
-- Table structure for table `my_aspnet_membership`
--

DROP TABLE IF EXISTS `my_aspnet_membership`;
/*!40101 SET @saved_cs_client     = @@character_set_client */;
/*!40101 SET character_set_client = utf8 */;
CREATE TABLE `my_aspnet_membership` (
  `userId` int(11) NOT NULL DEFAULT '0',
  `Email` varchar(128) DEFAULT NULL,
  `Comment` varchar(255) DEFAULT NULL,
  `Password` varchar(128) NOT NULL,
  `PasswordKey` char(32) DEFAULT NULL,
  `PasswordFormat` tinyint(4) DEFAULT NULL,
  `PasswordQuestion` varchar(255) DEFAULT NULL,
  `PasswordAnswer` varchar(255) DEFAULT NULL,
  `IsApproved` tinyint(1) DEFAULT NULL,
  `LastActivityDate` datetime DEFAULT NULL,
  `LastLoginDate` datetime DEFAULT NULL,
  `LastPasswordChangedDate` datetime DEFAULT NULL,
  `CreationDate` datetime DEFAULT NULL,
  `IsLockedOut` tinyint(1) DEFAULT NULL,
  `LastLockedOutDate` datetime DEFAULT NULL,
  `FailedPasswordAttemptCount` int(10) unsigned DEFAULT NULL,
  `FailedPasswordAttemptWindowStart` datetime DEFAULT NULL,
  `FailedPasswordAnswerAttemptCount` int(10) unsigned DEFAULT NULL,
  `FailedPasswordAnswerAttemptWindowStart` datetime DEFAULT NULL,
  PRIMARY KEY (`userId`)
) ENGINE=InnoDB DEFAULT CHARSET=latin1 COMMENT='2';
/*!40101 SET character_set_client = @saved_cs_client */;

--
-- Dumping data for table `my_aspnet_membership`
--

LOCK TABLES `my_aspnet_membership` WRITE;
/*!40000 ALTER TABLE `my_aspnet_membership` DISABLE KEYS */;
INSERT INTO `my_aspnet_membership` VALUES (1,'marcosdosea@yahoo.com.br','','LEYqfv4+20Hq7nme6TC+K8E9k3uW4nIp3uS1weNW4JY=','A0903aZDxeEcCtPOqPMgGg==',1,NULL,NULL,1,'2013-07-23 11:31:57','2013-07-23 11:31:57','2013-07-23 11:15:39','2013-07-23 11:15:39',0,'2013-07-23 11:15:39',2,'2013-08-20 15:01:15',0,'2013-07-23 11:15:39'),(2,'aluno@ufs.br','','9UZXsv0b0mRYrpIvrqyWdFhaWJ2v7IP28EQWsGRG0BY=','qSfOmA/JSmbsgLC5niTPzQ==',1,NULL,NULL,1,'2013-07-23 11:25:20','2013-07-23 11:25:20','2013-07-23 11:17:45','2013-07-23 11:17:45',0,'2013-07-23 11:17:45',0,'2013-07-23 11:17:45',0,'2013-07-23 11:17:45');
/*!40000 ALTER TABLE `my_aspnet_membership` ENABLE KEYS */;
UNLOCK TABLES;

--
-- Table structure for table `tb_diario_pessoal`
--

DROP TABLE IF EXISTS `tb_diario_pessoal`;
/*!40101 SET @saved_cs_client     = @@character_set_client */;
/*!40101 SET character_set_client = utf8 */;
CREATE TABLE `tb_diario_pessoal` (
  `IdConsultaFixo` bigint(20) NOT NULL,
  `IdMedicamento` int(11) NOT NULL,
  `Periodo` char(1) NOT NULL,
  `Horario` varchar(20) DEFAULT NULL,
  `Quantidade` varchar(20) DEFAULT NULL,
  `IdBebida` int(11) NOT NULL,
  PRIMARY KEY (`IdConsultaFixo`,`IdMedicamento`),
  KEY `fk_tb_diario_pessoal_tb_medicamentos1` (`IdMedicamento`),
  KEY `fk_tb_diario_pessoal_tb_consulta_fixo1` (`IdConsultaFixo`),
  KEY `fk_tb_diario_pessoal_tb_bebida1` (`IdBebida`),
  CONSTRAINT `fk_tb_diario_pessoal_tb_medicamentos1` FOREIGN KEY (`IdMedicamento`) REFERENCES `tb_medicamentos` (`IdMedicamento`) ON DELETE NO ACTION ON UPDATE NO ACTION,
  CONSTRAINT `fk_tb_diario_pessoal_tb_consulta_fixo1` FOREIGN KEY (`IdConsultaFixo`) REFERENCES `tb_consulta_fixo` (`IdConsultaFixo`) ON DELETE NO ACTION ON UPDATE NO ACTION,
  CONSTRAINT `fk_tb_diario_pessoal_tb_bebida1` FOREIGN KEY (`IdBebida`) REFERENCES `tb_bebida` (`IdBebida`) ON DELETE NO ACTION ON UPDATE NO ACTION
) ENGINE=InnoDB DEFAULT CHARSET=latin1;
/*!40101 SET character_set_client = @saved_cs_client */;

--
-- Dumping data for table `tb_diario_pessoal`
--

LOCK TABLES `tb_diario_pessoal` WRITE;
/*!40000 ALTER TABLE `tb_diario_pessoal` DISABLE KEYS */;
INSERT INTO `tb_diario_pessoal` VALUES (6,1,'1','7h','01 comprimido',1),(7,1,'M',NULL,NULL,1);
/*!40000 ALTER TABLE `tb_diario_pessoal` ENABLE KEYS */;
UNLOCK TABLES;

--
-- Table structure for table `tb_razao_encontro`
--

DROP TABLE IF EXISTS `tb_razao_encontro`;
/*!40101 SET @saved_cs_client     = @@character_set_client */;
/*!40101 SET character_set_client = utf8 */;
CREATE TABLE `tb_razao_encontro` (
  `IdRazaoEncontro` int(11) NOT NULL,
  `DescricaoRazao` varchar(100) NOT NULL,
  PRIMARY KEY (`IdRazaoEncontro`)
) ENGINE=InnoDB DEFAULT CHARSET=latin1;
/*!40101 SET character_set_client = @saved_cs_client */;

--
-- Dumping data for table `tb_razao_encontro`
--

LOCK TABLES `tb_razao_encontro` WRITE;
/*!40000 ALTER TABLE `tb_razao_encontro` DISABLE KEYS */;
INSERT INTO `tb_razao_encontro` VALUES (1,'-- nao definido --');
/*!40000 ALTER TABLE `tb_razao_encontro` ENABLE KEYS */;
UNLOCK TABLES;

--
-- Table structure for table `tb_acao_alternativa`
--

DROP TABLE IF EXISTS `tb_acao_alternativa`;
/*!40101 SET @saved_cs_client     = @@character_set_client */;
/*!40101 SET character_set_client = utf8 */;
CREATE TABLE `tb_acao_alternativa` (
  `IdAcaoAlternativa` int(11) NOT NULL,
  `DescricaoAcao` varchar(50) DEFAULT NULL,
  PRIMARY KEY (`IdAcaoAlternativa`)
) ENGINE=InnoDB DEFAULT CHARSET=latin1;
/*!40101 SET character_set_client = @saved_cs_client */;

--
-- Dumping data for table `tb_acao_alternativa`
--

LOCK TABLES `tb_acao_alternativa` WRITE;
/*!40000 ALTER TABLE `tb_acao_alternativa` DISABLE KEYS */;
/*!40000 ALTER TABLE `tb_acao_alternativa` ENABLE KEYS */;
UNLOCK TABLES;

--
-- Table structure for table `tb_medicamento_prescrito`
--

DROP TABLE IF EXISTS `tb_medicamento_prescrito`;
/*!40101 SET @saved_cs_client     = @@character_set_client */;
/*!40101 SET character_set_client = utf8 */;
CREATE TABLE `tb_medicamento_prescrito` (
  `IdConsultaVariavel` bigint(20) NOT NULL,
  `IdMedicamento` int(11) NOT NULL,
  `Fitoterapico` tinyint(1) DEFAULT NULL,
  `Dosagem` varchar(50) DEFAULT NULL,
  `Posologia` varchar(50) DEFAULT NULL,
  `Prescritor` varchar(50) DEFAULT NULL,
  `Especialidade` varchar(50) DEFAULT NULL,
  PRIMARY KEY (`IdConsultaVariavel`,`IdMedicamento`),
  KEY `fk_tb_consulta_variavel_has_tb_medicamentos_tb_medicamentos2` (`IdMedicamento`),
  KEY `fk_tb_consulta_variavel_has_tb_medicamentos_tb_consulta_varia2` (`IdConsultaVariavel`),
  CONSTRAINT `fk_tb_consulta_variavel_has_tb_medicamentos_tb_consulta_varia2` FOREIGN KEY (`IdConsultaVariavel`) REFERENCES `tb_consulta_variavel` (`IdConsultaVariavel`) ON DELETE NO ACTION ON UPDATE NO ACTION,
  CONSTRAINT `fk_tb_consulta_variavel_has_tb_medicamentos_tb_medicamentos2` FOREIGN KEY (`IdMedicamento`) REFERENCES `tb_medicamentos` (`IdMedicamento`) ON DELETE NO ACTION ON UPDATE NO ACTION
) ENGINE=InnoDB DEFAULT CHARSET=latin1;
/*!40101 SET character_set_client = @saved_cs_client */;

--
-- Dumping data for table `tb_medicamento_prescrito`
--

LOCK TABLES `tb_medicamento_prescrito` WRITE;
/*!40000 ALTER TABLE `tb_medicamento_prescrito` DISABLE KEYS */;
/*!40000 ALTER TABLE `tb_medicamento_prescrito` ENABLE KEYS */;
UNLOCK TABLES;

--
-- Table structure for table `my_aspnet_users`
--

DROP TABLE IF EXISTS `my_aspnet_users`;
/*!40101 SET @saved_cs_client     = @@character_set_client */;
/*!40101 SET character_set_client = utf8 */;
CREATE TABLE `my_aspnet_users` (
  `id` int(11) NOT NULL AUTO_INCREMENT,
  `applicationId` int(11) NOT NULL,
  `name` varchar(256) NOT NULL,
  `isAnonymous` tinyint(1) NOT NULL DEFAULT '1',
  `lastActivityDate` datetime DEFAULT NULL,
  PRIMARY KEY (`id`)
) ENGINE=InnoDB AUTO_INCREMENT=3 DEFAULT CHARSET=latin1;
/*!40101 SET character_set_client = @saved_cs_client */;

--
-- Dumping data for table `my_aspnet_users`
--

LOCK TABLES `my_aspnet_users` WRITE;
/*!40000 ALTER TABLE `my_aspnet_users` DISABLE KEYS */;
INSERT INTO `my_aspnet_users` VALUES (1,1,'marcosdosea',0,'2013-07-23 11:31:57'),(2,1,'aluno',0,'2013-07-23 11:25:20');
/*!40000 ALTER TABLE `my_aspnet_users` ENABLE KEYS */;
UNLOCK TABLES;

--
-- Table structure for table `tb_historico`
--

DROP TABLE IF EXISTS `tb_historico`;
/*!40101 SET @saved_cs_client     = @@character_set_client */;
/*!40101 SET character_set_client = utf8 */;
CREATE TABLE `tb_historico` (
  `IdHistorico` bigint(20) NOT NULL AUTO_INCREMENT,
  `IdPessoa` int(11) NOT NULL,
  `IdTurma` int(11) NOT NULL,
  `IdPaciente` int(11) NOT NULL,
  `IdTutor` int(11) NOT NULL,
  `IdRelato` int(11) NOT NULL,
  `DataEnvio` datetime DEFAULT NULL,
  `DataResposta` datetime DEFAULT NULL,
  `Estado` int(11) DEFAULT NULL,
  `ComentarioTutor` text,
  PRIMARY KEY (`IdHistorico`),
  KEY `fk_tb_historico_tb_pessoa1` (`IdTutor`),
  KEY `fk_tb_historico_tb_relato_clinico1` (`IdRelato`),
  CONSTRAINT `fk_tb_historico_tb_pessoa1` FOREIGN KEY (`IdTutor`) REFERENCES `tb_pessoa` (`IdPessoa`) ON DELETE NO ACTION ON UPDATE NO ACTION,
  CONSTRAINT `fk_tb_historico_tb_relato_clinico1` FOREIGN KEY (`IdRelato`) REFERENCES `tb_relato_clinico` (`IdRelato`) ON DELETE NO ACTION ON UPDATE NO ACTION
) ENGINE=InnoDB DEFAULT CHARSET=latin1;
/*!40101 SET character_set_client = @saved_cs_client */;

--
-- Dumping data for table `tb_historico`
--

LOCK TABLES `tb_historico` WRITE;
/*!40000 ALTER TABLE `tb_historico` DISABLE KEYS */;
/*!40000 ALTER TABLE `tb_historico` ENABLE KEYS */;
UNLOCK TABLES;

--
-- Table structure for table `tb_alergia`
--

DROP TABLE IF EXISTS `tb_alergia`;
/*!40101 SET @saved_cs_client     = @@character_set_client */;
/*!40101 SET character_set_client = utf8 */;
CREATE TABLE `tb_alergia` (
  `IdAlergia` int(11) NOT NULL AUTO_INCREMENT,
  `Alergia` varchar(100) NOT NULL,
  PRIMARY KEY (`IdAlergia`)
) ENGINE=InnoDB AUTO_INCREMENT=2 DEFAULT CHARSET=latin1;
/*!40101 SET character_set_client = @saved_cs_client */;

--
-- Dumping data for table `tb_alergia`
--

LOCK TABLES `tb_alergia` WRITE;
/*!40000 ALTER TABLE `tb_alergia` DISABLE KEYS */;
INSERT INTO `tb_alergia` VALUES (1,'teste');
/*!40000 ALTER TABLE `tb_alergia` ENABLE KEYS */;
UNLOCK TABLES;

--
-- Table structure for table `tb_alergia_exames_fisicos`
--

DROP TABLE IF EXISTS `tb_alergia_exames_fisicos`;
/*!40101 SET @saved_cs_client     = @@character_set_client */;
/*!40101 SET character_set_client = utf8 */;
CREATE TABLE `tb_alergia_exames_fisicos` (
  `IdAlergia` int(11) NOT NULL,
  `IdConsultaVariavel` bigint(20) NOT NULL,
  PRIMARY KEY (`IdAlergia`,`IdConsultaVariavel`),
  KEY `fk_tb_alergia_has_tb_exames_fisicos_tb_exames_fisicos1` (`IdConsultaVariavel`),
  KEY `fk_tb_alergia_has_tb_exames_fisicos_tb_alergia1` (`IdAlergia`),
  CONSTRAINT `fk_tb_alergia_has_tb_exames_fisicos_tb_alergia1` FOREIGN KEY (`IdAlergia`) REFERENCES `tb_alergia` (`IdAlergia`) ON DELETE NO ACTION ON UPDATE NO ACTION,
  CONSTRAINT `fk_tb_alergia_has_tb_exames_fisicos_tb_exames_fisicos1` FOREIGN KEY (`IdConsultaVariavel`) REFERENCES `tb_exames_fisicos` (`IdConsultaVariavel`) ON DELETE NO ACTION ON UPDATE NO ACTION
) ENGINE=InnoDB DEFAULT CHARSET=latin1;
/*!40101 SET character_set_client = @saved_cs_client */;

--
-- Dumping data for table `tb_alergia_exames_fisicos`
--

LOCK TABLES `tb_alergia_exames_fisicos` WRITE;
/*!40000 ALTER TABLE `tb_alergia_exames_fisicos` DISABLE KEYS */;
/*!40000 ALTER TABLE `tb_alergia_exames_fisicos` ENABLE KEYS */;
UNLOCK TABLES;

--
-- Table structure for table `tb_turma`
--

DROP TABLE IF EXISTS `tb_turma`;
/*!40101 SET @saved_cs_client     = @@character_set_client */;
/*!40101 SET character_set_client = utf8 */;
CREATE TABLE `tb_turma` (
  `IdTurma` int(11) NOT NULL AUTO_INCREMENT,
  `IdDisciplina` int(11) NOT NULL,
  `IdCurso` int(11) NOT NULL,
  `IdInstituicao` int(11) NOT NULL,
  `Codigo` varchar(2) NOT NULL,
  `Periodo` varchar(6) NOT NULL,
  `Ativa` tinyint(1) NOT NULL DEFAULT '1',
  PRIMARY KEY (`IdTurma`),
  KEY `fk_tb_turma_tb_disciplina1` (`IdDisciplina`),
  KEY `fk_tb_turma_tb_curso1` (`IdCurso`),
  KEY `fk_tb_turma_tb_instituicao1` (`IdInstituicao`),
  CONSTRAINT `fk_tb_turma_tb_disciplina1` FOREIGN KEY (`IdDisciplina`) REFERENCES `tb_disciplina` (`IdDisciplina`) ON DELETE NO ACTION ON UPDATE NO ACTION,
  CONSTRAINT `fk_tb_turma_tb_curso1` FOREIGN KEY (`IdCurso`) REFERENCES `tb_curso` (`IdCurso`) ON DELETE NO ACTION ON UPDATE NO ACTION,
  CONSTRAINT `fk_tb_turma_tb_instituicao1` FOREIGN KEY (`IdInstituicao`) REFERENCES `tb_instituicao` (`IdInstituicao`) ON DELETE NO ACTION ON UPDATE NO ACTION
) ENGINE=InnoDB AUTO_INCREMENT=2 DEFAULT CHARSET=latin1;
/*!40101 SET character_set_client = @saved_cs_client */;

--
-- Dumping data for table `tb_turma`
--

LOCK TABLES `tb_turma` WRITE;
/*!40000 ALTER TABLE `tb_turma` DISABLE KEYS */;
INSERT INTO `tb_turma` VALUES (1,0,0,1,'a0','20131',1);
/*!40000 ALTER TABLE `tb_turma` ENABLE KEYS */;
UNLOCK TABLES;

--
-- Table structure for table `intervencaorespostaquarta`
--

DROP TABLE IF EXISTS `intervencaorespostaquarta`;
/*!40101 SET @saved_cs_client     = @@character_set_client */;
/*!40101 SET character_set_client = utf8 */;
CREATE TABLE `intervencaorespostaquarta` (
  `id` int(11) NOT NULL AUTO_INCREMENT,
  `descricao` varchar(255) DEFAULT NULL,
  `justificativa` longtext,
  `numeroIntervencao` int(11) NOT NULL DEFAULT '0',
  `fkResposta4` int(11) NOT NULL DEFAULT '0',
  PRIMARY KEY (`id`),
  KEY `FK800BA011D2B646E7` (`fkResposta4`),
  CONSTRAINT `FK800BA011D2B646E7` FOREIGN KEY (`fkResposta4`) REFERENCES `respostaquarta` (`id`),
  CONSTRAINT `FK_intervencaorespostaquarta_1` FOREIGN KEY (`fkResposta4`) REFERENCES `respostaquarta` (`id`)
) ENGINE=InnoDB DEFAULT CHARSET=latin1;
/*!40101 SET character_set_client = @saved_cs_client */;

--
-- Dumping data for table `intervencaorespostaquarta`
--

LOCK TABLES `intervencaorespostaquarta` WRITE;
/*!40000 ALTER TABLE `intervencaorespostaquarta` DISABLE KEYS */;
/*!40000 ALTER TABLE `intervencaorespostaquarta` ENABLE KEYS */;
UNLOCK TABLES;

--
-- Table structure for table `tb_estilo_vida`
--

DROP TABLE IF EXISTS `tb_estilo_vida`;
/*!40101 SET @saved_cs_client     = @@character_set_client */;
/*!40101 SET character_set_client = utf8 */;
CREATE TABLE `tb_estilo_vida` (
  `IdConsultaVariavel` bigint(20) NOT NULL,
  `TabacoConsumo` tinyint(1) NOT NULL,
  `TabacoUso` smallint(6) NOT NULL,
  `TabacoParou` varchar(50) DEFAULT NULL,
  `CafeConsumo` tinyint(1) NOT NULL,
  `CafeUso` smallint(6) NOT NULL,
  `CafeParou` varchar(50) DEFAULT NULL,
  `AlcoolConsumo` tinyint(1) NOT NULL,
  `AlcoolUso` smallint(6) NOT NULL,
  `AlcoolTipoBebida` varchar(50) DEFAULT NULL,
  `AlcoolParou` varchar(50) DEFAULT NULL,
  PRIMARY KEY (`IdConsultaVariavel`),
  CONSTRAINT `fk_tb_estilo_vida_tb_consulta_variavel1` FOREIGN KEY (`IdConsultaVariavel`) REFERENCES `tb_consulta_variavel` (`IdConsultaVariavel`) ON DELETE NO ACTION ON UPDATE NO ACTION
) ENGINE=InnoDB DEFAULT CHARSET=latin1;
/*!40101 SET character_set_client = @saved_cs_client */;

--
-- Dumping data for table `tb_estilo_vida`
--

LOCK TABLES `tb_estilo_vida` WRITE;
/*!40000 ALTER TABLE `tb_estilo_vida` DISABLE KEYS */;
INSERT INTO `tb_estilo_vida` VALUES (2,0,0,NULL,0,0,NULL,0,0,NULL,NULL),(3,0,0,NULL,0,0,NULL,0,0,NULL,NULL);
/*!40000 ALTER TABLE `tb_estilo_vida` ENABLE KEYS */;
UNLOCK TABLES;

--
-- Table structure for table `medicamentonaoprescrito`
--

DROP TABLE IF EXISTS `medicamentonaoprescrito`;
/*!40101 SET @saved_cs_client     = @@character_set_client */;
/*!40101 SET character_set_client = utf8 */;
CREATE TABLE `medicamentonaoprescrito` (
  `id` int(11) NOT NULL AUTO_INCREMENT,
  `descricao` varchar(255) DEFAULT NULL,
  `dosagem` varchar(255) DEFAULT NULL,
  `posologia` varchar(255) DEFAULT NULL,
  `fkCasoClinico` int(11) DEFAULT NULL,
  `flItalico` varchar(255) DEFAULT NULL,
  PRIMARY KEY (`id`),
  KEY `FKBF69A97F8A1319FF` (`fkCasoClinico`),
  CONSTRAINT `FKBF69A97F8A1319FF` FOREIGN KEY (`fkCasoClinico`) REFERENCES `casoclinico` (`id`)
) ENGINE=InnoDB DEFAULT CHARSET=latin1;
/*!40101 SET character_set_client = @saved_cs_client */;

--
-- Dumping data for table `medicamentonaoprescrito`
--

LOCK TABLES `medicamentonaoprescrito` WRITE;
/*!40000 ALTER TABLE `medicamentonaoprescrito` DISABLE KEYS */;
/*!40000 ALTER TABLE `medicamentonaoprescrito` ENABLE KEYS */;
UNLOCK TABLES;

--
-- Table structure for table `tb_escolaridade`
--

DROP TABLE IF EXISTS `tb_escolaridade`;
/*!40101 SET @saved_cs_client     = @@character_set_client */;
/*!40101 SET character_set_client = utf8 */;
CREATE TABLE `tb_escolaridade` (
  `IdEscolaridade` int(11) NOT NULL AUTO_INCREMENT,
  `Nivel` varchar(100) NOT NULL,
  PRIMARY KEY (`IdEscolaridade`)
) ENGINE=InnoDB AUTO_INCREMENT=4 DEFAULT CHARSET=latin1;
/*!40101 SET character_set_client = @saved_cs_client */;

--
-- Dumping data for table `tb_escolaridade`
--

LOCK TABLES `tb_escolaridade` WRITE;
/*!40000 ALTER TABLE `tb_escolaridade` DISABLE KEYS */;
INSERT INTO `tb_escolaridade` VALUES (1,'nao definido'),(2,'Nível Médio'),(3,'Nível Superior');
/*!40000 ALTER TABLE `tb_escolaridade` ENABLE KEYS */;
UNLOCK TABLES;

--
-- Table structure for table `tb_exames_fisicos`
--

DROP TABLE IF EXISTS `tb_exames_fisicos`;
/*!40101 SET @saved_cs_client     = @@character_set_client */;
/*!40101 SET character_set_client = utf8 */;
CREATE TABLE `tb_exames_fisicos` (
  `IdConsultaVariavel` bigint(20) NOT NULL,
  `Peso` float DEFAULT NULL,
  `Altura` float DEFAULT NULL,
  `PressaoDiastolica` float DEFAULT NULL,
  `PressaoSistolica` float DEFAULT NULL,
  `Glicemia` float DEFAULT NULL,
  PRIMARY KEY (`IdConsultaVariavel`),
  CONSTRAINT `fk_tb_exames_fisicos_tb_consulta_variavel1` FOREIGN KEY (`IdConsultaVariavel`) REFERENCES `tb_consulta_variavel` (`IdConsultaVariavel`) ON DELETE NO ACTION ON UPDATE NO ACTION
) ENGINE=InnoDB DEFAULT CHARSET=latin1;
/*!40101 SET character_set_client = @saved_cs_client */;

--
-- Dumping data for table `tb_exames_fisicos`
--

LOCK TABLES `tb_exames_fisicos` WRITE;
/*!40000 ALTER TABLE `tb_exames_fisicos` DISABLE KEYS */;
/*!40000 ALTER TABLE `tb_exames_fisicos` ENABLE KEYS */;
UNLOCK TABLES;

--
-- Table structure for table `my_aspnet_sessions`
--

DROP TABLE IF EXISTS `my_aspnet_sessions`;
/*!40101 SET @saved_cs_client     = @@character_set_client */;
/*!40101 SET character_set_client = utf8 */;
CREATE TABLE `my_aspnet_sessions` (
  `SessionId` varchar(191) NOT NULL,
  `ApplicationId` int(11) NOT NULL,
  `Created` datetime NOT NULL,
  `Expires` datetime NOT NULL,
  `LockDate` datetime NOT NULL,
  `LockId` int(11) NOT NULL,
  `Timeout` int(11) NOT NULL,
  `Locked` tinyint(1) NOT NULL,
  `SessionItems` longblob,
  `Flags` int(11) NOT NULL,
  PRIMARY KEY (`SessionId`,`ApplicationId`)
) ENGINE=InnoDB DEFAULT CHARSET=latin1;
/*!40101 SET character_set_client = @saved_cs_client */;

--
-- Dumping data for table `my_aspnet_sessions`
--

LOCK TABLES `my_aspnet_sessions` WRITE;
/*!40000 ALTER TABLE `my_aspnet_sessions` DISABLE KEYS */;
/*!40000 ALTER TABLE `my_aspnet_sessions` ENABLE KEYS */;
UNLOCK TABLES;

--
-- Table structure for table `respostaterceira`
--

DROP TABLE IF EXISTS `respostaterceira`;
/*!40101 SET @saved_cs_client     = @@character_set_client */;
/*!40101 SET character_set_client = utf8 */;
CREATE TABLE `respostaterceira` (
  `id` int(11) NOT NULL AUTO_INCREMENT,
  `temperatura` float DEFAULT NULL,
  `pressaosistolica` int(10) unsigned DEFAULT NULL,
  `pressaodiastolica` int(10) unsigned DEFAULT NULL,
  `peso` float DEFAULT NULL,
  `fkConsulta` int(11) NOT NULL,
  `dataRealizacao` date DEFAULT NULL,
  `flCorreto` varchar(1) DEFAULT NULL,
  `comentario` text,
  `comentarioAluno` text,
  `nota` float DEFAULT NULL,
  `imc` float NOT NULL,
  PRIMARY KEY (`id`),
  KEY `FK877B3B565097F805` (`fkConsulta`),
  CONSTRAINT `FK877B3B565097F805` FOREIGN KEY (`fkConsulta`) REFERENCES `consulta` (`id`),
  CONSTRAINT `FK_respostaalunoterceira_1` FOREIGN KEY (`fkConsulta`) REFERENCES `consulta` (`id`)
) ENGINE=InnoDB DEFAULT CHARSET=latin1;
/*!40101 SET character_set_client = @saved_cs_client */;

--
-- Dumping data for table `respostaterceira`
--

LOCK TABLES `respostaterceira` WRITE;
/*!40000 ALTER TABLE `respostaterceira` DISABLE KEYS */;
/*!40000 ALTER TABLE `respostaterceira` ENABLE KEYS */;
UNLOCK TABLES;

--
-- Table structure for table `tb_pergunta`
--

DROP TABLE IF EXISTS `tb_pergunta`;
/*!40101 SET @saved_cs_client     = @@character_set_client */;
/*!40101 SET character_set_client = utf8 */;
CREATE TABLE `tb_pergunta` (
  `IdPergunta` int(11) NOT NULL AUTO_INCREMENT,
  `Pergunta` varchar(255) NOT NULL,
  PRIMARY KEY (`IdPergunta`)
) ENGINE=InnoDB AUTO_INCREMENT=3 DEFAULT CHARSET=latin1;
/*!40101 SET character_set_client = @saved_cs_client */;

--
-- Dumping data for table `tb_pergunta`
--

LOCK TABLES `tb_pergunta` WRITE;
/*!40000 ALTER TABLE `tb_pergunta` DISABLE KEYS */;
INSERT INTO `tb_pergunta` VALUES (2,'esta com dor de barriga?');
/*!40000 ALTER TABLE `tb_pergunta` ENABLE KEYS */;
UNLOCK TABLES;

--
-- Table structure for table `medicamentoqueixaquarta`
--

DROP TABLE IF EXISTS `medicamentoqueixaquarta`;
/*!40101 SET @saved_cs_client     = @@character_set_client */;
/*!40101 SET character_set_client = utf8 */;
CREATE TABLE `medicamentoqueixaquarta` (
  `id` int(10) NOT NULL AUTO_INCREMENT,
  `descricao` varchar(150) DEFAULT NULL,
  `dose` varchar(80) DEFAULT NULL,
  `efetivo` varchar(1) DEFAULT NULL,
  `necessario` varchar(1) DEFAULT NULL,
  `periodo` varchar(80) DEFAULT NULL,
  `seguro` varchar(1) DEFAULT NULL,
  `cumprimento` varchar(1) DEFAULT NULL,
  `fkQueixaQuarta` int(10) NOT NULL,
  `conheceCumpre` varchar(1) DEFAULT NULL,
  PRIMARY KEY (`id`),
  KEY `FK78D999E947C18322` (`fkQueixaQuarta`),
  CONSTRAINT `FK78D999E947C18322` FOREIGN KEY (`fkQueixaQuarta`) REFERENCES `queixarespostaquarta` (`id`),
  CONSTRAINT `FK_medicamentoqueixaquarta_1` FOREIGN KEY (`fkQueixaQuarta`) REFERENCES `queixarespostaquarta` (`id`)
) ENGINE=InnoDB DEFAULT CHARSET=latin1;
/*!40101 SET character_set_client = @saved_cs_client */;

--
-- Dumping data for table `medicamentoqueixaquarta`
--

LOCK TABLES `medicamentoqueixaquarta` WRITE;
/*!40000 ALTER TABLE `medicamentoqueixaquarta` DISABLE KEYS */;
/*!40000 ALTER TABLE `medicamentoqueixaquarta` ENABLE KEYS */;
UNLOCK TABLES;

--
-- Table structure for table `tb_medicamento_nao_prescrito`
--

DROP TABLE IF EXISTS `tb_medicamento_nao_prescrito`;
/*!40101 SET @saved_cs_client     = @@character_set_client */;
/*!40101 SET character_set_client = utf8 */;
CREATE TABLE `tb_medicamento_nao_prescrito` (
  `IdConsultaVariavel` bigint(20) NOT NULL,
  `IdMedicamento` int(11) NOT NULL,
  `Fitoterapico` tinyint(1) NOT NULL,
  `Dosagem` varchar(50) DEFAULT NULL,
  `Posologia` varchar(50) DEFAULT NULL,
  PRIMARY KEY (`IdConsultaVariavel`,`IdMedicamento`),
  KEY `fk_tb_medicamento_prescrito_tb_medicamentos1` (`IdMedicamento`),
  CONSTRAINT `fk_tb_medicamento_prescrito_tb_consulta_variavel1` FOREIGN KEY (`IdConsultaVariavel`) REFERENCES `tb_consulta_variavel` (`IdConsultaVariavel`) ON DELETE NO ACTION ON UPDATE NO ACTION,
  CONSTRAINT `fk_tb_medicamento_prescrito_tb_medicamentos1` FOREIGN KEY (`IdMedicamento`) REFERENCES `tb_medicamentos` (`IdMedicamento`) ON DELETE NO ACTION ON UPDATE NO ACTION
) ENGINE=InnoDB DEFAULT CHARSET=latin1;
/*!40101 SET character_set_client = @saved_cs_client */;

--
-- Dumping data for table `tb_medicamento_nao_prescrito`
--

LOCK TABLES `tb_medicamento_nao_prescrito` WRITE;
/*!40000 ALTER TABLE `tb_medicamento_nao_prescrito` DISABLE KEYS */;
/*!40000 ALTER TABLE `tb_medicamento_nao_prescrito` ENABLE KEYS */;
UNLOCK TABLES;

--
-- Table structure for table `tb_pessoa`
--

DROP TABLE IF EXISTS `tb_pessoa`;
/*!40101 SET @saved_cs_client     = @@character_set_client */;
/*!40101 SET character_set_client = utf8 */;
CREATE TABLE `tb_pessoa` (
  `IdPessoa` int(11) NOT NULL AUTO_INCREMENT,
  `idUser` int(11) NOT NULL,
  `Nome` varchar(50) NOT NULL,
  `Cpf` char(11) NOT NULL,
  `Fone` varchar(11) NOT NULL,
  `Matricula` varchar(20) NOT NULL,
  PRIMARY KEY (`IdPessoa`),
  KEY `fk_tb_pessoa_my_aspnet_users1` (`idUser`),
  CONSTRAINT `fk_tb_pessoa_my_aspnet_users1` FOREIGN KEY (`idUser`) REFERENCES `my_aspnet_users` (`id`) ON DELETE NO ACTION ON UPDATE NO ACTION
) ENGINE=InnoDB AUTO_INCREMENT=2 DEFAULT CHARSET=latin1;
/*!40101 SET character_set_client = @saved_cs_client */;

--
-- Dumping data for table `tb_pessoa`
--

LOCK TABLES `tb_pessoa` WRITE;
/*!40000 ALTER TABLE `tb_pessoa` DISABLE KEYS */;
INSERT INTO `tb_pessoa` VALUES (1,0,'marcos','','','');
/*!40000 ALTER TABLE `tb_pessoa` ENABLE KEYS */;
UNLOCK TABLES;

--
-- Table structure for table `queixa`
--

DROP TABLE IF EXISTS `queixa`;
/*!40101 SET @saved_cs_client     = @@character_set_client */;
/*!40101 SET character_set_client = utf8 */;
CREATE TABLE `queixa` (
  `id` int(11) NOT NULL AUTO_INCREMENT,
  `descricao` varchar(255) DEFAULT NULL,
  `numeroEtapa` int(11) NOT NULL,
  `numeroPRM` int(11) NOT NULL,
  `fkCasoClinico` int(11) DEFAULT NULL,
  `conheceOuPreocupa` varchar(255) DEFAULT NULL,
  `periodoSurgimento` varchar(255) DEFAULT NULL,
  `prioridade` int(11) DEFAULT NULL,
  PRIMARY KEY (`id`),
  KEY `FKC773DEB18A1319FF` (`fkCasoClinico`),
  CONSTRAINT `FKC773DEB18A1319FF` FOREIGN KEY (`fkCasoClinico`) REFERENCES `casoclinico` (`id`)
) ENGINE=InnoDB DEFAULT CHARSET=latin1;
/*!40101 SET character_set_client = @saved_cs_client */;

--
-- Dumping data for table `queixa`
--

LOCK TABLES `queixa` WRITE;
/*!40000 ALTER TABLE `queixa` DISABLE KEYS */;
/*!40000 ALTER TABLE `queixa` ENABLE KEYS */;
UNLOCK TABLES;
/*!40103 SET TIME_ZONE=@OLD_TIME_ZONE */;

/*!40101 SET SQL_MODE=@OLD_SQL_MODE */;
/*!40014 SET FOREIGN_KEY_CHECKS=@OLD_FOREIGN_KEY_CHECKS */;
/*!40014 SET UNIQUE_CHECKS=@OLD_UNIQUE_CHECKS */;
/*!40101 SET CHARACTER_SET_CLIENT=@OLD_CHARACTER_SET_CLIENT */;
/*!40101 SET CHARACTER_SET_RESULTS=@OLD_CHARACTER_SET_RESULTS */;
/*!40101 SET COLLATION_CONNECTION=@OLD_COLLATION_CONNECTION */;
/*!40111 SET SQL_NOTES=@OLD_SQL_NOTES */;

-- Dump completed on 2013-08-21  8:16:52
