CREATE DATABASE  IF NOT EXISTS `pv1` /*!40100 DEFAULT CHARACTER SET latin1 */;
USE `pv1`;
-- MySQL dump 10.13  Distrib 5.6.13, for Win32 (x86)
--
-- Host: localhost    Database: pv1
-- ------------------------------------------------------
-- Server version	5.5.21

/*!40101 SET @OLD_CHARACTER_SET_CLIENT=@@CHARACTER_SET_CLIENT */;
/*!40101 SET @OLD_CHARACTER_SET_RESULTS=@@CHARACTER_SET_RESULTS */;
/*!40101 SET @OLD_COLLATION_CONNECTION=@@COLLATION_CONNECTION */;
/*!40101 SET NAMES utf8 */;
/*!40103 SET @OLD_TIME_ZONE=@@TIME_ZONE */;
/*!40103 SET TIME_ZONE='+00:00' */;
/*!40014 SET @OLD_UNIQUE_CHECKS=@@UNIQUE_CHECKS, UNIQUE_CHECKS=0 */;
/*!40014 SET @OLD_FOREIGN_KEY_CHECKS=@@FOREIGN_KEY_CHECKS, FOREIGN_KEY_CHECKS=0 */;
/*!40101 SET @OLD_SQL_MODE=@@SQL_MODE, SQL_MODE='NO_AUTO_VALUE_ON_ZERO' */;
/*!40111 SET @OLD_SQL_NOTES=@@SQL_NOTES, SQL_NOTES=0 */;

--
-- Table structure for table `my_aspnet_applications`
--

DROP TABLE IF EXISTS `my_aspnet_applications`;
/*!40101 SET @saved_cs_client     = @@character_set_client */;
/*!40101 SET character_set_client = utf8 */;
CREATE TABLE `my_aspnet_applications` (
  `id` int(11) NOT NULL AUTO_INCREMENT,
  `name` varchar(256) DEFAULT NULL,
  `description` varchar(256) DEFAULT NULL,
  PRIMARY KEY (`id`)
) ENGINE=InnoDB AUTO_INCREMENT=2 DEFAULT CHARSET=latin1;
/*!40101 SET character_set_client = @saved_cs_client */;

--
-- Dumping data for table `my_aspnet_applications`
--

LOCK TABLES `my_aspnet_applications` WRITE;
/*!40000 ALTER TABLE `my_aspnet_applications` DISABLE KEYS */;
INSERT INTO `my_aspnet_applications` VALUES (1,'/','MySQL roles');
/*!40000 ALTER TABLE `my_aspnet_applications` ENABLE KEYS */;
UNLOCK TABLES;

--
-- Table structure for table `my_aspnet_membership`
--

DROP TABLE IF EXISTS `my_aspnet_membership`;
/*!40101 SET @saved_cs_client     = @@character_set_client */;
/*!40101 SET character_set_client = utf8 */;
CREATE TABLE `my_aspnet_membership` (
  `userId` int(11) NOT NULL DEFAULT '0',
  `Email` varchar(128) DEFAULT NULL,
  `Comment` varchar(255) DEFAULT NULL,
  `Password` varchar(128) NOT NULL,
  `PasswordKey` char(32) DEFAULT NULL,
  `PasswordFormat` tinyint(4) DEFAULT NULL,
  `PasswordQuestion` varchar(255) DEFAULT NULL,
  `PasswordAnswer` varchar(255) DEFAULT NULL,
  `IsApproved` tinyint(1) DEFAULT NULL,
  `LastActivityDate` datetime DEFAULT NULL,
  `LastLoginDate` datetime DEFAULT NULL,
  `LastPasswordChangedDate` datetime DEFAULT NULL,
  `CreationDate` datetime DEFAULT NULL,
  `IsLockedOut` tinyint(1) DEFAULT NULL,
  `LastLockedOutDate` datetime DEFAULT NULL,
  `FailedPasswordAttemptCount` int(10) unsigned DEFAULT NULL,
  `FailedPasswordAttemptWindowStart` datetime DEFAULT NULL,
  `FailedPasswordAnswerAttemptCount` int(10) unsigned DEFAULT NULL,
  `FailedPasswordAnswerAttemptWindowStart` datetime DEFAULT NULL,
  PRIMARY KEY (`userId`)
) ENGINE=InnoDB DEFAULT CHARSET=latin1 COMMENT='2';
/*!40101 SET character_set_client = @saved_cs_client */;

--
-- Dumping data for table `my_aspnet_membership`
--

LOCK TABLES `my_aspnet_membership` WRITE;
/*!40000 ALTER TABLE `my_aspnet_membership` DISABLE KEYS */;
INSERT INTO `my_aspnet_membership` VALUES (1,'marcosdosea@yahoo.com.br','','paciente','A0903aZDxeEcCtPOqPMgGg==',0,'Pergunta','Resposta',1,'2014-04-02 22:59:51','2014-04-02 22:59:51','2013-07-23 11:15:39','2013-07-23 11:15:39',0,'2014-02-06 16:04:17',2,'2014-02-11 16:07:29',0,'2013-07-23 11:15:39'),(5,'alessandra_pharmacia@hotmail.com','','monet','jhvDPAZdKgKsLsTeh5kbYg==',0,'Pergunta','Resposta',1,'2014-03-31 10:01:51','2014-03-31 10:01:51','2013-11-29 10:59:33','2013-11-29 10:59:33',0,'2013-11-29 10:59:33',1,'2014-02-11 14:07:07',0,'2013-11-29 10:59:33'),(6,'elielmasa@yahoo.com.br','','paciente','Y/+MDq+W6VoBN6EvVAPvDw==',0,'Pergunta','Resposta',1,'2014-01-16 22:31:55','2014-01-16 22:31:55','2013-11-29 18:11:23','2013-11-29 18:11:23',0,'2013-11-29 18:11:23',0,'2013-11-29 18:11:23',0,'2013-11-29 18:11:23'),(8,'werlisouza@yahoo.com.br','','doutorado','S+0JmgdteChjghmFqwfxgA==',0,'Pergunta','Resposta',1,'2014-02-25 14:59:21','2014-02-25 14:59:21','2013-12-02 20:54:20','2013-12-02 20:54:20',0,'2013-12-02 20:54:20',1,'2014-02-25 13:03:58',0,'2013-12-02 20:54:20'),(9,'alunoteste@hotmail.com','','teste','lmvrqsY4Se1O13u02CVpCg==',0,'Pergunta','Resposta',1,'2014-02-18 13:49:28','2014-02-18 13:49:28','2013-12-03 07:53:42','2013-12-03 07:53:42',0,'2013-12-03 07:53:42',0,'2013-12-03 07:53:42',0,'2013-12-03 07:53:42'),(10,'clevertonmaggot@gmail.com','','123456','n5mwkXzcqIaORmk9lTrrew==',0,'Pergunta','Resposta',1,'2014-02-25 07:32:25','2014-02-25 07:32:25','2013-12-03 13:33:21','2013-12-03 13:33:21',0,'2013-12-03 13:33:21',0,'2013-12-03 13:33:21',0,'2013-12-03 13:33:21'),(12,'roseane.sam@hotmail.com','','2013','MNvqVOSWElZX4gg+qE4HaQ==',0,'Pergunta','Resposta',1,'2014-02-25 13:16:59','2014-02-25 13:16:59','2014-01-31 19:51:23','2014-01-31 19:51:23',0,'2014-01-31 19:51:23',1,'2014-02-25 13:14:15',0,'2014-01-31 19:51:23'),(13,'caioitalofarma@hotmail.com','','farmacia','oqYyEF+agkyozSNy0NowUw==',0,'Pergunta','Resposta',1,'2014-02-25 13:43:48','2014-02-25 13:43:48','2014-02-01 00:40:17','2014-02-01 00:40:17',0,'2014-02-01 00:40:17',2,'2014-02-09 17:06:06',0,'2014-02-01 00:40:17'),(14,'fabiolouzada20@hotmail.com','','ufs2014','mP1ZZHDe6kI6LwOvHvx+Dw==',0,'Pergunta','Resposta',1,'2014-02-25 14:40:54','2014-02-25 14:40:54','2014-02-03 19:57:40','2014-02-03 19:57:40',0,'2014-02-03 19:57:40',1,'2014-02-19 21:16:33',0,'2014-02-03 19:57:40'),(15,'larissa@yahoo.com.br','','paciente','H/CcJbPx1dfIqTgUd8ZFqQ==',0,'Pergunta','Resposta',1,'2014-02-20 15:21:57','2014-02-20 15:20:57','2014-02-06 21:52:53','2014-02-06 21:52:53',0,'2014-02-06 21:52:53',1,'2014-02-06 23:33:23',0,'2014-02-06 21:52:53');
/*!40000 ALTER TABLE `my_aspnet_membership` ENABLE KEYS */;
UNLOCK TABLES;

--
-- Table structure for table `my_aspnet_profiles`
--

DROP TABLE IF EXISTS `my_aspnet_profiles`;
/*!40101 SET @saved_cs_client     = @@character_set_client */;
/*!40101 SET character_set_client = utf8 */;
CREATE TABLE `my_aspnet_profiles` (
  `userId` int(11) NOT NULL,
  `valueindex` longtext,
  `stringdata` longtext,
  `binarydata` longblob,
  `lastUpdatedDate` timestamp NOT NULL DEFAULT CURRENT_TIMESTAMP ON UPDATE CURRENT_TIMESTAMP,
  PRIMARY KEY (`userId`)
) ENGINE=InnoDB DEFAULT CHARSET=latin1;
/*!40101 SET character_set_client = @saved_cs_client */;

--
-- Dumping data for table `my_aspnet_profiles`
--

LOCK TABLES `my_aspnet_profiles` WRITE;
/*!40000 ALTER TABLE `my_aspnet_profiles` DISABLE KEYS */;
/*!40000 ALTER TABLE `my_aspnet_profiles` ENABLE KEYS */;
UNLOCK TABLES;

--
-- Table structure for table `my_aspnet_roles`
--

DROP TABLE IF EXISTS `my_aspnet_roles`;
/*!40101 SET @saved_cs_client     = @@character_set_client */;
/*!40101 SET character_set_client = utf8 */;
CREATE TABLE `my_aspnet_roles` (
  `id` int(11) NOT NULL AUTO_INCREMENT,
  `applicationId` int(11) NOT NULL,
  `name` varchar(255) NOT NULL,
  PRIMARY KEY (`id`)
) ENGINE=InnoDB AUTO_INCREMENT=4 DEFAULT CHARSET=latin1 ROW_FORMAT=DYNAMIC;
/*!40101 SET character_set_client = @saved_cs_client */;

--
-- Dumping data for table `my_aspnet_roles`
--

LOCK TABLES `my_aspnet_roles` WRITE;
/*!40000 ALTER TABLE `my_aspnet_roles` DISABLE KEYS */;
INSERT INTO `my_aspnet_roles` VALUES (1,1,'administrador'),(2,1,'usuario'),(3,1,'tutor');
/*!40000 ALTER TABLE `my_aspnet_roles` ENABLE KEYS */;
UNLOCK TABLES;

--
-- Table structure for table `my_aspnet_schemaversion`
--

DROP TABLE IF EXISTS `my_aspnet_schemaversion`;
/*!40101 SET @saved_cs_client     = @@character_set_client */;
/*!40101 SET character_set_client = utf8 */;
CREATE TABLE `my_aspnet_schemaversion` (
  `version` int(11) DEFAULT NULL
) ENGINE=InnoDB DEFAULT CHARSET=latin1;
/*!40101 SET character_set_client = @saved_cs_client */;

--
-- Dumping data for table `my_aspnet_schemaversion`
--

LOCK TABLES `my_aspnet_schemaversion` WRITE;
/*!40000 ALTER TABLE `my_aspnet_schemaversion` DISABLE KEYS */;
INSERT INTO `my_aspnet_schemaversion` VALUES (8);
/*!40000 ALTER TABLE `my_aspnet_schemaversion` ENABLE KEYS */;
UNLOCK TABLES;

--
-- Table structure for table `my_aspnet_sessioncleanup`
--

DROP TABLE IF EXISTS `my_aspnet_sessioncleanup`;
/*!40101 SET @saved_cs_client     = @@character_set_client */;
/*!40101 SET character_set_client = utf8 */;
CREATE TABLE `my_aspnet_sessioncleanup` (
  `LastRun` datetime NOT NULL,
  `IntervalMinutes` int(11) NOT NULL,
  `ApplicationId` int(11) NOT NULL,
  PRIMARY KEY (`ApplicationId`)
) ENGINE=InnoDB DEFAULT CHARSET=latin1;
/*!40101 SET character_set_client = @saved_cs_client */;

--
-- Dumping data for table `my_aspnet_sessioncleanup`
--

LOCK TABLES `my_aspnet_sessioncleanup` WRITE;
/*!40000 ALTER TABLE `my_aspnet_sessioncleanup` DISABLE KEYS */;
/*!40000 ALTER TABLE `my_aspnet_sessioncleanup` ENABLE KEYS */;
UNLOCK TABLES;

--
-- Table structure for table `my_aspnet_sessions`
--

DROP TABLE IF EXISTS `my_aspnet_sessions`;
/*!40101 SET @saved_cs_client     = @@character_set_client */;
/*!40101 SET character_set_client = utf8 */;
CREATE TABLE `my_aspnet_sessions` (
  `SessionId` varchar(191) NOT NULL,
  `ApplicationId` int(11) NOT NULL,
  `Created` datetime NOT NULL,
  `Expires` datetime NOT NULL,
  `LockDate` datetime NOT NULL,
  `LockId` int(11) NOT NULL,
  `Timeout` int(11) NOT NULL,
  `Locked` tinyint(1) NOT NULL,
  `SessionItems` longblob,
  `Flags` int(11) NOT NULL,
  PRIMARY KEY (`SessionId`,`ApplicationId`)
) ENGINE=InnoDB DEFAULT CHARSET=latin1;
/*!40101 SET character_set_client = @saved_cs_client */;

--
-- Dumping data for table `my_aspnet_sessions`
--

LOCK TABLES `my_aspnet_sessions` WRITE;
/*!40000 ALTER TABLE `my_aspnet_sessions` DISABLE KEYS */;
/*!40000 ALTER TABLE `my_aspnet_sessions` ENABLE KEYS */;
UNLOCK TABLES;

--
-- Table structure for table `my_aspnet_users`
--

DROP TABLE IF EXISTS `my_aspnet_users`;
/*!40101 SET @saved_cs_client     = @@character_set_client */;
/*!40101 SET character_set_client = utf8 */;
CREATE TABLE `my_aspnet_users` (
  `id` int(11) NOT NULL AUTO_INCREMENT,
  `applicationId` int(11) NOT NULL,
  `name` varchar(256) NOT NULL,
  `isAnonymous` tinyint(1) NOT NULL DEFAULT '1',
  `lastActivityDate` datetime DEFAULT NULL,
  PRIMARY KEY (`id`)
) ENGINE=InnoDB AUTO_INCREMENT=16 DEFAULT CHARSET=latin1;
/*!40101 SET character_set_client = @saved_cs_client */;

--
-- Dumping data for table `my_aspnet_users`
--

LOCK TABLES `my_aspnet_users` WRITE;
/*!40000 ALTER TABLE `my_aspnet_users` DISABLE KEYS */;
INSERT INTO `my_aspnet_users` VALUES (1,1,'admin',0,'2014-04-02 22:59:51'),(5,1,'Alessandra',0,'2014-03-31 10:01:51'),(6,1,'elielmasa',0,'2014-01-16 22:31:55'),(8,1,'werlisouza',0,'2014-02-25 14:59:21'),(9,1,'teste',0,'2014-02-18 13:49:28'),(10,1,'cleverton',0,'2014-02-25 07:32:25'),(11,1,'marcosdosea',0,'2013-12-11 10:44:14'),(12,1,'atenfar2013',0,'2014-02-25 13:16:59'),(13,1,'atenfarma',0,'2014-02-25 13:43:48'),(14,1,'farmaciaufs2014',0,'2014-02-25 14:40:54'),(15,1,'larissa',0,'2014-02-20 15:21:57');
/*!40000 ALTER TABLE `my_aspnet_users` ENABLE KEYS */;
UNLOCK TABLES;

--
-- Table structure for table `my_aspnet_usersinroles`
--

DROP TABLE IF EXISTS `my_aspnet_usersinroles`;
/*!40101 SET @saved_cs_client     = @@character_set_client */;
/*!40101 SET character_set_client = utf8 */;
CREATE TABLE `my_aspnet_usersinroles` (
  `userId` int(11) NOT NULL DEFAULT '0',
  `roleId` int(11) NOT NULL DEFAULT '0',
  PRIMARY KEY (`userId`,`roleId`)
) ENGINE=InnoDB DEFAULT CHARSET=latin1 ROW_FORMAT=DYNAMIC;
/*!40101 SET character_set_client = @saved_cs_client */;

--
-- Dumping data for table `my_aspnet_usersinroles`
--

LOCK TABLES `my_aspnet_usersinroles` WRITE;
/*!40000 ALTER TABLE `my_aspnet_usersinroles` DISABLE KEYS */;
INSERT INTO `my_aspnet_usersinroles` VALUES (1,1),(2,2);
/*!40000 ALTER TABLE `my_aspnet_usersinroles` ENABLE KEYS */;
UNLOCK TABLES;

--
-- Table structure for table `tb_acao_queixa`
--

DROP TABLE IF EXISTS `tb_acao_queixa`;
/*!40101 SET @saved_cs_client     = @@character_set_client */;
/*!40101 SET character_set_client = utf8 */;
CREATE TABLE `tb_acao_queixa` (
  `IdAcaoQueixa` int(11) NOT NULL AUTO_INCREMENT,
  `DescricaoAcao` varchar(150) NOT NULL,
  PRIMARY KEY (`IdAcaoQueixa`)
) ENGINE=InnoDB AUTO_INCREMENT=10 DEFAULT CHARSET=latin1;
/*!40101 SET character_set_client = @saved_cs_client */;

--
-- Dumping data for table `tb_acao_queixa`
--

LOCK TABLES `tb_acao_queixa` WRITE;
/*!40000 ALTER TABLE `tb_acao_queixa` DISABLE KEYS */;
INSERT INTO `tb_acao_queixa` VALUES (2,'Encaminhamento ao médico'),(3,'Intervenção educativa'),(4,'Realizar atividade física e controlar a alimentação'),(5,'Controlar a alimentação'),(6,'Realizar atividade física'),(7,'Encaminhamento ao Nutricionista'),(8,'Encaminhamento ao psicólogo'),(9,'Encaminhamento ao odontólogo');
/*!40000 ALTER TABLE `tb_acao_queixa` ENABLE KEYS */;
UNLOCK TABLES;

--
-- Table structure for table `tb_alergia`
--

DROP TABLE IF EXISTS `tb_alergia`;
/*!40101 SET @saved_cs_client     = @@character_set_client */;
/*!40101 SET character_set_client = utf8 */;
CREATE TABLE `tb_alergia` (
  `IdAlergia` int(11) NOT NULL AUTO_INCREMENT,
  `Alergia` varchar(100) NOT NULL,
  PRIMARY KEY (`IdAlergia`)
) ENGINE=InnoDB AUTO_INCREMENT=13 DEFAULT CHARSET=latin1;
/*!40101 SET character_set_client = @saved_cs_client */;

--
-- Dumping data for table `tb_alergia`
--

LOCK TABLES `tb_alergia` WRITE;
/*!40000 ALTER TABLE `tb_alergia` DISABLE KEYS */;
INSERT INTO `tb_alergia` VALUES (1,'Não relatou '),(2,'Nunca apresentou alergia '),(3,'Alergia a mofo '),(4,'Alergia ao medicamento Profenid®, mofo e poeira'),(5,'Alergia às Sulfonamidas'),(6,'Alergia ao medicamento Naproxeno '),(7,'Alergia a antibióticos '),(8,'Alergia à penicilina '),(9,'Alergia a camarão, azeitona, salsicha e inseticida '),(10,'Alergia ao medicamento Buscopan® '),(11,'Alergia a detergente '),(12,'Alergia a poeira, ácaro e fungos ');
/*!40000 ALTER TABLE `tb_alergia` ENABLE KEYS */;
UNLOCK TABLES;

--
-- Table structure for table `tb_alergia_exames_fisicos`
--

DROP TABLE IF EXISTS `tb_alergia_exames_fisicos`;
/*!40101 SET @saved_cs_client     = @@character_set_client */;
/*!40101 SET character_set_client = utf8 */;
CREATE TABLE `tb_alergia_exames_fisicos` (
  `IdAlergia` int(11) NOT NULL,
  `IdConsultaVariavel` bigint(20) NOT NULL,
  PRIMARY KEY (`IdAlergia`,`IdConsultaVariavel`),
  KEY `fk_tb_alergia_has_tb_exames_fisicos_tb_exames_fisicos1_idx` (`IdConsultaVariavel`),
  KEY `fk_tb_alergia_has_tb_exames_fisicos_tb_alergia1_idx` (`IdAlergia`),
  CONSTRAINT `fk_tb_alergia_has_tb_exames_fisicos_tb_alergia1` FOREIGN KEY (`IdAlergia`) REFERENCES `tb_alergia` (`IdAlergia`) ON DELETE NO ACTION ON UPDATE NO ACTION,
  CONSTRAINT `fk_tb_alergia_has_tb_exames_fisicos_tb_exames_fisicos1` FOREIGN KEY (`IdConsultaVariavel`) REFERENCES `tb_exames_fisicos` (`IdConsultaVariavel`) ON DELETE NO ACTION ON UPDATE NO ACTION
) ENGINE=InnoDB DEFAULT CHARSET=latin1;
/*!40101 SET character_set_client = @saved_cs_client */;

--
-- Dumping data for table `tb_alergia_exames_fisicos`
--

LOCK TABLES `tb_alergia_exames_fisicos` WRITE;
/*!40000 ALTER TABLE `tb_alergia_exames_fisicos` DISABLE KEYS */;
INSERT INTO `tb_alergia_exames_fisicos` VALUES (1,16),(1,23),(1,34),(2,18),(2,19),(2,24),(2,27),(2,30),(2,31),(2,32),(2,36),(2,37),(2,40),(2,41),(2,42),(2,47),(2,48),(2,53),(2,55),(3,4),(3,14),(3,15),(3,29),(3,38),(3,44),(3,45),(3,50),(3,51),(3,56),(4,17),(4,35),(4,39),(4,43),(4,46),(4,49),(4,52),(4,54),(6,21),(7,22),(8,25),(8,26),(9,28);
/*!40000 ALTER TABLE `tb_alergia_exames_fisicos` ENABLE KEYS */;
UNLOCK TABLES;

--
-- Table structure for table `tb_antecedentes_familiares`
--

DROP TABLE IF EXISTS `tb_antecedentes_familiares`;
/*!40101 SET @saved_cs_client     = @@character_set_client */;
/*!40101 SET character_set_client = utf8 */;
CREATE TABLE `tb_antecedentes_familiares` (
  `IdConsultaFixo` bigint(20) NOT NULL,
  `IdPatologia` bigint(20) NOT NULL,
  PRIMARY KEY (`IdConsultaFixo`,`IdPatologia`),
  KEY `fk_tb_consulta_fixo_has_tb_patologia_tb_patologia3_idx` (`IdPatologia`),
  KEY `fk_tb_consulta_fixo_has_tb_patologia_tb_consulta_fixo3_idx` (`IdConsultaFixo`),
  CONSTRAINT `fk_tb_consulta_fixo_has_tb_patologia_tb_consulta_fixo3` FOREIGN KEY (`IdConsultaFixo`) REFERENCES `tb_consulta_fixo` (`IdConsultaFixo`) ON DELETE NO ACTION ON UPDATE NO ACTION,
  CONSTRAINT `fk_tb_consulta_fixo_has_tb_patologia_tb_patologia3` FOREIGN KEY (`IdPatologia`) REFERENCES `tb_patologia` (`IdPatologia`) ON DELETE NO ACTION ON UPDATE NO ACTION
) ENGINE=InnoDB DEFAULT CHARSET=latin1;
/*!40101 SET character_set_client = @saved_cs_client */;

--
-- Dumping data for table `tb_antecedentes_familiares`
--

LOCK TABLES `tb_antecedentes_familiares` WRITE;
/*!40000 ALTER TABLE `tb_antecedentes_familiares` DISABLE KEYS */;
/*!40000 ALTER TABLE `tb_antecedentes_familiares` ENABLE KEYS */;
UNLOCK TABLES;

--
-- Table structure for table `tb_antecedentes_patologicos`
--

DROP TABLE IF EXISTS `tb_antecedentes_patologicos`;
/*!40101 SET @saved_cs_client     = @@character_set_client */;
/*!40101 SET character_set_client = utf8 */;
CREATE TABLE `tb_antecedentes_patologicos` (
  `IdConsultaFixo` bigint(20) NOT NULL,
  `IdPatologia` bigint(20) NOT NULL,
  PRIMARY KEY (`IdConsultaFixo`,`IdPatologia`),
  KEY `fk_tb_consulta_fixo_has_tb_patologia_tb_patologia1_idx` (`IdPatologia`),
  KEY `fk_tb_consulta_fixo_has_tb_patologia_tb_consulta_fixo1_idx` (`IdConsultaFixo`),
  CONSTRAINT `fk_tb_consulta_fixo_has_tb_patologia_tb_consulta_fixo1` FOREIGN KEY (`IdConsultaFixo`) REFERENCES `tb_consulta_fixo` (`IdConsultaFixo`) ON DELETE NO ACTION ON UPDATE NO ACTION,
  CONSTRAINT `fk_tb_consulta_fixo_has_tb_patologia_tb_patologia1` FOREIGN KEY (`IdPatologia`) REFERENCES `tb_patologia` (`IdPatologia`) ON DELETE NO ACTION ON UPDATE NO ACTION
) ENGINE=InnoDB DEFAULT CHARSET=latin1;
/*!40101 SET character_set_client = @saved_cs_client */;

--
-- Dumping data for table `tb_antecedentes_patologicos`
--

LOCK TABLES `tb_antecedentes_patologicos` WRITE;
/*!40000 ALTER TABLE `tb_antecedentes_patologicos` DISABLE KEYS */;
/*!40000 ALTER TABLE `tb_antecedentes_patologicos` ENABLE KEYS */;
UNLOCK TABLES;

--
-- Table structure for table `tb_area_atuacao`
--

DROP TABLE IF EXISTS `tb_area_atuacao`;
/*!40101 SET @saved_cs_client     = @@character_set_client */;
/*!40101 SET character_set_client = utf8 */;
CREATE TABLE `tb_area_atuacao` (
  `IdAreaAtuacao` int(11) NOT NULL AUTO_INCREMENT,
  `Descricao` varchar(50) NOT NULL,
  PRIMARY KEY (`IdAreaAtuacao`)
) ENGINE=InnoDB AUTO_INCREMENT=3 DEFAULT CHARSET=latin1;
/*!40101 SET character_set_client = @saved_cs_client */;

--
-- Dumping data for table `tb_area_atuacao`
--

LOCK TABLES `tb_area_atuacao` WRITE;
/*!40000 ALTER TABLE `tb_area_atuacao` DISABLE KEYS */;
INSERT INTO `tb_area_atuacao` VALUES (1,'Saúde Pública'),(2,'Hospitalar');
/*!40000 ALTER TABLE `tb_area_atuacao` ENABLE KEYS */;
UNLOCK TABLES;

--
-- Table structure for table `tb_bebida`
--

DROP TABLE IF EXISTS `tb_bebida`;
/*!40101 SET @saved_cs_client     = @@character_set_client */;
/*!40101 SET character_set_client = utf8 */;
CREATE TABLE `tb_bebida` (
  `IdBebida` int(11) NOT NULL,
  `Nome` varchar(45) NOT NULL,
  PRIMARY KEY (`IdBebida`)
) ENGINE=InnoDB DEFAULT CHARSET=latin1;
/*!40101 SET character_set_client = @saved_cs_client */;

--
-- Dumping data for table `tb_bebida`
--

LOCK TABLES `tb_bebida` WRITE;
/*!40000 ALTER TABLE `tb_bebida` DISABLE KEYS */;
INSERT INTO `tb_bebida` VALUES (1,'Água');
/*!40000 ALTER TABLE `tb_bebida` ENABLE KEYS */;
UNLOCK TABLES;

--
-- Table structure for table `tb_carta`
--

DROP TABLE IF EXISTS `tb_carta`;
/*!40101 SET @saved_cs_client     = @@character_set_client */;
/*!40101 SET character_set_client = utf8 */;
CREATE TABLE `tb_carta` (
  `IdCarta` int(11) NOT NULL AUTO_INCREMENT,
  `IdConsultaVariavel` bigint(20) NOT NULL,
  `IdEspecialidade` int(11) NOT NULL,
  `NomeProfissional` varchar(45) NOT NULL,
  `NomePaciente` varchar(45) NOT NULL,
  `DataNascimento` datetime DEFAULT NULL,
  `TelefonePaciente` varchar(15) DEFAULT NULL,
  `MotivoReferenciaConsulta` text,
  `Alternativas` text,
  `Farmaceutico` varchar(45) DEFAULT NULL,
  `CRFUF` varchar(45) DEFAULT NULL,
  `TelefoneFarmaceutico` varchar(15) DEFAULT NULL,
  `Referencias` text,
  PRIMARY KEY (`IdCarta`),
  KEY `fk_tb_carta_tb_consulta_variavel1_idx` (`IdConsultaVariavel`),
  KEY `fk_tb_carta_tb_especialidade1_idx` (`IdEspecialidade`),
  CONSTRAINT `fk_tb_carta_tb_consulta_variavel1` FOREIGN KEY (`IdConsultaVariavel`) REFERENCES `tb_consulta_variavel` (`IdConsultaVariavel`) ON DELETE NO ACTION ON UPDATE NO ACTION,
  CONSTRAINT `fk_tb_carta_tb_especialidade1` FOREIGN KEY (`IdEspecialidade`) REFERENCES `tb_especialidade` (`IdEspecialidade`) ON DELETE NO ACTION ON UPDATE NO ACTION
) ENGINE=InnoDB AUTO_INCREMENT=16 DEFAULT CHARSET=latin1;
/*!40101 SET character_set_client = @saved_cs_client */;

--
-- Dumping data for table `tb_carta`
--

LOCK TABLES `tb_carta` WRITE;
/*!40000 ALTER TABLE `tb_carta` DISABLE KEYS */;
INSERT INTO `tb_carta` VALUES (1,45,2,'Exmo(a). Sr(a) Dr(a) S.','A.C.S.','1946-07-08 00:00:00','XXXX-XXXX','O Sr. A.C.S. é portador de Hipertensão Arterial Sistêmica e Diabetes Mellittus tipo II há 10 anos. Durante a avaliação inicial no serviço de Atenção Farmacêutica foram consideradas relevantes para o acompanhamento farmacoterapêutico os seguintes dados: o paciente suspendeu o uso do medicamento Sinvastatina sem averiguar o controle dos níveis lipêmicos. \r\nObs: Segue em anexo o diário pessoal dos medicamentos utilizados pelo paciente.\r\n','Correlacionar com exames clínicos e laboratoriais e avaliar o risco-benefício de adicionar um hipolipemiante de sua escolha, segundo as V Diretrizes Brasileiras sobre Dislipidemias e Prevenção da Arterosclerose.','XXXXX','XXX','XXXX-XXXX','Sociedade Brasileira de Cardiologia. V Diretrizes Brasileiras sobre Dislipidemias e Prevenção da Arterosclerose. Departamento de Arterosclerose da Sociedade Brasileira de Cardiologia.'),(2,46,2,'Exmo(a). Sr(a) Dr(a) L.A.S','E.V.','1943-05-12 00:00:00','XXXX-XXXX','A paciente Sr. E.V. é portadora de Hipertensão Arterial Sistêmica e Diabetes Mellitus tipo II há 13 anos. Durante a avaliação inicial no Serviço de atenção Farmacêutica foram consideradas relevantes para o acompanhamento farmacoterapêutico os seguintes dados: a paciente não tolera o efeito colateral do medicamento Hidroclotiazida (aumento da diurese). De acordo com as Diretrizes Brasileiras de Hipertensão, a paciente possui Hipertensão Arterial Sistêmica estágio I controlada.  Obs: Segue em anexo o diário pessoal dos medicamentos utilizados pelo paciente.','Correlacionar com exames clínicos e laboratoriais e avaliar o risco-benefício de descontinuar o uso deste medicamento, visto que os níveis pressóricos da paciente permanecem estáveis e controlados, mesmo sem a utilização da Hidroclorotiazida, segundo as Diretrizes Brasileiras de Hipertensão.','XXXXXX','XXXX','XXXX-XXXX','Sociedade Brasileira de Cardiologia. VI Diretrizes Brasileiras de Hipertensão, 2010.'),(3,47,1,'Exmo(a). Sr(a) Dr(a) P.','F.B.O.','1945-01-03 00:00:00','XXXX-XXXX','O paciente Sr. F.B.O. é portador de Diabetes Mellitus tipo II há 30 anos. Durante a avaliação inicial no Serviço de atenção Farmacêutica foram consideradas relevantes para o acompanhamento farmacoterapêutico os seguintes dados: o paciente apresentou crise hipoglicêmica ao adicionar o medicamento Glimepirida ao seu tratamento. Analisando por meio da base de dados Micromedex 2.0 foi encontrada uma frequência de 4% a 19.7% de ocorrência de hipoglicemia em adultos durante o uso de Glimepirida. Além disso, foi relatado pelo paciente a presença de sintomas de constipação. Foi analisado na mesma base de dados que o medicamento Tylex, composto por paracetamol e codeína, utilizado pelo paciente para o tratamento de neuropatia diabética, pode causar constipação, porém não foi relatada a frequência de ocorrência de tal efeito adverso. \r\n\r\nObs: Segue em anexo o diário pessoal dos medicamentos utilizados pelo paciente.','- Avaliar o risco-benefício de suspender o medicamento Glimepirida, visto que os níveis glicêmicos do paciente permanecem dentro dos valores de referência com o uso apenas da metformina, segundo as Diretrizes da Sociedade Brasileira de Endocrinologia e Metabolismo.\r\n','XXXXX','XXX','XXXX-XXXX','Sociedade Brasileira de Diabetes. V Diretrizes Brasileiras de Diabetes. SBD 2009'),(5,49,2,'Dr. L.A.S','E.V','1943-05-12 00:00:00','3240-0001','Prezado Dr. L.A.S, Bom dia.\r\nA Paciente E.V é portadora de diabetes Mellitus tipo II e Hipertensão arterial sistêmica há 13 anos e recebeu prescrição com os seguintes medicamentos: Enalapril 10mg, Propranolol 40mg e Hidroclorotiazida 25mg.\r\nA paciente vem sendo acompanhada por este serviço a 3 meses onde periodicamente estão sendo avaliados seus parâmetros clínicos e sua farmacoterapia. Neste ínterim, verifiquei que a paciente não adere ao tratamento com o medicamento hidroclorotiazida desde que o mesmo foi prescrito relatando preferir não utilizá-lo pelo incômodo de ir muitas vezes ao banheiro. Apesar disso os níveis pressóricos continuam normalizados desde então, levando-me a crer que tal medicamento seja desnecessário.\r\nEncaminho esta carta para que o Sr. avalie juntamente com a paciente esta situação e caso julgue necessário tomar devidas providências.    \r\n','Caso após consulta com a paciente achar desnecessário, sugiro a descontinuação da prescrição da Hidroclorotiazida, já que a mesma pode ser usada para outros fins que não o tratamento da paciente.','Thiago Willian Andrade Lima','1000SE','3333-3333',NULL),(6,48,3,'Dr. P (endocrinologista)','FBO','1945-01-03 00:00:00','79000000000','Paciente apresenta constipação a qual incomoda muito; Além disso não adere ao tratamento com a Glimepiridina (diabetes) pois relata causar crise hipoglicêmica.','Após a análise da situação do paciente, identificamos que a constipação pode estar  sendo provocada pelo Tylex (paracetamol+codeína) sobretudo a codeína ,pois a mesma apresenta constipação como reação adversa comum .Diante disso sugiro a troca da medicação .\r\nJá a crise hipoglicêmica pode está sendo provocado pela alta dosagem da Glimepiridina ,sugiro a diminuição da dose para 2 mg.\r\n','Caio Ítalo P.Silva','850','7900000000','micromedex.com;\r\nwww.drugs.com'),(9,51,2,'Exmo(a). Sr(a) Dr(a) S.','A.C.S.','1946-07-08 00:00:00','XXXX-XXXX','O Sr. A.C.S. é portador de Hipertensão Arterial Sistêmica e Diabetes Mellittus tipo II há 10 anos. Durante a avaliação inicial no serviço de Atenção Farmacêutica foram consideradas relevantes para o acompanhamento farmacoterapêutico os seguintes dados: o paciente suspendeu o uso do medicamento Sinvastatina sem averiguar o controle dos níveis lipêmicos. \r\nObs: Segue em anexo o diário pessoal dos medicamentos utilizados pelo paciente.\r\n','Correlacionar com exames clínicos e laboratoriais e avaliar o risco-benefício de adicionar um hipolipemiante de sua escolha, segundo as V Diretrizes Brasileiras sobre Dislipidemias e Prevenção da Arterosclerose.','XXXXX','XXX','XXXX-XXXX','Sociedade Brasileira de Cardiologia. V Diretrizes Brasileiras sobre Dislipidemias e Prevenção da Arterosclerose. Departamento de Arterosclerose da Sociedade Brasileira de Cardiologia.'),(10,52,2,'Exmo(a). Sr(a) Dr(a) L.A.S','E.V.','1943-05-12 00:00:00','XXXX-XXXX','A paciente Sr. E.V. é portadora de Hipertensão Arterial Sistêmica e Diabetes Mellitus tipo II há 13 anos. Durante a avaliação inicial no Serviço de atenção Farmacêutica foram consideradas relevantes para o acompanhamento farmacoterapêutico os seguintes dados: a paciente não tolera o efeito colateral do medicamento Hidroclotiazida (aumento da diurese). De acordo com as Diretrizes Brasileiras de Hipertensão, a paciente possui Hipertensão Arterial Sistêmica estágio I controlada.  Obs: Segue em anexo o diário pessoal dos medicamentos utilizados pelo paciente.','Correlacionar com exames clínicos e laboratoriais e avaliar o risco-benefício de descontinuar o uso deste medicamento, visto que os níveis pressóricos da paciente permanecem estáveis e controlados, mesmo sem a utilização da Hidroclorotiazida, segundo as Diretrizes Brasileiras de Hipertensão.','XXXXXX','XXXX','XXXX-XXXX','Sociedade Brasileira de Cardiologia. VI Diretrizes Brasileiras de Hipertensão, 2010.'),(11,53,1,'Exmo(a). Sr(a) Dr(a) P.','F.B.O.','1945-01-03 00:00:00','XXXX-XXXX','O paciente Sr. F.B.O. é portador de Diabetes Mellitus tipo II há 30 anos. Durante a avaliação inicial no Serviço de atenção Farmacêutica foram consideradas relevantes para o acompanhamento farmacoterapêutico os seguintes dados: o paciente apresentou crise hipoglicêmica ao adicionar o medicamento Glimepirida ao seu tratamento. Analisando por meio da base de dados Micromedex 2.0 foi encontrada uma frequência de 4% a 19.7% de ocorrência de hipoglicemia em adultos durante o uso de Glimepirida. Além disso, foi relatado pelo paciente a presença de sintomas de constipação. Foi analisado na mesma base de dados que o medicamento Tylex, composto por paracetamol e codeína, utilizado pelo paciente para o tratamento de neuropatia diabética, pode causar constipação, porém não foi relatada a frequência de ocorrência de tal efeito adverso. \r\n\r\nObs: Segue em anexo o diário pessoal dos medicamentos utilizados pelo paciente.','- Avaliar o risco-benefício de suspender o medicamento Glimepirida, visto que os níveis glicêmicos do paciente permanecem dentro dos valores de referência com o uso apenas da metformina, segundo as Diretrizes da Sociedade Brasileira de Endocrinologia e Metabolismo.\r\n','XXXXX','XXX','XXXX-XXXX','Sociedade Brasileira de Diabetes. V Diretrizes Brasileiras de Diabetes. SBD 2009'),(13,55,3,'Dr. P (endocrinologista)','FBO','1945-01-03 00:00:00','79000000000','Paciente apresenta constipação a qual incomoda muito; Além disso não adere ao tratamento com a Glimepiridina (diabetes) pois relata causar crise hipoglicêmica.','Após a análise da situação do paciente, identificamos que a constipação pode estar  sendo provocada pelo Tylex (paracetamol+codeína) sobretudo a codeína ,pois a mesma apresenta constipação como reação adversa comum .Diante disso sugiro a troca da medicação .\r\nJá a crise hipoglicêmica pode está sendo provocado pela alta dosagem da Glimepiridina ,sugiro a diminuição da dose para 2 mg.\r\n','Caio Ítalo P.Silva','850','7900000000','micromedex.com;\r\nwww.drugs.com'),(14,50,4,'Dr. S','A.C.S.','1946-07-08 00:00:00','Não relatou','O Sr A.C. S é hipertenso, diabético e está com os níveis de colesterol elevados e deixou de tomar o medicamento prescrito pelo seu medico Dr. S. O medicamento prescrito foi Sinvastatina. Por ser um paciente obeso que não segue dieta nem atividades físicas isso se torna um agravante para seu quadro clínico. Além do que não retornou ao médico para averiguar os índices de colesterol.','Sugiro que o Senhor avalie a situação do paciente, e que tome uma decisão sobre a farmacoterapia necessária para o mesmo. Tendo em vista em que a hiperdislipidemia está relacionado com os altos índices de colesterol e triglicérides no sangue, o que poderia agravar os seus demais problemas, como a hipertensão e diabetes, Sugiro também a realização de novos exames clínicos para verificar os parâmetros dislipidêmicos do Sr. A. C.S.','Fábio Rodolfo ','123/SE','79 9975 5929','www.medline.com.br'),(15,56,4,'Dr. S','A.C.S.','1946-07-08 00:00:00','Não relatou','O Sr A.C. S é hipertenso, diabético e está com os níveis de colesterol elevados e deixou de tomar o medicamento prescrito pelo seu medico Dr. S. O medicamento prescrito foi Sinvastatina. Por ser um paciente obeso que não segue dieta nem atividades físicas isso se torna um agravante para seu quadro clínico. Além do que não retornou ao médico para averiguar os índices de colesterol.','Sugiro que o Senhor avalie a situação do paciente, e que tome uma decisão sobre a farmacoterapia necessária para o mesmo. Tendo em vista em que a hiperdislipidemia está relacionado com os altos índices de colesterol e triglicérides no sangue, o que poderia agravar os seus demais problemas, como a hipertensão e diabetes, Sugiro também a realização de novos exames clínicos para verificar os parâmetros dislipidêmicos do Sr. A. C.S.','Fábio Rodolfo ','123/SE','79 9975 5929','www.medline.com.br');
/*!40000 ALTER TABLE `tb_carta` ENABLE KEYS */;
UNLOCK TABLES;

--
-- Table structure for table `tb_circulacao`
--

DROP TABLE IF EXISTS `tb_circulacao`;
/*!40101 SET @saved_cs_client     = @@character_set_client */;
/*!40101 SET character_set_client = utf8 */;
CREATE TABLE `tb_circulacao` (
  `IdConsultaVariavel` bigint(20) NOT NULL,
  `PA` decimal(5,2) DEFAULT NULL,
  `P` decimal(5,2) DEFAULT NULL,
  `CateterPeriferico` tinyint(1) NOT NULL DEFAULT '0',
  `CateterLocal` varchar(50) NOT NULL,
  `CateterData` datetime DEFAULT NULL,
  `CateterCentral` tinyint(1) NOT NULL DEFAULT '0',
  `CateterCentralLocal` varchar(50) DEFAULT NULL,
  `CateterCentralData` datetime DEFAULT NULL,
  `DisseccaoVenosa` tinyint(1) NOT NULL DEFAULT '0',
  `DisseccaoVenosaLocal` varchar(50) DEFAULT NULL,
  `DissecacaoVenosaData` datetime DEFAULT NULL,
  `SinaisFlogisticos` tinyint(1) NOT NULL DEFAULT '0',
  `SinaisFlogisticosQuaisLocal` varchar(200) DEFAULT NULL,
  `RedeVenosaVisivel` tinyint(1) NOT NULL DEFAULT '0',
  `RedeVenosaPulsosPalpaveis` tinyint(1) NOT NULL DEFAULT '0',
  `RedeVenosaSemAcesso` tinyint(1) NOT NULL DEFAULT '0',
  `Flebite` tinyint(1) NOT NULL DEFAULT '0',
  `FlebiteLocalizar` varchar(50) DEFAULT NULL,
  `Infiltracao` tinyint(1) NOT NULL DEFAULT '0',
  `InfiltracaoLocalizar` varchar(50) DEFAULT NULL,
  `EnchimentoCapilar` enum('MenorIgual3','Maior3') NOT NULL DEFAULT 'Maior3',
  `Varizes` tinyint(1) NOT NULL DEFAULT '0',
  `Edema` tinyint(1) NOT NULL DEFAULT '0',
  `EdemaLocalizar` varchar(50) DEFAULT NULL,
  PRIMARY KEY (`IdConsultaVariavel`),
  CONSTRAINT `fk_tb_circulacao_tb_consulta_variavel1` FOREIGN KEY (`IdConsultaVariavel`) REFERENCES `tb_consulta_variavel` (`IdConsultaVariavel`) ON DELETE NO ACTION ON UPDATE NO ACTION
) ENGINE=InnoDB DEFAULT CHARSET=latin1;
/*!40101 SET character_set_client = @saved_cs_client */;

--
-- Dumping data for table `tb_circulacao`
--

LOCK TABLES `tb_circulacao` WRITE;
/*!40000 ALTER TABLE `tb_circulacao` DISABLE KEYS */;
/*!40000 ALTER TABLE `tb_circulacao` ENABLE KEYS */;
UNLOCK TABLES;

--
-- Table structure for table `tb_clinico_internacao`
--

DROP TABLE IF EXISTS `tb_clinico_internacao`;
/*!40101 SET @saved_cs_client     = @@character_set_client */;
/*!40101 SET character_set_client = utf8 */;
CREATE TABLE `tb_clinico_internacao` (
  `IdConsultaFixo` bigint(20) NOT NULL,
  `Clinica` varchar(100) DEFAULT NULL,
  `Leito` varchar(50) DEFAULT NULL,
  `DataAdmissao` datetime DEFAULT NULL,
  `DiagnosticoMedico` varchar(100) DEFAULT NULL,
  `MotivoInternacao` varchar(200) DEFAULT NULL,
  `UsoMarcapasso` tinyint(1) NOT NULL DEFAULT '0',
  `UsoOutros` tinyint(1) NOT NULL DEFAULT '0',
  `UsoOutrosDescricao` varchar(50) DEFAULT NULL,
  `UsoNaoSeAplica` tinyint(1) NOT NULL DEFAULT '0',
  `tb_internacaocol` varchar(45) DEFAULT NULL,
  PRIMARY KEY (`IdConsultaFixo`),
  KEY `fk_tb_internacao_tb_consulta_fixo1_idx` (`IdConsultaFixo`),
  CONSTRAINT `fk_tb_internacao_tb_consulta_fixo1` FOREIGN KEY (`IdConsultaFixo`) REFERENCES `tb_consulta_fixo` (`IdConsultaFixo`) ON DELETE NO ACTION ON UPDATE NO ACTION
) ENGINE=InnoDB DEFAULT CHARSET=latin1;
/*!40101 SET character_set_client = @saved_cs_client */;

--
-- Dumping data for table `tb_clinico_internacao`
--

LOCK TABLES `tb_clinico_internacao` WRITE;
/*!40000 ALTER TABLE `tb_clinico_internacao` DISABLE KEYS */;
/*!40000 ALTER TABLE `tb_clinico_internacao` ENABLE KEYS */;
UNLOCK TABLES;

--
-- Table structure for table `tb_clinico_internacao_alergia`
--

DROP TABLE IF EXISTS `tb_clinico_internacao_alergia`;
/*!40101 SET @saved_cs_client     = @@character_set_client */;
/*!40101 SET character_set_client = utf8 */;
CREATE TABLE `tb_clinico_internacao_alergia` (
  `IdConsultaFixo` bigint(20) NOT NULL,
  `IdAlergia` int(11) NOT NULL,
  PRIMARY KEY (`IdConsultaFixo`,`IdAlergia`),
  KEY `fk_tb_clinico_internacao_has_tb_alergia_tb_alergia1_idx` (`IdAlergia`),
  KEY `fk_tb_clinico_internacao_has_tb_alergia_tb_clinico_internac_idx` (`IdConsultaFixo`),
  CONSTRAINT `fk_tb_clinico_internacao_has_tb_alergia_tb_alergia1` FOREIGN KEY (`IdAlergia`) REFERENCES `tb_alergia` (`IdAlergia`) ON DELETE NO ACTION ON UPDATE NO ACTION,
  CONSTRAINT `fk_tb_clinico_internacao_has_tb_alergia_tb_clinico_internacao1` FOREIGN KEY (`IdConsultaFixo`) REFERENCES `tb_clinico_internacao` (`IdConsultaFixo`) ON DELETE NO ACTION ON UPDATE NO ACTION
) ENGINE=InnoDB DEFAULT CHARSET=latin1;
/*!40101 SET character_set_client = @saved_cs_client */;

--
-- Dumping data for table `tb_clinico_internacao_alergia`
--

LOCK TABLES `tb_clinico_internacao_alergia` WRITE;
/*!40000 ALTER TABLE `tb_clinico_internacao_alergia` DISABLE KEYS */;
/*!40000 ALTER TABLE `tb_clinico_internacao_alergia` ENABLE KEYS */;
UNLOCK TABLES;

--
-- Table structure for table `tb_consulta_fixo`
--

DROP TABLE IF EXISTS `tb_consulta_fixo`;
/*!40101 SET @saved_cs_client     = @@character_set_client */;
/*!40101 SET character_set_client = utf8 */;
CREATE TABLE `tb_consulta_fixo` (
  `IdConsultaFixo` bigint(20) NOT NULL AUTO_INCREMENT,
  `EhGabarito` tinyint(1) NOT NULL DEFAULT '0',
  `DataAtualizacao` datetime DEFAULT NULL,
  `ComentariosTutor` text,
  PRIMARY KEY (`IdConsultaFixo`)
) ENGINE=InnoDB AUTO_INCREMENT=43 DEFAULT CHARSET=latin1;
/*!40101 SET character_set_client = @saved_cs_client */;

--
-- Dumping data for table `tb_consulta_fixo`
--

LOCK TABLES `tb_consulta_fixo` WRITE;
/*!40000 ALTER TABLE `tb_consulta_fixo` DISABLE KEYS */;
INSERT INTO `tb_consulta_fixo` VALUES (1,0,'0001-01-01 00:00:00',NULL),(2,0,'0001-01-01 00:00:00',NULL),(3,0,'0001-01-01 00:00:00',NULL),(4,0,'0001-01-01 00:00:00',NULL),(5,0,'0001-01-01 00:00:00',NULL),(6,0,'0001-01-01 00:00:00',NULL),(7,0,'0001-01-01 00:00:00',NULL),(8,0,'0001-01-01 00:00:00',NULL),(9,0,'0001-01-01 00:00:00',NULL),(10,0,'0001-01-01 00:00:00',NULL),(11,0,'0001-01-01 00:00:00',NULL),(12,0,'0001-01-01 00:00:00',NULL),(13,0,'0001-01-01 00:00:00',NULL),(14,0,'0001-01-01 00:00:00',NULL),(15,0,'0001-01-01 00:00:00',NULL),(16,0,'0001-01-01 00:00:00',NULL),(17,0,'0001-01-01 00:00:00',NULL),(18,0,'0001-01-01 00:00:00',NULL),(19,0,'0001-01-01 00:00:00',NULL),(20,0,'0001-01-01 00:00:00',NULL),(21,0,'0001-01-01 00:00:00',NULL),(22,0,'0001-01-01 00:00:00',NULL),(23,0,'0001-01-01 00:00:00',NULL),(24,0,'0001-01-01 00:00:00',NULL),(25,0,'0001-01-01 00:00:00',NULL),(26,0,'0001-01-01 00:00:00',NULL),(27,0,'0001-01-01 00:00:00',NULL),(28,0,'0001-01-01 00:00:00',NULL),(29,0,'0001-01-01 00:00:00',NULL),(30,0,'0001-01-01 00:00:00',NULL),(31,0,'0001-01-01 00:00:00',NULL),(32,0,'0001-01-01 00:00:00',NULL),(33,0,'0001-01-01 00:00:00',NULL),(34,0,'0001-01-01 00:00:00',NULL),(35,0,'0001-01-01 00:00:00',NULL),(36,0,'0001-01-01 00:00:00',NULL),(37,0,'0001-01-01 00:00:00',NULL),(38,0,'0001-01-01 00:00:00',NULL),(39,0,'0001-01-01 00:00:00',NULL),(40,0,'0001-01-01 00:00:00',NULL),(41,0,'0001-01-01 00:00:00',NULL),(42,0,'0001-01-01 00:00:00',NULL);
/*!40000 ALTER TABLE `tb_consulta_fixo` ENABLE KEYS */;
UNLOCK TABLES;

--
-- Table structure for table `tb_consulta_parametro`
--

DROP TABLE IF EXISTS `tb_consulta_parametro`;
/*!40101 SET @saved_cs_client     = @@character_set_client */;
/*!40101 SET character_set_client = utf8 */;
CREATE TABLE `tb_consulta_parametro` (
  `IdConsultaVariavel` bigint(20) NOT NULL,
  `IdParametroClinico` int(11) NOT NULL,
  `Valor` float DEFAULT NULL,
  `ValorReferencia` varchar(20) DEFAULT NULL,
  `Unidade` varchar(20) DEFAULT NULL,
  PRIMARY KEY (`IdConsultaVariavel`,`IdParametroClinico`),
  KEY `fk_tb_consulta_parametro_tb_consulta_variavel1_idx` (`IdConsultaVariavel`),
  KEY `fk_tb_consulta_parametro_tb_parametro_clinico1_idx` (`IdParametroClinico`),
  CONSTRAINT `fk_tb_consulta_parametro_tb_consulta_variavel1` FOREIGN KEY (`IdConsultaVariavel`) REFERENCES `tb_consulta_variavel` (`IdConsultaVariavel`) ON DELETE NO ACTION ON UPDATE NO ACTION,
  CONSTRAINT `fk_tb_consulta_parametro_tb_parametro_clinico1` FOREIGN KEY (`IdParametroClinico`) REFERENCES `tb_parametro_clinico` (`IdParametroClinico`) ON DELETE NO ACTION ON UPDATE NO ACTION
) ENGINE=InnoDB DEFAULT CHARSET=latin1;
/*!40101 SET character_set_client = @saved_cs_client */;

--
-- Dumping data for table `tb_consulta_parametro`
--

LOCK TABLES `tb_consulta_parametro` WRITE;
/*!40000 ALTER TABLE `tb_consulta_parametro` DISABLE KEYS */;
INSERT INTO `tb_consulta_parametro` VALUES (10,3,2,'2.5','ml'),(14,1,228,'70 a 100','mg/dl'),(14,3,12.4,'6.5','%'),(15,1,228,'140','mg/dl'),(16,1,274,'70 a 100','mg/dl'),(16,2,273,'até 200','mg/dl'),(16,3,13,'6.5','%'),(17,1,129,'70 a 100','mg/dl'),(17,2,177,'até 200','mg/dl'),(17,3,8.8,'6.5','%'),(17,4,212,'até 140','mg/dl'),(18,1,133,'70 a 100','mg/dl'),(18,3,6.5,'6.5','%'),(18,4,131,'até 140','mg/dl'),(19,1,280,'70 a 100','mg/dl'),(19,2,254,'até 200','mg/dl'),(19,3,10.5,'6.5','%'),(19,8,302,'até 150','mg/dl'),(20,3,11,'6.5','%'),(21,3,8,'6.5','%'),(22,1,119,'70 a 100','mg/dl'),(22,2,298,'até 200','mg/dl'),(23,3,7.5,'6.5','%'),(24,1,106,'70 a 100','mg/dl'),(24,3,7.82,'6.5','%'),(24,4,133,'até 140','mg/dl'),(25,1,103,'70 a 100','mg/dl'),(25,2,291,'até 200','mg/dl'),(25,6,223,'< 100','mg/dl'),(25,7,50,'= ou > 60','mg/dl'),(25,8,103,'até 150','mg/dl'),(26,1,170,'70 a 100','mg/dl'),(26,3,9.9,'6.5','%'),(27,2,266,'até 200','mg/dl'),(28,2,133,'até 200','mg/dl'),(28,3,10.2,'6.5','%'),(30,1,140,'70 a 100','mg/dl'),(30,2,220,'até 200','mg/dl'),(30,3,10.7,'6.5','%'),(30,4,200,'até 140','mg/dl'),(31,1,292,'70 a 100','mg/dl'),(31,3,11.8,'6.5','%'),(31,4,314,'até 140','mg/dl'),(31,9,1.69,'0.34 a 5.60','mUI/L'),(31,10,133.91,'0','Ug/dL'),(31,11,9.1,'0','Ug/dL'),(31,12,41,'41 a 65','mg/dl'),(31,14,1.9,'0','mg/dL'),(32,2,220,'até 200','mg/dl'),(32,6,130,'< 100','mg/dl'),(32,7,46,'= ou > 60','mg/dl'),(32,13,44,'até 40','mg/dl'),(34,1,228,'140','mg/dl'),(34,2,273,'até 200','mg/dl'),(34,3,13,'6.5','%'),(35,1,129,'70 a 100','mg/dl'),(35,2,177,'até 200','mg/dl'),(35,3,8.8,'6.5','%'),(35,4,212,'até 140','mg/dl'),(36,1,133,'70 a 100','mg/dl'),(36,3,6.5,'6.5','%'),(36,4,131,'até 140','mg/dl'),(37,1,280,'70 a 100','mg/dl'),(37,2,254,'até 200','mg/dl'),(37,3,10.5,'6.5','%'),(37,8,302,'até 150','mg/dl'),(38,1,228,'70 mg/dl e 99 mg/dl ','%'),(38,3,12.4,'abaixo de 7%','%'),(39,1,129,'70 a 100','mg/dl'),(39,2,177,' menor que 200','mg/dl'),(39,3,8.8,'Maior ou igual a 6.5','%'),(39,4,212,'menor que 140','mg/dl'),(40,1,133,'70 a 100','mg/dL'),(40,3,6.5,'Abaixo de 7%','%'),(40,4,131,'abaixo 140','mg/dL'),(42,1,133,'70 a 100','mg/dL'),(42,3,6.5,'Abaixo de 7%','%'),(42,4,131,'abaixo 140','mg/dL'),(43,1,129,'70 a 100','mg/dl'),(43,2,177,' menor que 200','mg/dl'),(43,3,8.8,'Maior ou igual a 6.5','%'),(43,4,212,'menor que 140','mg/dl'),(44,1,228,'70 mg/dl e 99 mg/dl ','%'),(44,3,12.4,'abaixo de 7%','%'),(45,1,228,'140','mg/dl'),(46,1,129,'70 a 100','mg/dl'),(46,2,177,'até 200','mg/dl'),(46,3,8.8,'6.5','%'),(46,4,212,'até 140','mg/dl'),(47,1,133,'70 a 100','mg/dl'),(47,3,6.5,'6.5','%'),(47,4,131,'até 140','mg/dl'),(48,1,133,'70 a 100','mg/dL'),(48,3,6.5,'Abaixo de 7%','%'),(48,4,131,'abaixo 140','mg/dL'),(49,1,129,'70 a 100','mg/dl'),(49,2,177,' menor que 200','mg/dl'),(49,3,8.8,'Maior ou igual a 6.5','%'),(49,4,212,'menor que 140','mg/dl'),(50,1,228,'70 mg/dl e 99 mg/dl ','%'),(50,3,12.4,'abaixo de 7%','%'),(51,1,228,'140','mg/dl'),(52,1,129,'70 a 100','mg/dl'),(52,2,177,'até 200','mg/dl'),(52,3,8.8,'6.5','%'),(52,4,212,'até 140','mg/dl'),(53,1,133,'70 a 100','mg/dl'),(53,3,6.5,'6.5','%'),(53,4,131,'até 140','mg/dl'),(54,1,129,'70 a 100','mg/dl'),(54,2,177,' menor que 200','mg/dl'),(54,3,8.8,'Maior ou igual a 6.5','%'),(54,4,212,'menor que 140','mg/dl'),(55,1,133,'70 a 100','mg/dL'),(55,3,6.5,'Abaixo de 7%','%'),(55,4,131,'abaixo 140','mg/dL'),(56,1,228,'70 mg/dl e 99 mg/dl ','%'),(56,3,12.4,'abaixo de 7%','%');
/*!40000 ALTER TABLE `tb_consulta_parametro` ENABLE KEYS */;
UNLOCK TABLES;

--
-- Table structure for table `tb_consulta_variavel`
--

DROP TABLE IF EXISTS `tb_consulta_variavel`;
/*!40101 SET @saved_cs_client     = @@character_set_client */;
/*!40101 SET character_set_client = utf8 */;
CREATE TABLE `tb_consulta_variavel` (
  `IdConsultaVariavel` bigint(20) NOT NULL AUTO_INCREMENT,
  `IdTurma` int(11) NOT NULL,
  `IdPessoa` int(11) NOT NULL,
  `IdRelato` int(11) NOT NULL,
  `IdConsultaFixo` bigint(20) NOT NULL,
  `IdRazaoEncontro` int(11) NOT NULL,
  `IdEstadoConsulta` int(11) NOT NULL,
  `DataPreenchimento` datetime DEFAULT NULL,
  `ResumoPlanoCuidados` text,
  `ComentariosTutor` text,
  `NotaAluno` decimal(10,0) NOT NULL DEFAULT '0',
  `OutrosAchados` text,
  `DadosComplementares` text,
  `InformacoesFamiliares` text,
  PRIMARY KEY (`IdConsultaVariavel`),
  KEY `fk_tb_consulta_variavel_tb_razao_encontro1_idx` (`IdRazaoEncontro`),
  KEY `fk_tb_consulta_variavel_tb_turma_pessoa_relato1_idx` (`IdTurma`,`IdPessoa`,`IdRelato`,`IdConsultaFixo`),
  KEY `fk_tb_consulta_variavel_tb_estado_consulta1_idx` (`IdEstadoConsulta`),
  CONSTRAINT `fk_tb_consulta_variavel_tb_estado_consulta1` FOREIGN KEY (`IdEstadoConsulta`) REFERENCES `tb_estado_consulta` (`IdEstadoConsulta`) ON DELETE NO ACTION ON UPDATE NO ACTION,
  CONSTRAINT `fk_tb_consulta_variavel_tb_razao_encontro1` FOREIGN KEY (`IdRazaoEncontro`) REFERENCES `tb_razao_encontro` (`IdRazaoEncontro`) ON DELETE NO ACTION ON UPDATE NO ACTION,
  CONSTRAINT `fk_tb_consulta_variavel_tb_turma_pessoa_relato1` FOREIGN KEY (`IdTurma`, `IdPessoa`, `IdRelato`, `IdConsultaFixo`) REFERENCES `tb_turma_pessoa_relato` (`IdTurma`, `IdPessoa`, `IdRelato`, `IdConsultaFixo`) ON DELETE NO ACTION ON UPDATE NO ACTION
) ENGINE=InnoDB AUTO_INCREMENT=57 DEFAULT CHARSET=latin1;
/*!40101 SET character_set_client = @saved_cs_client */;

--
-- Dumping data for table `tb_consulta_variavel`
--

LOCK TABLES `tb_consulta_variavel` WRITE;
/*!40000 ALTER TABLE `tb_consulta_variavel` DISABLE KEYS */;
INSERT INTO `tb_consulta_variavel` VALUES (2,1,1,1,6,3,2,'0001-01-01 00:00:00',NULL,NULL,0,NULL,NULL,NULL),(3,1,1,2,7,1,2,'0001-01-01 00:00:00',NULL,NULL,0,NULL,NULL,NULL),(4,3,5,5,8,1,2,'0001-01-01 00:00:00',NULL,NULL,0,NULL,NULL,NULL),(5,3,5,9,9,1,2,'0001-01-01 00:00:00',NULL,NULL,0,NULL,NULL,NULL),(6,1,9,5,11,1,2,'0001-01-01 00:00:00',NULL,NULL,0,NULL,NULL,NULL),(7,1,10,2,12,1,1,'0001-01-01 00:00:00',NULL,NULL,0,NULL,NULL,NULL),(8,1,10,5,13,1,2,'0001-01-01 00:00:00',NULL,NULL,0,NULL,NULL,NULL),(10,1,10,5,15,1,2,'0001-01-01 00:00:00',NULL,NULL,0,NULL,NULL,NULL),(11,1,10,14,16,1,2,'0001-01-01 00:00:00',NULL,NULL,0,NULL,NULL,NULL),(12,1,12,5,17,1,2,'0001-01-01 00:00:00',NULL,NULL,0,NULL,NULL,NULL),(13,3,5,14,18,1,2,'0001-01-01 00:00:00',NULL,NULL,0,NULL,NULL,NULL),(14,1,1,5,19,6,4,'0001-01-01 00:00:00',NULL,NULL,0,NULL,NULL,NULL),(15,1,1,6,20,6,4,'0001-01-01 00:00:00',NULL,NULL,0,NULL,NULL,NULL),(16,1,1,9,21,14,4,'0001-01-01 00:00:00',NULL,NULL,0,NULL,NULL,NULL),(17,1,1,14,22,3,4,'0001-01-01 00:00:00',NULL,NULL,0,NULL,NULL,NULL),(18,1,1,18,23,18,4,'0001-01-01 00:00:00',NULL,NULL,0,NULL,NULL,NULL),(19,1,1,22,24,9,4,'0001-01-01 00:00:00',NULL,NULL,0,NULL,NULL,NULL),(20,1,1,26,25,4,4,'0001-01-01 00:00:00',NULL,NULL,0,NULL,NULL,NULL),(21,1,1,30,26,7,4,'0001-01-01 00:00:00',NULL,NULL,0,NULL,NULL,NULL),(22,1,1,34,27,11,4,'0001-01-01 00:00:00',NULL,NULL,0,NULL,NULL,NULL),(23,1,1,38,28,11,4,'0001-01-01 00:00:00',NULL,NULL,0,NULL,NULL,NULL),(24,1,1,42,29,8,4,'0001-01-01 00:00:00',NULL,NULL,0,NULL,NULL,NULL),(25,1,1,46,30,6,4,'0001-01-01 00:00:00',NULL,NULL,0,NULL,NULL,NULL),(26,1,1,50,31,7,4,'0001-01-01 00:00:00',NULL,NULL,0,NULL,NULL,NULL),(27,1,1,54,32,7,4,'0001-01-01 00:00:00',NULL,NULL,0,NULL,NULL,NULL),(28,1,1,58,33,3,4,'0001-01-01 00:00:00',NULL,NULL,0,NULL,NULL,NULL),(29,1,1,62,34,7,4,'0001-01-01 00:00:00',NULL,NULL,0,NULL,NULL,NULL),(30,1,1,66,35,6,4,'0001-01-01 00:00:00',NULL,NULL,0,NULL,NULL,NULL),(31,1,1,70,36,6,4,'0001-01-01 00:00:00',NULL,NULL,0,NULL,NULL,NULL),(32,1,1,74,37,16,4,'0001-01-01 00:00:00',NULL,NULL,0,NULL,NULL,NULL),(34,1,1,11,21,14,4,'0001-01-01 00:00:00',NULL,NULL,0,NULL,NULL,NULL),(35,1,1,15,22,3,4,'0001-01-01 00:00:00',NULL,NULL,0,NULL,NULL,NULL),(36,1,1,19,23,18,4,'0001-01-01 00:00:00',NULL,NULL,0,NULL,NULL,NULL),(37,1,1,23,24,9,4,'0001-01-01 00:00:00',NULL,NULL,0,NULL,NULL,NULL),(38,1,15,5,39,6,7,'0001-01-01 00:00:00',NULL,NULL,0,NULL,NULL,NULL),(39,1,13,14,40,13,7,'0001-01-01 00:00:00',NULL,NULL,0,NULL,NULL,NULL),(40,1,14,18,41,18,7,'0001-01-01 00:00:00',NULL,NULL,0,NULL,NULL,NULL),(41,1,10,54,42,5,6,'0001-01-01 00:00:00',NULL,'Comentários',0,NULL,NULL,NULL),(42,1,14,19,41,18,7,'0001-01-01 00:00:00',NULL,NULL,0,NULL,NULL,NULL),(43,1,13,15,40,13,7,'0001-01-01 00:00:00',NULL,NULL,0,NULL,NULL,NULL),(44,1,15,6,39,6,7,'0001-01-01 00:00:00',NULL,NULL,0,NULL,NULL,NULL),(45,1,1,7,20,6,4,'0001-01-01 00:00:00',NULL,NULL,0,NULL,NULL,NULL),(46,1,1,17,22,3,4,'0001-01-01 00:00:00',NULL,NULL,0,NULL,NULL,NULL),(47,1,1,20,23,18,4,'0001-01-01 00:00:00',NULL,NULL,0,NULL,NULL,NULL),(48,1,14,20,41,18,7,'0001-01-01 00:00:00',NULL,NULL,0,NULL,NULL,NULL),(49,1,13,17,40,13,7,'0001-01-01 00:00:00',NULL,NULL,0,NULL,NULL,NULL),(50,1,15,7,39,6,7,'0001-01-01 00:00:00',NULL,NULL,0,NULL,NULL,NULL),(51,1,1,8,20,6,4,'0001-01-01 00:00:00',NULL,NULL,0,NULL,NULL,NULL),(52,1,1,16,22,3,4,'0001-01-01 00:00:00',NULL,NULL,0,NULL,NULL,NULL),(53,1,1,21,23,18,4,'0001-01-01 00:00:00',NULL,NULL,0,NULL,NULL,NULL),(54,1,13,16,40,13,7,'0001-01-01 00:00:00',NULL,NULL,0,NULL,NULL,NULL),(55,1,14,21,41,18,7,'0001-01-01 00:00:00',NULL,NULL,0,NULL,NULL,NULL),(56,1,15,8,39,6,5,'0001-01-01 00:00:00',NULL,NULL,0,NULL,NULL,NULL);
/*!40000 ALTER TABLE `tb_consulta_variavel` ENABLE KEYS */;
UNLOCK TABLES;

--
-- Table structure for table `tb_consulta_variavel_intervencao`
--

DROP TABLE IF EXISTS `tb_consulta_variavel_intervencao`;
/*!40101 SET @saved_cs_client     = @@character_set_client */;
/*!40101 SET character_set_client = utf8 */;
CREATE TABLE `tb_consulta_variavel_intervencao` (
  `IdIntervencao` int(11) NOT NULL,
  `IdConsultaVariavel` bigint(20) NOT NULL,
  `ComunicaPaciente` tinyint(1) NOT NULL DEFAULT '0',
  `ComunicaOutro` tinyint(1) NOT NULL DEFAULT '0',
  `Justificativa` varchar(200) DEFAULT NULL,
  PRIMARY KEY (`IdIntervencao`,`IdConsultaVariavel`),
  KEY `fk_tb_intervencao_has_tb_consulta_variavel_tb_consulta_vari_idx` (`IdConsultaVariavel`),
  KEY `fk_tb_intervencao_has_tb_consulta_variavel_tb_intervencao1_idx` (`IdIntervencao`),
  CONSTRAINT `fk_tb_intervencao_has_tb_consulta_variavel_tb_consulta_variav1` FOREIGN KEY (`IdConsultaVariavel`) REFERENCES `tb_consulta_variavel` (`IdConsultaVariavel`) ON DELETE NO ACTION ON UPDATE NO ACTION,
  CONSTRAINT `fk_tb_intervencao_has_tb_consulta_variavel_tb_intervencao1` FOREIGN KEY (`IdIntervencao`) REFERENCES `tb_intervencao` (`IdIntervencao`) ON DELETE NO ACTION ON UPDATE NO ACTION
) ENGINE=InnoDB DEFAULT CHARSET=latin1;
/*!40101 SET character_set_client = @saved_cs_client */;

--
-- Dumping data for table `tb_consulta_variavel_intervencao`
--

LOCK TABLES `tb_consulta_variavel_intervencao` WRITE;
/*!40000 ALTER TABLE `tb_consulta_variavel_intervencao` DISABLE KEYS */;
INSERT INTO `tb_consulta_variavel_intervencao` VALUES (1,15,1,1,'Comunicar ao paciente e ao medico a necessidade de iniciar a farmacoterapia para o tratamento da hiperlipidemia.'),(1,34,1,1,'Informar ao paciente e ao médico a necessidade de adicionar um medicamento para queimação no estomago'),(1,37,1,1,'Comunicar ao paciente e ao medico a necessidade de iniciar a farmacoterapia para o tratamento da hiperlipidemia.'),(1,44,0,1,'Passar a orientação sobre o uso da medicação furosemida a outro integrante da casa, para reforçar o uso.'),(1,45,1,1,'Comunicar ao paciente e ao medico a necessidade de iniciar a farmacoterapia para o tratamento da hiperlipidemia.'),(1,50,0,1,'Passar a orientação sobre o uso da medicação furosemida a outro integrante da casa, para reforçar o uso.'),(1,51,1,1,'Comunicar ao paciente e ao medico a necessidade de iniciar a farmacoterapia para o tratamento da hiperlipidemia.'),(1,56,0,1,'Passar a orientação sobre o uso da medicação furosemida a outro integrante da casa, para reforçar o uso.'),(3,34,1,1,'Encaminhar o paciente ao medicamento solicitando a troca do medicamento sinvastatina que não está sendo efetivo.'),(3,42,1,1,'Tilex (paracetamol+codeina) apresenta reação adversa:constipação ,como a principal causadora suspeita a codeina .'),(3,48,1,1,'Tilex (paracetamol+codeina) apresenta reação adversa:constipação ,como a principal causadora suspeita a codeina .'),(3,55,1,1,'Tilex (paracetamol+codeina) apresenta reação adversa:constipação ,como a principal causadora suspeita a codeina .'),(4,2,1,0,NULL),(4,42,1,1,'Dose alta da glimepiridina ,causando hipoglicemia.'),(4,48,1,1,'Dose alta da glimepiridina ,causando hipoglicemia.'),(4,55,1,1,'Dose alta da glimepiridina ,causando hipoglicemia.'),(6,15,1,0,'Comunicar ao paciente a importância de alterar o horário de do medicamento Captopril, para que o mesmo seja efetivo para o tratamento da Hipertensão.'),(6,36,1,1,'Baseando-se no fato do medicamento Tylex  estar provocando a reação adversa Constipação é necessário a redução da dose.'),(6,45,1,0,'Comunicar ao paciente a importância de alterar o horário de do medicamento Captopril, para que o mesmo seja efetivo para o tratamento da Hipertensão.'),(6,47,1,1,'Baseando-se no fato do medicamento Tylex  estar provocando a reação adversa Constipação é necessário a redução da dose.'),(6,51,1,0,'Comunicar ao paciente a importância de alterar o horário de do medicamento Captopril, para que o mesmo seja efetivo para o tratamento da Hipertensão.'),(6,53,1,1,'Baseando-se no fato do medicamento Tylex  estar provocando a reação adversa Constipação é necessário a redução da dose.'),(7,35,1,1,'Informar ao médico o desconforto do paciente com o uso do medicamento Hidroclorotiazida, que leva inclusive a não adesão. Avaliar se o medicamento é realmente ncessário'),(7,36,1,1,'Solicitar ao médico a avaliação da necessidade do uso do medicamento Glimepirida, tendo em vista que o paciente não se sente bem ao tomá-la.'),(7,43,1,1,'Retirar o medicamento Hidroclorotiazida, pois é desnecessário, visto que a paciente não aderiu e a pressão permanece controlada.'),(7,46,1,1,'Informar ao médico o desconforto do paciente com o uso do medicamento Hidroclorotiazida, que leva inclusive a não adesão. Avaliar se o medicamento é realmente ncessário'),(7,47,1,1,'Solicitar ao médico a avaliação da necessidade do uso do medicamento Glimepirida, tendo em vista que o paciente não se sente bem ao tomá-la.'),(7,49,1,1,'Retirar o medicamento Hidroclorotiazida, pois é desnecessário, visto que a paciente não aderiu e a pressão permanece controlada.'),(7,52,1,1,'Informar ao médico o desconforto do paciente com o uso do medicamento Hidroclorotiazida, que leva inclusive a não adesão. Avaliar se o medicamento é realmente ncessário'),(7,53,1,1,'Solicitar ao médico a avaliação da necessidade do uso do medicamento Glimepirida, tendo em vista que o paciente não se sente bem ao tomá-la.'),(7,54,1,1,'Retirar o medicamento Hidroclorotiazida, pois é desnecessário, visto que a paciente não aderiu e a pressão permanece controlada.'),(9,3,1,0,NULL),(9,15,1,0,'Sobre a importância de utilizar os medicamentos conforme a prescrição médica.'),(9,34,1,0,'Educar o paciente sobre a importância do uso dos medicamentos para o controle dos problemas de saúde. Principalmente a Diabetes.'),(9,35,1,0,'Sobre a importância de utilizar os medicamentos conforme a prescrição médica.'),(9,36,1,0,'Sobre a importância de utilizar os medicamentos conforme a prescrição médica.'),(9,37,1,0,'Sobre a importância de utilizar os medicamentos conforme a prescrição médica, com vista à adesão ao tratamento.'),(9,42,1,0,'elaborar uma tabela dos horários  dos medicamentos afim de orientar a tomada dos medicamentos corretamente ,em especial a metformina.'),(9,43,1,0,'A paciente precisa ser educada sobre a importância do medicamento metformina para o controle do seu problema de saúde.'),(9,44,1,0,'Fazer uso do captopril antes das refeições e não junto a elas'),(9,45,1,0,'Sobre a importância de utilizar os medicamentos conforme a prescrição médica.'),(9,46,1,0,'Sobre a importância de utilizar os medicamentos conforme a prescrição médica.'),(9,47,1,0,'Sobre a importância de utilizar os medicamentos conforme a prescrição médica.'),(9,48,1,0,'elaborar uma tabela dos horários  dos medicamentos afim de orientar a tomada dos medicamentos corretamente ,em especial a metformina.'),(9,49,1,0,'A paciente precisa ser educada sobre a importância do medicamento metformina para o controle do seu problema de saúde.'),(9,50,1,0,'Fazer uso do captopril antes das refeições e não junto a elas'),(9,51,1,0,'Sobre a importância de utilizar os medicamentos conforme a prescrição médica.'),(9,52,1,0,'Sobre a importância de utilizar os medicamentos conforme a prescrição médica.'),(9,53,1,0,'Sobre a importância de utilizar os medicamentos conforme a prescrição médica.'),(9,54,1,0,'A paciente precisa ser educada sobre a importância do medicamento metformina para o controle do seu problema de saúde.'),(9,55,1,0,'elaborar uma tabela dos horários  dos medicamentos afim de orientar a tomada dos medicamentos corretamente ,em especial a metformina.'),(9,56,1,0,'Fazer uso do captopril antes das refeições e não junto a elas'),(10,3,1,0,NULL),(10,15,1,0,'Promover ações educativas visando o entendimento do paciente sobre os problemas de saúde apresentados.'),(10,35,1,0,'Promover ações educativas visando o entendimento do paciente sobre os problemas de saúde apresentados.'),(10,36,1,0,'Promover ações educativas visando o entendimento do paciente sobre os problemas de saúde apresentados.'),(10,37,1,0,'Promover ações educativas visando o entendimento do paciente sobre os problemas de saúde apresentados.'),(10,43,1,0,'a paciente relata que não adere a farmacoterapia porque não entende a doença.'),(10,45,1,0,'Promover ações educativas visando o entendimento do paciente sobre os problemas de saúde apresentados.'),(10,46,1,0,'Promover ações educativas visando o entendimento do paciente sobre os problemas de saúde apresentados.'),(10,47,1,0,'Promover ações educativas visando o entendimento do paciente sobre os problemas de saúde apresentados.'),(10,49,1,0,'a paciente relata que não adere a farmacoterapia porque não entende a doença.'),(10,51,1,0,'Promover ações educativas visando o entendimento do paciente sobre os problemas de saúde apresentados.'),(10,52,1,0,'Promover ações educativas visando o entendimento do paciente sobre os problemas de saúde apresentados.'),(10,53,1,0,'Promover ações educativas visando o entendimento do paciente sobre os problemas de saúde apresentados.'),(10,54,1,0,'a paciente relata que não adere a farmacoterapia porque não entende a doença.'),(12,44,1,0,'Exames laboratoriais a respeito dos níveis de colesterol'),(12,50,1,0,'Exames laboratoriais a respeito dos níveis de colesterol'),(12,56,1,0,'Exames laboratoriais a respeito dos níveis de colesterol'),(13,43,1,0,'Perguntar ao paciente a quanto tempo observa a diminuição da audição e a quanto tempo toma Enalapril.'),(13,49,1,0,'Perguntar ao paciente a quanto tempo observa a diminuição da audição e a quanto tempo toma Enalapril.'),(13,54,1,0,'Perguntar ao paciente a quanto tempo observa a diminuição da audição e a quanto tempo toma Enalapril.'),(14,15,1,0,'Informar ao paciente a importância de ser acompanhado por um profissional que o ajude a controlar a alimentação.'),(14,35,1,1,'Encaminhar ao nutricionista, pela alimentação inadequada. Informar ao paciente a importância de ser acompanhado por um profissional que o ajude a controlar a alimentação.'),(14,37,1,1,'Encaminhar ao nutricionista para controle da alimentação. Informar ao paciente a importância de ser acompanhado por um profissional que o ajude a controlar a alimentação.'),(14,43,1,1,'Abusa da alimentação desregrada.'),(14,44,1,0,'melhorar alimentação'),(14,45,1,0,'Informar ao paciente a importância de ser acompanhado por um profissional que o ajude a controlar a alimentação.'),(14,46,1,1,'Encaminhar ao nutricionista, pela alimentação inadequada. Informar ao paciente a importância de ser acompanhado por um profissional que o ajude a controlar a alimentação.'),(14,49,1,1,'Abusa da alimentação desregrada.'),(14,50,1,0,'melhorar alimentação'),(14,51,1,0,'Informar ao paciente a importância de ser acompanhado por um profissional que o ajude a controlar a alimentação.'),(14,52,1,1,'Encaminhar ao nutricionista, pela alimentação inadequada. Informar ao paciente a importância de ser acompanhado por um profissional que o ajude a controlar a alimentação.'),(14,54,1,1,'Abusa da alimentação desregrada.'),(14,56,1,0,'melhorar alimentação'),(15,15,1,0,'Informar ao paciente a importância de ser acompanhado por um profissional que o ajude na prática da atividade física'),(15,43,1,1,'Não quer fazer atividade física.'),(15,44,1,0,'praticar atividades físicas regularmente'),(15,45,1,0,'Informar ao paciente a importância de ser acompanhado por um profissional que o ajude na prática da atividade física'),(15,49,1,1,'Não quer fazer atividade física.'),(15,50,1,0,'praticar atividades físicas regularmente'),(15,51,1,0,'Informar ao paciente a importância de ser acompanhado por um profissional que o ajude na prática da atividade física'),(15,54,1,1,'Não quer fazer atividade física.'),(15,56,1,0,'praticar atividades físicas regularmente'),(16,15,1,0,'Confeccionar, junto ao paciente uma tabela de horário de utilização dos medicamentos.'),(16,35,1,0,'Confeccionar, junto ao paciente uma tabela de horário de utilização dos medicamento, com vistas à adesão ao tratamento.'),(16,36,0,0,'Confeccionar, junto ao paciente uma tabela de horário de utilização dos medicamentos, com vistas a melhora da adesão.'),(16,37,1,0,'Confeccionar, junto ao paciente uma tabela de horário de utilização dos medicamentos.'),(16,43,1,0,'A paciente precisa organizar os horários de tomada dos medicamentos.'),(16,44,1,0,'fazer tabela com horarios de todos medicamentos que ele usa'),(16,45,1,0,'Confeccionar, junto ao paciente uma tabela de horário de utilização dos medicamentos.'),(16,46,1,0,'Confeccionar, junto ao paciente uma tabela de horário de utilização dos medicamento, com vistas à adesão ao tratamento.'),(16,47,0,0,'Confeccionar, junto ao paciente uma tabela de horário de utilização dos medicamentos, com vistas a melhora da adesão.'),(16,49,1,0,'A paciente precisa organizar os horários de tomada dos medicamentos.'),(16,50,1,0,'fazer tabela com horarios de todos medicamentos que ele usa'),(16,51,1,0,'Confeccionar, junto ao paciente uma tabela de horário de utilização dos medicamentos.'),(16,52,1,0,'Confeccionar, junto ao paciente uma tabela de horário de utilização dos medicamento, com vistas à adesão ao tratamento.'),(16,53,0,0,'Confeccionar, junto ao paciente uma tabela de horário de utilização dos medicamentos, com vistas a melhora da adesão.'),(16,54,1,0,'A paciente precisa organizar os horários de tomada dos medicamentos.'),(16,56,1,0,'fazer tabela com horarios de todos medicamentos que ele usa');
/*!40000 ALTER TABLE `tb_consulta_variavel_intervencao` ENABLE KEYS */;
UNLOCK TABLES;

--
-- Table structure for table `tb_consulta_variavel_queixa`
--

DROP TABLE IF EXISTS `tb_consulta_variavel_queixa`;
/*!40101 SET @saved_cs_client     = @@character_set_client */;
/*!40101 SET character_set_client = utf8 */;
CREATE TABLE `tb_consulta_variavel_queixa` (
  `IdConsultaVariavel` bigint(20) NOT NULL,
  `IdQueixa` int(11) NOT NULL,
  `Tipo` char(1) NOT NULL,
  `Desde` varchar(40) DEFAULT NULL,
  `Prioridade` int(11) DEFAULT NULL,
  `IdObjetivoTerapeutico` int(11) NOT NULL,
  `IdSituacaoQueixa` int(11) NOT NULL,
  PRIMARY KEY (`IdConsultaVariavel`,`IdQueixa`),
  KEY `fk_tb_consulta_variavel_queixa_tb_queixa1_idx` (`IdQueixa`),
  KEY `fk_tb_consulta_variavel_queixa_tb_objetivo_terapeutico1_idx` (`IdObjetivoTerapeutico`),
  KEY `fk_tb_consulta_variavel_queixa_tb_situacao_queixa1_idx` (`IdSituacaoQueixa`),
  KEY `fk_tb_consulta_variavel_queixa_tb_consulta_variavel1_idx` (`IdConsultaVariavel`),
  CONSTRAINT `fk_tb_consulta_variavel_queixa_tb_consulta_variavel1` FOREIGN KEY (`IdConsultaVariavel`) REFERENCES `tb_consulta_variavel` (`IdConsultaVariavel`) ON DELETE NO ACTION ON UPDATE NO ACTION,
  CONSTRAINT `fk_tb_consulta_variavel_queixa_tb_objetivo_terapeutico1` FOREIGN KEY (`IdObjetivoTerapeutico`) REFERENCES `tb_objetivo_terapeutico` (`IdObjetivoTerapeutico`) ON DELETE NO ACTION ON UPDATE NO ACTION,
  CONSTRAINT `fk_tb_consulta_variavel_queixa_tb_queixa1` FOREIGN KEY (`IdQueixa`) REFERENCES `tb_queixa` (`IdQueixa`) ON DELETE NO ACTION ON UPDATE NO ACTION,
  CONSTRAINT `fk_tb_consulta_variavel_queixa_tb_situacao_queixa1` FOREIGN KEY (`IdSituacaoQueixa`) REFERENCES `tb_situacao_queixa` (`IdSituacaoQueixa`) ON DELETE NO ACTION ON UPDATE NO ACTION
) ENGINE=InnoDB DEFAULT CHARSET=latin1;
/*!40101 SET character_set_client = @saved_cs_client */;

--
-- Dumping data for table `tb_consulta_variavel_queixa`
--

LOCK TABLES `tb_consulta_variavel_queixa` WRITE;
/*!40000 ALTER TABLE `tb_consulta_variavel_queixa` DISABLE KEYS */;
INSERT INTO `tb_consulta_variavel_queixa` VALUES (2,19,'','',0,1,1),(3,17,'S','2005',1,6,1),(12,4,'D','12',2,3,1),(12,28,'S','2',1,3,1),(14,9,'','',0,1,1),(14,12,'','',0,1,1),(14,13,'','',0,1,1),(14,16,'','',0,1,1),(14,17,'','',0,1,1),(14,22,'','',0,1,1),(14,27,'','',0,1,1),(14,43,'','',0,1,1),(14,44,'','',0,1,1),(14,55,'','',0,1,1),(14,58,'','',0,1,1),(15,9,'D','Não Relatou',0,8,1),(15,12,'D','Não Relatou',0,8,1),(15,13,'D','Não Relatou',0,8,1),(15,16,'D','Não Relatou',3,6,1),(15,17,'D','10 anos',1,4,1),(15,22,'D','Não Relatou',0,8,1),(15,27,'D','10 anos',2,4,1),(15,43,'D','Não Relatou',0,8,1),(15,44,'D','Não Relatou',0,8,1),(15,55,'D','Não Relatou',0,8,1),(15,58,'D','Não Relatou',0,8,1),(15,75,'','',0,1,1),(16,16,'','',0,1,1),(16,27,'','',0,1,1),(17,9,'','',0,1,1),(17,17,'','',0,1,1),(17,27,'','',0,1,1),(18,5,'','',0,1,1),(18,26,'','',0,1,1),(18,27,'','',0,1,1),(19,16,'','',0,1,1),(19,27,'','',0,1,1),(20,27,'','',0,1,1),(20,60,'','',0,1,1),(21,5,'','',0,1,1),(21,17,'','',0,1,1),(21,27,'','',0,1,1),(21,74,'','',0,1,1),(22,16,'','',0,1,1),(22,17,'','',0,1,1),(23,17,'','',0,1,1),(23,27,'','',0,1,1),(24,17,'','',0,1,1),(24,27,'','',0,1,1),(25,16,'','',0,1,1),(25,17,'','',0,1,1),(25,27,'','',0,1,1),(26,17,'','',0,1,1),(26,27,'','',0,1,1),(27,16,'','',0,1,1),(27,17,'','',0,1,1),(27,40,'','',0,1,1),(27,76,'','',0,8,1),(28,17,'','',0,1,1),(28,27,'','',0,1,1),(29,4,'','',0,1,1),(29,5,'','',0,1,1),(29,6,'','',0,1,1),(29,10,'','',0,1,1),(29,12,'','',0,1,1),(29,17,'','',0,1,1),(29,20,'','',0,1,1),(29,23,'','',0,1,1),(29,27,'','',0,1,1),(29,40,'','',0,1,1),(29,44,'','',0,1,1),(29,53,'','',0,1,1),(29,56,'','',0,1,1),(29,66,'','',0,1,1),(30,4,'','',0,1,1),(30,8,'','',0,1,1),(30,10,'','',0,1,1),(30,15,'','',0,1,1),(30,17,'','',0,1,1),(30,27,'','',0,1,1),(30,53,'','',0,1,1),(30,57,'','',0,1,1),(30,60,'','',0,1,1),(30,66,'','',0,1,1),(31,5,'','',0,1,1),(31,8,'','',0,1,1),(31,16,'','',0,1,1),(31,27,'','',0,1,1),(31,47,'','',0,1,1),(31,55,'','',0,1,1),(31,57,'','',0,1,1),(32,3,'','',0,1,1),(32,5,'','',0,1,1),(32,8,'','',0,1,1),(32,9,'','',0,1,1),(32,16,'','',0,1,1),(32,17,'','',0,1,1),(32,23,'','',0,1,1),(32,26,'','',0,1,1),(32,27,'','',0,1,1),(32,40,'','',0,1,1),(32,44,'','',0,1,1),(32,53,'','',0,1,1),(32,57,'','',0,1,1),(34,16,'','',0,1,1),(34,17,'','',0,1,1),(34,22,'','',0,1,1),(34,27,'','',0,1,1),(35,9,'D','Não Relatou',0,8,1),(35,17,'D','13 anos',2,4,1),(35,27,'D','13 anos',1,4,1),(36,5,'D','Não Relatou',3,3,1),(36,26,'S','Não Relatou',2,3,1),(36,27,'D','30 anos',1,4,1),(37,16,'D','Não Relatou',2,6,1),(37,27,'D','há 2 anos',1,4,1),(38,8,'','',0,1,1),(38,9,'','',0,1,1),(38,12,'','',0,1,1),(38,13,'','',0,1,1),(38,16,'','',0,1,1),(38,17,'','',0,1,1),(38,22,'','',0,1,1),(38,27,'','',0,1,1),(38,43,'','',0,1,1),(38,44,'','',0,8,1),(38,55,'','',0,1,1),(38,58,'','',0,1,1),(38,75,'','',0,1,1),(39,9,'','',0,1,1),(39,17,'','',0,1,1),(39,27,'','',0,1,1),(40,5,'','',0,1,1),(40,26,'','',0,1,1),(40,27,'','',0,1,1),(41,5,'S','ontem',1,4,2),(42,5,'D','Não relatou quando iniciou as dores.',2,3,1),(42,26,'S','não relatou  o tempo que iniciou o incom',1,3,1),(42,27,'D','há 30 anos',3,4,1),(43,9,'S','não relatado',2,3,1),(43,17,'D','há 13 anos',3,4,1),(43,27,'D','há 13 anos',1,4,1),(44,8,'','',0,1,1),(44,9,'','',0,1,1),(44,12,'','',0,1,1),(44,13,'','',0,1,1),(44,16,'D','nao relatou',3,6,1),(44,17,'S','ha dez anos',2,4,1),(44,22,'','',0,1,1),(44,27,'D','ha dez anos',1,4,1),(44,43,'','',0,1,1),(44,44,'','',0,8,1),(44,55,'','',0,1,1),(44,58,'','',0,1,1),(44,75,'','',0,1,1),(45,9,'D','Não Relatou',0,8,1),(45,12,'D','Não Relatou',0,8,1),(45,13,'D','Não Relatou',0,8,1),(45,16,'D','Não Relatou',3,6,1),(45,17,'D','10 anos',1,4,1),(45,22,'D','Não Relatou',0,8,1),(45,27,'D','10 anos',2,4,1),(45,43,'D','Não Relatou',0,8,1),(45,44,'D','Não Relatou',0,8,1),(45,55,'D','Não Relatou',0,8,1),(45,58,'D','Não Relatou',0,8,1),(45,75,'','',0,1,1),(46,9,'D','Não Relatou',0,3,1),(46,17,'D','13 anos',2,4,4),(46,27,'D','13 anos',1,4,5),(47,5,'D','Não Relatou',3,3,1),(47,26,'S','Não Relatou',2,3,1),(47,27,'D','30 anos',1,4,1),(48,5,'D','Não relatou quando iniciou as dores.',2,3,1),(48,26,'S','não relatou  o tempo que iniciou o incom',1,3,1),(48,27,'D','há 30 anos',3,4,1),(49,9,'S','não relatado',2,3,1),(49,17,'D','há 13 anos',3,4,1),(49,27,'D','há 13 anos',1,4,1),(50,8,'','',0,1,1),(50,9,'','',0,1,1),(50,12,'','',0,1,1),(50,13,'','',0,1,1),(50,16,'D','nao relatou',3,6,1),(50,17,'S','ha dez anos',2,4,1),(50,22,'','',0,1,1),(50,27,'D','ha dez anos',1,4,1),(50,43,'','',0,1,1),(50,44,'','',0,8,1),(50,55,'','',0,1,1),(50,58,'','',0,1,1),(50,75,'','',0,1,1),(51,9,'D','Não Relatou',0,8,1),(51,12,'D','Não Relatou',0,8,1),(51,13,'D','Não Relatou',0,8,1),(51,16,'D','Não Relatou',3,6,2),(51,17,'D','10 anos',1,6,5),(51,22,'D','Não Relatou',0,8,1),(51,27,'D','10 anos',2,6,5),(51,43,'D','Não Relatou',0,8,1),(51,44,'D','Não Relatou',0,8,1),(51,55,'D','Não Relatou',0,8,1),(51,58,'D','Não Relatou',0,8,1),(51,75,'','',0,1,1),(52,9,'D','Não Relatou',0,8,1),(52,17,'D','13 anos',2,4,1),(52,27,'D','13 anos',1,4,1),(53,5,'D','Não Relatou',3,3,5),(53,26,'S','Não Relatou',2,3,3),(53,27,'D','30 anos',1,6,6),(54,9,'D','1 ano',2,3,1),(54,17,'D','há 13 anos',3,4,4),(54,27,'D','há 13 anos',1,4,5),(55,5,'D','Não relatou quando iniciou as dores.',2,3,6),(55,26,'S','não relatou  o tempo que iniciou o incom',1,3,3),(55,27,'D','há 30 anos',3,4,6),(56,8,'','',0,1,1),(56,9,'','',0,1,1),(56,12,'','',0,1,1),(56,13,'','',0,1,1),(56,16,'D','nao relatou',3,6,1),(56,17,'D','ha dez anos',2,4,6),(56,22,'','',0,1,1),(56,27,'D','ha dez anos',1,4,5),(56,43,'','',0,1,1),(56,44,'','',0,8,1),(56,55,'','',0,1,1),(56,58,'','',0,1,1),(56,75,'','',0,1,1);
/*!40000 ALTER TABLE `tb_consulta_variavel_queixa` ENABLE KEYS */;
UNLOCK TABLES;

--
-- Table structure for table `tb_curso`
--

DROP TABLE IF EXISTS `tb_curso`;
/*!40101 SET @saved_cs_client     = @@character_set_client */;
/*!40101 SET character_set_client = utf8 */;
CREATE TABLE `tb_curso` (
  `IdCurso` int(11) NOT NULL AUTO_INCREMENT,
  `NomeCurso` varchar(45) NOT NULL,
  PRIMARY KEY (`IdCurso`)
) ENGINE=InnoDB AUTO_INCREMENT=4 DEFAULT CHARSET=latin1;
/*!40101 SET character_set_client = @saved_cs_client */;

--
-- Dumping data for table `tb_curso`
--

LOCK TABLES `tb_curso` WRITE;
/*!40000 ALTER TABLE `tb_curso` DISABLE KEYS */;
INSERT INTO `tb_curso` VALUES (1,'Bacharelado em Farmácia'),(2,'Bacharelado em Enfermagem'),(3,'Bacharelado em Medicina');
/*!40000 ALTER TABLE `tb_curso` ENABLE KEYS */;
UNLOCK TABLES;

--
-- Table structure for table `tb_demograficos_antropometricos`
--

DROP TABLE IF EXISTS `tb_demograficos_antropometricos`;
/*!40101 SET @saved_cs_client     = @@character_set_client */;
/*!40101 SET character_set_client = utf8 */;
CREATE TABLE `tb_demograficos_antropometricos` (
  `IdConsultaFixo` bigint(20) NOT NULL,
  `Nome` varchar(50) NOT NULL,
  `Genero` char(1) NOT NULL,
  `DataNascimento` datetime DEFAULT NULL,
  `MedicosAtendem` varchar(255) DEFAULT NULL,
  `MoradiaFamilia` varchar(100) DEFAULT NULL,
  `OndeAdquireMedicamentos` varchar(100) DEFAULT NULL,
  `IdEscolaridade` int(11) NOT NULL,
  `IdOcupacao` int(11) NOT NULL,
  `IdPlanoSaude` int(11) NOT NULL,
  `IdEstadoCivil` int(11) NOT NULL,
  `IdReligiao` int(11) NOT NULL DEFAULT '1',
  `RG` varchar(20) DEFAULT NULL,
  `Procedencia` varchar(100) DEFAULT NULL,
  `Endereco` varchar(100) DEFAULT NULL,
  `IdNaturalidade` int(11) NOT NULL DEFAULT '1',
  PRIMARY KEY (`IdConsultaFixo`),
  KEY `fk_tb_demograficos_antropometricos_tb_escolaridade1_idx` (`IdEscolaridade`),
  KEY `fk_tb_demograficos_antropometricos_tb_ocupacao1_idx` (`IdOcupacao`),
  KEY `fk_tb_demograficos_antropometricos_tb_plano_saude1_idx` (`IdPlanoSaude`),
  KEY `fk_tb_demograficos_antropometricos_tb_estado_civil1_idx` (`IdEstadoCivil`),
  KEY `fk_tb_demograficos_antropometricos_tb_religiao1_idx` (`IdReligiao`),
  KEY `fk_tb_demograficos_antropometricos_tb_naturalidade1_idx` (`IdNaturalidade`),
  CONSTRAINT `fk_tb_demograficos_antropometricos_tb_consulta_fixo1` FOREIGN KEY (`IdConsultaFixo`) REFERENCES `tb_consulta_fixo` (`IdConsultaFixo`) ON DELETE NO ACTION ON UPDATE NO ACTION,
  CONSTRAINT `fk_tb_demograficos_antropometricos_tb_escolaridade1` FOREIGN KEY (`IdEscolaridade`) REFERENCES `tb_escolaridade` (`IdEscolaridade`) ON DELETE NO ACTION ON UPDATE NO ACTION,
  CONSTRAINT `fk_tb_demograficos_antropometricos_tb_estado_civil1` FOREIGN KEY (`IdEstadoCivil`) REFERENCES `tb_estado_civil` (`IdEstadoCivil`) ON DELETE NO ACTION ON UPDATE NO ACTION,
  CONSTRAINT `fk_tb_demograficos_antropometricos_tb_naturalidade1` FOREIGN KEY (`IdNaturalidade`) REFERENCES `tb_naturalidade` (`IdNaturalidade`) ON DELETE NO ACTION ON UPDATE NO ACTION,
  CONSTRAINT `fk_tb_demograficos_antropometricos_tb_ocupacao1` FOREIGN KEY (`IdOcupacao`) REFERENCES `tb_ocupacao` (`IdOcupacao`) ON DELETE NO ACTION ON UPDATE NO ACTION,
  CONSTRAINT `fk_tb_demograficos_antropometricos_tb_plano_saude1` FOREIGN KEY (`IdPlanoSaude`) REFERENCES `tb_plano_saude` (`IdPlanoSaude`) ON DELETE NO ACTION ON UPDATE NO ACTION,
  CONSTRAINT `fk_tb_demograficos_antropometricos_tb_religiao1` FOREIGN KEY (`IdReligiao`) REFERENCES `tb_religiao` (`IdReligiao`) ON DELETE NO ACTION ON UPDATE NO ACTION
) ENGINE=InnoDB DEFAULT CHARSET=latin1;
/*!40101 SET character_set_client = @saved_cs_client */;

--
-- Dumping data for table `tb_demograficos_antropometricos`
--

LOCK TABLES `tb_demograficos_antropometricos` WRITE;
/*!40000 ALTER TABLE `tb_demograficos_antropometricos` DISABLE KEYS */;
INSERT INTO `tb_demograficos_antropometricos` VALUES (6,'MARCOS BARBOSA DOSEA','M','0001-01-01 00:00:00','ddd','teste familia','teste',2,2,2,1,1,NULL,NULL,NULL,1),(7,'','M','0001-01-01 00:00:00',NULL,NULL,NULL,1,1,1,1,1,NULL,NULL,NULL,1),(8,'ACS','M','1946-07-08 00:00:00','Clinico Geral, Endocrinologista','Mora com 5 filhos','Farmácia Popular',6,15,1,1,1,NULL,NULL,NULL,1),(9,'','A','0001-01-01 00:00:00','','','',1,1,1,1,1,NULL,NULL,NULL,1),(11,'','A','0001-01-01 00:00:00','','','',1,1,1,1,1,NULL,NULL,NULL,1),(13,'','A','0001-01-01 00:00:00','','','',1,1,1,1,1,NULL,NULL,NULL,1),(14,'','A','0001-01-01 00:00:00','','','',1,1,1,1,1,NULL,NULL,NULL,1),(15,'','A','0001-01-01 00:00:00','','','',1,1,1,1,1,'','','',1),(16,'','A','0001-01-01 00:00:00','','','',1,1,1,1,1,'','','',1),(17,'','A','0001-01-01 00:00:00','','','',1,1,1,1,1,NULL,NULL,NULL,1),(19,'A.C.S.','M','1946-07-08 00:00:00','Dra S. (Clínica Geral) Dr. P. (Endocrinologista)','Mora com a família','Farmácia Popular do Brasil',6,19,1,3,4,NULL,NULL,NULL,1),(20,'A.C.S.','M','1946-07-08 00:00:00','Dra S. (Clínica Geral) Dr. P. (Endocrinologista)','Mora com a família','Farmácia Popular do Brasil',6,1,1,1,1,NULL,NULL,NULL,1),(21,'E.B.R.','F','1946-08-29 00:00:00','Endocrinologista (V.C.) e Cardiologista (J.B.R)','Mora com o marido','Farmácia Popular do Brasil, farmácias comunitárias e no CASE',8,11,6,3,1,NULL,NULL,NULL,1),(22,'E.V.','F','1943-05-12 00:00:00','Clinico Geral (L.C), Cardiologista (L.A.S.)','Mora com uma filha, duas netas e uma bisneta','Farmácia Popular do Brasil e Unidade Básica de Saúde',10,19,4,4,4,NULL,'Aracaju',NULL,1),(23,'F.B.O.','M','1945-01-03 00:00:00','Dra S. (Clínica Geral) Dr. P. (Endocrinologista)','Mora com a esposa e um filho','Não relatou',6,19,6,3,1,NULL,'Aracaju',NULL,1),(24,'G.G.','F','1941-09-23 00:00:00','Clinico Geral, Endocrinologista','Duas moradias: com o esposo e com o neto','Farmácia Popular do Brasil',6,19,5,3,4,NULL,NULL,NULL,1),(25,'I.G.R.','F','1935-06-03 00:00:00','Clinico Geral (S.), Endocrinologista (P.)','Mora com a filha','Farmácia Popular do Brasil e farmácias comunitárias',6,19,2,3,2,NULL,'Aracaju',NULL,1),(26,'J.C.A.','M','1946-02-14 00:00:00','Dra S. (Clínica Geral) Dr. P. (Endocrinologista)','Mora sozinho','Farmácia Popular do Brasil e farmácias comunitárias',11,19,4,1,1,NULL,'Aracaju',NULL,1),(27,'J.J.','M','1935-03-19 00:00:00','Dra S. (Clínica Geral) Dr. P. (Endocrinologista)','Mora com a filha','Farmácia Popular do Brasil e farmácias comunitárias',8,19,5,5,1,NULL,'Aracaju',NULL,1),(28,'J.R.','M','1949-09-08 00:00:00','Dra S. (Clínica Geral) Dr. P. (Endocrinologista)','Mora com 3 filhos','Farmácia Popular do Brasil, Unidade Básica de Saúde e Farmácias de Manipulação',11,19,1,5,1,NULL,'Aracaju',NULL,1),(29,'J.V.S.C.','F','1943-07-04 00:00:00','Dra S. (Clínica Geral) Dr. P. (Endocrinologista)','Mora com o esposo e dois filhos','Farmácia Popular do Brasil e Unidade Básica de Saúde',6,19,4,3,2,NULL,'Aracaju',NULL,1),(30,'J.F.C','M','1946-05-17 00:00:00','Dra S. (Clínica Geral) Dr. P. (Endocrinologista)','Mora com um filho','Farmácias Comunitárias e Unidade Básica de Saúde',6,19,1,3,4,NULL,'Aracaju',NULL,1),(31,'J.F.S.','M','1942-08-16 00:00:00','Dra S. (Clínica Geral) Dr. P. (Endocrinologista)','Mora com a esposa, a sogra e o filho','Farmácia Popular do Brasil',6,19,1,3,2,NULL,'Aracaju',NULL,1),(32,'M.A.O','M','1947-07-10 00:00:00','Dra S. (Clínica Geral) Dr. P. (Cardiologista)','Mora com a esposa','Farmácia Popular do Brasil e farmácias comunitárias',11,19,10,3,1,NULL,'Aracaju',NULL,1),(33,'M.A,S.A.','F','1954-06-20 00:00:00','Dra S. (Clínica Geral) Dr. P. (Endocrinologista)','Mora com um irmão','Farmácia Popular do Brasil e farmácias comunitárias',11,19,1,2,2,NULL,NULL,NULL,1),(34,'M.C.B.S.','F','1948-01-11 00:00:00','Clínicos Geral (J.F.A e F.M.N.)','Mora com o esposo','Farmácia Popular do Brasil, farmácias comunitárias e Unidade Básica de Saúde',10,19,1,3,2,NULL,'Aracaju',NULL,1),(35,'M.D.O.','F','1933-09-22 00:00:00','Clínico Geral (G.R.F.)','Mora com o ex marido','Farmácia Popular do Brasil e Unidade Básica de Saúde',8,19,1,4,1,'-',NULL,NULL,1),(36,'M.I.S.O.','F','1943-09-15 00:00:00','Endocrinologista (M.), Cardiologista (D.), Ortopedista (S), Ginecologista (S)','Mora com o esposo e um filho','Farmácia Popular do Brasil e farmácias comunitárias',7,19,2,3,2,NULL,'Aracaju',NULL,1),(37,'M.J.S.','F','1948-04-16 00:00:00','Clínico Geral (H.R.F.); Cardiologista (S.L.P.)','Mora com o esposo, a filha e a neta','Farmácia Popular do Brasil e farmácias comunitárias',7,19,1,4,1,NULL,'Aracaju',NULL,1),(38,'','A','0001-01-01 00:00:00','','','',1,1,1,1,1,'','','',1),(39,'A.C.S','M','1946-07-08 00:00:00','DRA. S. clinico geral E DR. P. endocrinologista','MORA COM A ESPOSA E TEM CINCO FILHOS QUE NAO MORAM COM ELE','FARMACIA POPULAR DO BRASIL',6,19,1,3,1,NULL,'ARACAJU',NULL,1),(40,'E.V','F','1943-05-12 00:00:00','cardiologista (L.A.S) e clínico geral (L.C.)','filha duas netas e uma bisneta','Farmácia popular e SUS (Sistema Único de Saúde)',10,19,1,4,4,NULL,'Aracaju',NULL,1),(41,'F.B.O','M','1945-01-03 00:00:00','Dra. S. (Clínica Geral) e o Dr. P. (Endocrinologista)','Mora com sua esposa e um filho. Porem tem três filhos','Não informou. Apenas declarou que plano tem de saúde da Petrobrás',6,19,6,3,1,NULL,'Aracaju',NULL,1),(42,'','A','0001-01-01 00:00:00','','','',1,1,1,1,1,'','','',1);
/*!40000 ALTER TABLE `tb_demograficos_antropometricos` ENABLE KEYS */;
UNLOCK TABLES;

--
-- Table structure for table `tb_diario_pessoal`
--

DROP TABLE IF EXISTS `tb_diario_pessoal`;
/*!40101 SET @saved_cs_client     = @@character_set_client */;
/*!40101 SET character_set_client = utf8 */;
CREATE TABLE `tb_diario_pessoal` (
  `IdConsultaFixo` bigint(20) NOT NULL,
  `IdMedicamento` int(11) NOT NULL,
  `Periodo` char(1) NOT NULL,
  `Horario` varchar(20) NOT NULL,
  `Quantidade` varchar(20) DEFAULT NULL,
  `IdBebida` int(11) NOT NULL,
  `HorarioComplemento` varchar(60) DEFAULT NULL,
  `Dose` varchar(20) DEFAULT NULL,
  PRIMARY KEY (`IdConsultaFixo`,`IdMedicamento`,`Periodo`,`Horario`),
  KEY `fk_tb_diario_pessoal_tb_medicamentos1_idx` (`IdMedicamento`),
  KEY `fk_tb_diario_pessoal_tb_consulta_fixo1_idx` (`IdConsultaFixo`),
  KEY `fk_tb_diario_pessoal_tb_bebida1_idx` (`IdBebida`),
  CONSTRAINT `fk_tb_diario_pessoal_tb_bebida1` FOREIGN KEY (`IdBebida`) REFERENCES `tb_bebida` (`IdBebida`) ON DELETE NO ACTION ON UPDATE NO ACTION,
  CONSTRAINT `fk_tb_diario_pessoal_tb_consulta_fixo1` FOREIGN KEY (`IdConsultaFixo`) REFERENCES `tb_consulta_fixo` (`IdConsultaFixo`) ON DELETE NO ACTION ON UPDATE NO ACTION,
  CONSTRAINT `fk_tb_diario_pessoal_tb_medicamentos1` FOREIGN KEY (`IdMedicamento`) REFERENCES `tb_medicamentos` (`IdMedicamento`) ON DELETE NO ACTION ON UPDATE NO ACTION
) ENGINE=InnoDB DEFAULT CHARSET=latin1;
/*!40101 SET character_set_client = @saved_cs_client */;

--
-- Dumping data for table `tb_diario_pessoal`
--

LOCK TABLES `tb_diario_pessoal` WRITE;
/*!40000 ALTER TABLE `tb_diario_pessoal` DISABLE KEYS */;
INSERT INTO `tb_diario_pessoal` VALUES (6,1,'1','7h','01 comprimido',1,NULL,NULL),(6,3,'M','12:00','2',1,NULL,NULL),(6,3,'T','9:00','1',1,NULL,NULL),(7,1,'M','nã disse',NULL,1,NULL,NULL),(8,88,'M','9 horas','1 comprimido',1,NULL,NULL),(16,4,'N','19 horas','1 cpr',1,NULL,NULL),(16,7,'M','7 horas','2 cpr',1,NULL,NULL),(19,4,'T','13 horas','1 comprimido',1,NULL,NULL),(19,19,'M','5 horas','1 comprimido',1,NULL,NULL),(19,19,'N','22 horas','1 comprimido',1,NULL,NULL),(19,19,'T','14 horas','1 comprimido',1,NULL,NULL),(19,35,'M','9 horas','1 comprimido',1,NULL,NULL),(19,36,'M','7 horas','1 comprimido',1,NULL,NULL),(19,36,'T','12 horas','1 comprimido',1,NULL,NULL),(19,48,'N','19 horas','1 comprimido',1,NULL,NULL),(19,48,'T','12 horas','1 comprimido',1,NULL,NULL),(19,49,'M','7 horas','1 comprimido',1,NULL,NULL),(19,49,'N','19 horas','1 comprimido',1,NULL,NULL),(22,33,'M','9 horas','1 comprimido',1,NULL,NULL),(22,36,'M','antes do café','1 comprimido',1,NULL,NULL),(22,36,'N','antes do jantar','1 comprimido',1,NULL,NULL),(22,48,'M','antes do café','1 comprimido',1,NULL,NULL),(22,48,'N','antes do jantar','1 comprimido',1,NULL,NULL),(22,48,'T','antes do almoço','1 comprimido',1,NULL,NULL),(22,53,'M','8 horas','1 comprimido',1,NULL,NULL),(22,53,'N','20 horas','1 comprimido',1,NULL,NULL),(23,48,'M','7 h antes do café','1 comprimido',1,NULL,NULL),(23,48,'N','7 h antes do jantar','1 comprimido',1,NULL,NULL),(23,91,'T','qdo sentir dor','1 comprimido',1,NULL,NULL),(39,4,'T','13:00','1 comprimido',1,NULL,NULL),(39,19,'M','6:00','2 comprimidos',1,NULL,NULL),(39,19,'N','18:00','2 comprimidos',1,NULL,NULL),(39,19,'T','11:00/antes almoço','2 comprimidos',1,NULL,NULL),(39,35,'M','9:00','1 comprimido',1,NULL,NULL),(39,36,'M','7:00/ no café manhã','1 comprimido',1,NULL,NULL),(39,36,'T','12:00/antes almoço','1 comprimido',1,NULL,NULL),(39,48,'N','19:30','1 comprimido',1,NULL,NULL),(39,48,'T','12:30','1 comprimido',1,NULL,NULL),(39,49,'M','9:00','1 comprimido',1,NULL,NULL),(39,49,'T','14:00','1 comprimido',1,NULL,NULL),(40,33,'M','09:00h','1 comprimido; 10mg',1,NULL,NULL),(40,36,'M','antes do café','1 comprimido 5mg',1,NULL,NULL),(40,36,'N','antes do jantar','1 comprimido 5mg',1,NULL,NULL),(40,48,'M','antes do café','1 comprimido 850mg',1,NULL,NULL),(40,48,'N','antes do jantar','1 comprimido 850mg',1,NULL,NULL),(40,48,'T','antes do almoço','1 comprimido 850mg',1,NULL,NULL),(40,53,'M','08:00','1 comprimido; 40mg',1,NULL,NULL),(40,53,'N','20:00h','1 comprimido; 40mg',1,NULL,NULL),(41,48,'M','Antes do almoço','1 comprimido',1,NULL,NULL),(41,48,'N','Antes o jantar','1 comprimido',1,NULL,NULL),(41,91,'M','quando sentir dor','1 comprimido',1,NULL,NULL),(42,6,'M','8 horas','1 cpr',1,NULL,NULL);
/*!40000 ALTER TABLE `tb_diario_pessoal` ENABLE KEYS */;
UNLOCK TABLES;

--
-- Table structure for table `tb_disciplina`
--

DROP TABLE IF EXISTS `tb_disciplina`;
/*!40101 SET @saved_cs_client     = @@character_set_client */;
/*!40101 SET character_set_client = utf8 */;
CREATE TABLE `tb_disciplina` (
  `IdDisciplina` int(11) NOT NULL AUTO_INCREMENT,
  `NomeDisciplina` varchar(45) NOT NULL,
  PRIMARY KEY (`IdDisciplina`)
) ENGINE=InnoDB AUTO_INCREMENT=5 DEFAULT CHARSET=latin1;
/*!40101 SET character_set_client = @saved_cs_client */;

--
-- Dumping data for table `tb_disciplina`
--

LOCK TABLES `tb_disciplina` WRITE;
/*!40000 ALTER TABLE `tb_disciplina` DISABLE KEYS */;
INSERT INTO `tb_disciplina` VALUES (1,'Assistência Farmacêutica'),(2,'Estágio Supervisionado'),(3,'Atenção Farmacêutica'),(4,'Administrador do Sistema');
/*!40000 ALTER TABLE `tb_disciplina` ENABLE KEYS */;
UNLOCK TABLES;

--
-- Table structure for table `tb_escolaridade`
--

DROP TABLE IF EXISTS `tb_escolaridade`;
/*!40101 SET @saved_cs_client     = @@character_set_client */;
/*!40101 SET character_set_client = utf8 */;
CREATE TABLE `tb_escolaridade` (
  `IdEscolaridade` int(11) NOT NULL AUTO_INCREMENT,
  `Nivel` varchar(100) NOT NULL,
  PRIMARY KEY (`IdEscolaridade`)
) ENGINE=InnoDB AUTO_INCREMENT=12 DEFAULT CHARSET=latin1;
/*!40101 SET character_set_client = @saved_cs_client */;

--
-- Dumping data for table `tb_escolaridade`
--

LOCK TABLES `tb_escolaridade` WRITE;
/*!40000 ALTER TABLE `tb_escolaridade` DISABLE KEYS */;
INSERT INTO `tb_escolaridade` VALUES (1,'nao definido'),(2,'Nível Médio'),(4,'Não relatou '),(5,'Educação infantil'),(6,'Ensino fundamental completo '),(7,'Ensino fundamental incompleto '),(8,'Ensino médio completo '),(9,'Ensino médio incompleto '),(10,'Nível superior completo '),(11,'Nível superior incompleto ');
/*!40000 ALTER TABLE `tb_escolaridade` ENABLE KEYS */;
UNLOCK TABLES;

--
-- Table structure for table `tb_especialidade`
--

DROP TABLE IF EXISTS `tb_especialidade`;
/*!40101 SET @saved_cs_client     = @@character_set_client */;
/*!40101 SET character_set_client = utf8 */;
CREATE TABLE `tb_especialidade` (
  `IdEspecialidade` int(11) NOT NULL AUTO_INCREMENT,
  `Descricao` varchar(100) NOT NULL,
  PRIMARY KEY (`IdEspecialidade`)
) ENGINE=InnoDB AUTO_INCREMENT=8 DEFAULT CHARSET=latin1;
/*!40101 SET character_set_client = @saved_cs_client */;

--
-- Dumping data for table `tb_especialidade`
--

LOCK TABLES `tb_especialidade` WRITE;
/*!40000 ALTER TABLE `tb_especialidade` DISABLE KEYS */;
INSERT INTO `tb_especialidade` VALUES (1,'Nutricionista'),(2,'Cardiologia'),(3,'Endocrinologista'),(4,'Clínico Geral'),(5,'Oftalmologista'),(6,'Geriatra'),(7,'Educador Físico');
/*!40000 ALTER TABLE `tb_especialidade` ENABLE KEYS */;
UNLOCK TABLES;

--
-- Table structure for table `tb_estado_civil`
--

DROP TABLE IF EXISTS `tb_estado_civil`;
/*!40101 SET @saved_cs_client     = @@character_set_client */;
/*!40101 SET character_set_client = utf8 */;
CREATE TABLE `tb_estado_civil` (
  `IdEstadoCivil` int(11) NOT NULL AUTO_INCREMENT,
  `Descricao` varchar(45) NOT NULL,
  PRIMARY KEY (`IdEstadoCivil`)
) ENGINE=InnoDB AUTO_INCREMENT=6 DEFAULT CHARSET=latin1;
/*!40101 SET character_set_client = @saved_cs_client */;

--
-- Dumping data for table `tb_estado_civil`
--

LOCK TABLES `tb_estado_civil` WRITE;
/*!40000 ALTER TABLE `tb_estado_civil` DISABLE KEYS */;
INSERT INTO `tb_estado_civil` VALUES (1,'Não Definido'),(2,'Solteiro'),(3,'Casado'),(4,'Divorciado'),(5,'Viúvo(a)');
/*!40000 ALTER TABLE `tb_estado_civil` ENABLE KEYS */;
UNLOCK TABLES;

--
-- Table structure for table `tb_estado_consulta`
--

DROP TABLE IF EXISTS `tb_estado_consulta`;
/*!40101 SET @saved_cs_client     = @@character_set_client */;
/*!40101 SET character_set_client = utf8 */;
CREATE TABLE `tb_estado_consulta` (
  `IdEstadoConsulta` int(11) NOT NULL,
  `DescricaoEstado` varchar(45) NOT NULL,
  PRIMARY KEY (`IdEstadoConsulta`)
) ENGINE=InnoDB DEFAULT CHARSET=latin1;
/*!40101 SET character_set_client = @saved_cs_client */;

--
-- Dumping data for table `tb_estado_consulta`
--

LOCK TABLES `tb_estado_consulta` WRITE;
/*!40000 ALTER TABLE `tb_estado_consulta` DISABLE KEYS */;
INSERT INTO `tb_estado_consulta` VALUES (1,'Aguardando Preenchimento'),(2,'Em Preenchimento'),(3,'Enviado para Correção'),(4,'Gabarito Disponível'),(5,'Em Correção pelo Tutor'),(6,'Aguardando Correção do Aluno'),(7,'Finalizado');
/*!40000 ALTER TABLE `tb_estado_consulta` ENABLE KEYS */;
UNLOCK TABLES;

--
-- Table structure for table `tb_estilo_vida`
--

DROP TABLE IF EXISTS `tb_estilo_vida`;
/*!40101 SET @saved_cs_client     = @@character_set_client */;
/*!40101 SET character_set_client = utf8 */;
CREATE TABLE `tb_estilo_vida` (
  `IdConsultaVariavel` bigint(20) NOT NULL,
  `TabacoConsumo` tinyint(1) NOT NULL,
  `TabacoUso` smallint(6) NOT NULL,
  `TabacoParou` varchar(50) DEFAULT NULL,
  `CafeConsumo` tinyint(1) NOT NULL,
  `CafeUso` smallint(6) NOT NULL,
  `CafeParou` varchar(50) DEFAULT NULL,
  `AlcoolConsumo` tinyint(1) NOT NULL,
  `AlcoolUso` smallint(6) NOT NULL,
  `AlcoolTipoBebida` varchar(50) DEFAULT NULL,
  `AlcoolParou` varchar(50) DEFAULT NULL,
  PRIMARY KEY (`IdConsultaVariavel`),
  CONSTRAINT `fk_tb_estilo_vida_tb_consulta_variavel1` FOREIGN KEY (`IdConsultaVariavel`) REFERENCES `tb_consulta_variavel` (`IdConsultaVariavel`) ON DELETE NO ACTION ON UPDATE NO ACTION
) ENGINE=InnoDB DEFAULT CHARSET=latin1;
/*!40101 SET character_set_client = @saved_cs_client */;

--
-- Dumping data for table `tb_estilo_vida`
--

LOCK TABLES `tb_estilo_vida` WRITE;
/*!40000 ALTER TABLE `tb_estilo_vida` DISABLE KEYS */;
INSERT INTO `tb_estilo_vida` VALUES (2,0,0,NULL,0,0,NULL,0,0,NULL,NULL),(3,0,0,NULL,0,0,NULL,0,0,NULL,NULL),(4,0,0,'',0,0,'',0,0,'',''),(5,0,0,'',0,0,'',0,0,'',''),(6,0,0,'',0,0,'',0,0,'',''),(8,0,0,'',0,0,'',0,0,'',''),(10,0,0,'',0,0,'',0,0,'',''),(11,0,0,'',0,0,'',0,0,'',''),(12,0,0,'',0,0,'',0,0,'',''),(14,0,4,'12 anos',1,2,NULL,0,4,'-','12 anos'),(15,0,1,'12 naos',1,2,NULL,0,1,'cerveja','12 anos'),(16,0,4,'20 anos',1,1,NULL,0,4,'0','5 anos'),(17,0,4,'Não relatou',1,2,NULL,0,4,'-','15 anos'),(18,1,2,NULL,1,2,NULL,0,4,'-','2 anos'),(19,0,4,'-',1,2,NULL,0,4,'-','-'),(20,0,4,'Não relatou',1,1,NULL,0,4,'-','Não relatou'),(21,0,4,'30 anos',1,2,NULL,1,1,'Cerveja',NULL),(22,0,4,'Não relatou',1,1,NULL,0,4,'-','Não relatou'),(23,0,4,'-',1,2,NULL,1,1,'Cerveja',NULL),(24,0,4,'-',1,2,NULL,0,4,'-','-'),(25,0,4,'1 ano',1,2,NULL,0,4,'-',NULL),(26,0,4,NULL,1,2,NULL,0,4,'-','10 anos'),(27,0,4,'-',1,2,NULL,1,1,NULL,NULL),(28,0,4,'-',1,2,'-',0,4,'-','-'),(29,0,4,'Não relatou',1,2,NULL,1,1,'cerveja',NULL),(30,0,4,'20 anos',1,2,NULL,1,1,'em festas',NULL),(31,0,4,'-',1,1,NULL,1,1,'cerveja',NULL),(32,0,4,'Mais de 20 anos',1,2,NULL,0,4,'-','-'),(34,0,1,'12 naos',1,2,NULL,0,1,'cerveja','12 anos'),(35,0,4,'Não relatou',1,2,NULL,0,4,'-','15 anos'),(36,1,2,NULL,1,2,NULL,0,4,'-','2 anos'),(37,0,4,'-',1,2,NULL,0,4,'-','-'),(38,0,4,'12 anos',1,2,NULL,0,4,NULL,'12 anos'),(39,0,4,NULL,1,2,NULL,0,4,NULL,'15 anos'),(40,1,2,NULL,1,2,NULL,0,4,NULL,'2 anos'),(41,0,0,'',0,0,'',0,0,'',''),(42,1,2,NULL,1,2,NULL,0,4,NULL,'2 anos'),(43,0,4,NULL,1,2,NULL,0,4,NULL,'15 anos'),(44,0,4,'12 anos',1,2,NULL,0,4,NULL,'12 anos'),(45,0,1,'12 naos',1,2,NULL,0,1,'cerveja','12 anos'),(46,0,4,'Não relatou',1,2,NULL,0,4,'-','15 anos'),(47,1,2,NULL,1,2,NULL,0,4,'-','2 anos'),(48,1,2,NULL,1,2,NULL,0,4,NULL,'2 anos'),(49,0,4,NULL,1,2,NULL,0,4,NULL,'15 anos'),(50,0,4,'12 anos',1,2,NULL,0,4,NULL,'12 anos'),(51,0,1,'12 naos',1,2,NULL,0,1,'cerveja','12 anos'),(52,0,4,'Não relatou',1,2,NULL,0,4,'-','15 anos'),(53,1,2,NULL,1,2,NULL,0,4,'-','2 anos'),(54,0,4,NULL,1,2,NULL,0,4,NULL,'15 anos'),(55,1,2,NULL,1,2,NULL,0,4,NULL,'2 anos'),(56,0,4,'12 anos',1,2,NULL,0,4,NULL,'12 anos');
/*!40000 ALTER TABLE `tb_estilo_vida` ENABLE KEYS */;
UNLOCK TABLES;

--
-- Table structure for table `tb_exames_fisicos`
--

DROP TABLE IF EXISTS `tb_exames_fisicos`;
/*!40101 SET @saved_cs_client     = @@character_set_client */;
/*!40101 SET character_set_client = utf8 */;
CREATE TABLE `tb_exames_fisicos` (
  `IdConsultaVariavel` bigint(20) NOT NULL,
  `Peso` float DEFAULT NULL,
  `Altura` float DEFAULT NULL,
  `PressaoDiastolica` float DEFAULT NULL,
  `PressaoSistolica` float DEFAULT NULL,
  `Glicemia` float DEFAULT NULL,
  `IndiceMassaCorporea` float DEFAULT NULL,
  `CircunferenciaAbdominal` float DEFAULT NULL,
  PRIMARY KEY (`IdConsultaVariavel`),
  CONSTRAINT `fk_tb_exames_fisicos_tb_consulta_variavel1` FOREIGN KEY (`IdConsultaVariavel`) REFERENCES `tb_consulta_variavel` (`IdConsultaVariavel`) ON DELETE NO ACTION ON UPDATE NO ACTION
) ENGINE=InnoDB DEFAULT CHARSET=latin1;
/*!40101 SET character_set_client = @saved_cs_client */;

--
-- Dumping data for table `tb_exames_fisicos`
--

LOCK TABLES `tb_exames_fisicos` WRITE;
/*!40000 ALTER TABLE `tb_exames_fisicos` DISABLE KEYS */;
INSERT INTO `tb_exames_fisicos` VALUES (2,0,0,0,0,0,0,12.1),(3,2.3,2.7,22,3.5,12.7,4.5,0),(4,0,0,0,0,0,0,0),(5,0,0,0,0,0,0,0),(6,0,0,0,0,0,0,0),(8,0,0,0,0,0,0,0),(10,0,0,0,0,0,0,0),(11,0,0,0,0,0,0,0),(12,0,0,0,0,0,0,0),(14,74.75,1.65,180,110,291,27.45,0),(15,0,0,0,0,0,0,0),(16,99.4,1.63,120,70,252,37.41,0),(17,58.4,1.49,135,75,310,26.3,0),(18,62,1.64,130,80,220,23.05,0),(19,75.55,1.6,130,70,276,29.51,0),(20,66.4,1.59,120,80,355,26.26,0),(21,56,1.56,140,85,252,23.01,0),(22,53.3,1.51,140,80,128,23.37,0),(23,58.2,1.56,126,72,128,23.91,0),(24,61.3,1.5,143,79,353,27.24,0),(25,71,1.72,144,88,231,23.99,0),(26,65,1.6,154,90,255,25.39,0),(27,61.5,1.56,136,80,126,25.27,0),(28,59,1.45,144,81,256,28.06,0),(29,90,1.54,147,81,355,37.94,0),(30,56.65,1.48,156,74,450,25.86,0),(31,75.1,1.68,140,80,284,26.6,0),(32,60.85,1.49,123,90,243,27.4,0),(34,99.4,1.63,120,70,252,37.41,0),(35,58.4,1.49,135,75,310,26.3,0),(36,62,1.64,130,80,220,23.05,0),(37,75.55,1.6,130,70,276,29.51,0),(38,74.75,1.65,180,110,291,27.45,97),(39,58.4,1.49,135,75,310,26.3,90),(40,62,1.64,130,80,220,23,81),(41,0,0,0,0,0,0,0),(42,62,1.64,130,80,220,23,81),(43,58.4,1.49,135,75,310,26.3,90),(44,74.75,1.65,180,110,291,27.45,97),(45,0,0,0,0,0,0,0),(46,58.4,1.49,135,75,310,26.3,0),(47,62,1.64,130,80,220,23.05,0),(48,62,1.64,130,80,220,23,81),(49,58.4,1.49,135,75,310,26.3,90),(50,74.75,1.65,180,110,291,27.45,97),(51,0,0,0,0,0,0,0),(52,58.4,1.49,135,75,310,26.3,0),(53,62,1.64,130,80,220,23.05,0),(54,58.4,1.49,135,75,310,26.3,90),(55,62,1.64,130,80,220,23,81),(56,74.75,1.65,180,110,291,27.45,97);
/*!40000 ALTER TABLE `tb_exames_fisicos` ENABLE KEYS */;
UNLOCK TABLES;

--
-- Table structure for table `tb_experiencia_medicamentos`
--

DROP TABLE IF EXISTS `tb_experiencia_medicamentos`;
/*!40101 SET @saved_cs_client     = @@character_set_client */;
/*!40101 SET character_set_client = utf8 */;
CREATE TABLE `tb_experiencia_medicamentos` (
  `IdConsultaFixo` bigint(20) NOT NULL,
  `IdRespostaEsperaTratamento` int(11) NOT NULL,
  `IdRespostaPreocupacoes` int(11) NOT NULL,
  `IdRespostaGrauEntendimento` int(11) NOT NULL,
  `IdRespostaCultural` int(11) NOT NULL,
  `IdRespostaComportamento` int(11) NOT NULL,
  `IdRespostaIncorporadoPlano` int(11) NOT NULL,
  `AtencaoEsperaTratamento` tinyint(1) NOT NULL,
  `AtencaoPreocupacoes` tinyint(1) NOT NULL,
  `AtencaoGrauEntendimento` tinyint(1) NOT NULL,
  `AtencaoCultural` tinyint(1) NOT NULL,
  `AtencaoComportamento` tinyint(1) NOT NULL,
  PRIMARY KEY (`IdConsultaFixo`),
  KEY `fk_tb_experiencia_medicamentos_tb_resposta1_idx` (`IdRespostaEsperaTratamento`),
  KEY `fk_tb_experiencia_medicamentos_tb_resposta2_idx` (`IdRespostaPreocupacoes`),
  KEY `fk_tb_experiencia_medicamentos_tb_resposta3_idx` (`IdRespostaGrauEntendimento`),
  KEY `fk_tb_experiencia_medicamentos_tb_resposta4_idx` (`IdRespostaCultural`),
  KEY `fk_tb_experiencia_medicamentos_tb_resposta5_idx` (`IdRespostaComportamento`),
  KEY `fk_tb_experiencia_medicamentos_tb_resposta6_idx` (`IdRespostaIncorporadoPlano`),
  CONSTRAINT `fk_tb_experiencia_medicamentos_tb_consulta_fixo1` FOREIGN KEY (`IdConsultaFixo`) REFERENCES `tb_consulta_fixo` (`IdConsultaFixo`) ON DELETE NO ACTION ON UPDATE NO ACTION,
  CONSTRAINT `fk_tb_experiencia_medicamentos_tb_resposta1` FOREIGN KEY (`IdRespostaEsperaTratamento`) REFERENCES `tb_resposta` (`IdResposta`) ON DELETE NO ACTION ON UPDATE NO ACTION,
  CONSTRAINT `fk_tb_experiencia_medicamentos_tb_resposta2` FOREIGN KEY (`IdRespostaPreocupacoes`) REFERENCES `tb_resposta` (`IdResposta`) ON DELETE NO ACTION ON UPDATE NO ACTION,
  CONSTRAINT `fk_tb_experiencia_medicamentos_tb_resposta3` FOREIGN KEY (`IdRespostaGrauEntendimento`) REFERENCES `tb_resposta` (`IdResposta`) ON DELETE NO ACTION ON UPDATE NO ACTION,
  CONSTRAINT `fk_tb_experiencia_medicamentos_tb_resposta4` FOREIGN KEY (`IdRespostaCultural`) REFERENCES `tb_resposta` (`IdResposta`) ON DELETE NO ACTION ON UPDATE NO ACTION,
  CONSTRAINT `fk_tb_experiencia_medicamentos_tb_resposta5` FOREIGN KEY (`IdRespostaComportamento`) REFERENCES `tb_resposta` (`IdResposta`) ON DELETE NO ACTION ON UPDATE NO ACTION,
  CONSTRAINT `fk_tb_experiencia_medicamentos_tb_resposta6` FOREIGN KEY (`IdRespostaIncorporadoPlano`) REFERENCES `tb_resposta` (`IdResposta`) ON DELETE NO ACTION ON UPDATE NO ACTION
) ENGINE=InnoDB DEFAULT CHARSET=latin1;
/*!40101 SET character_set_client = @saved_cs_client */;

--
-- Dumping data for table `tb_experiencia_medicamentos`
--

LOCK TABLES `tb_experiencia_medicamentos` WRITE;
/*!40000 ALTER TABLE `tb_experiencia_medicamentos` DISABLE KEYS */;
INSERT INTO `tb_experiencia_medicamentos` VALUES (6,3,3,3,3,3,3,0,0,0,0,0),(7,3,3,3,3,3,3,0,0,0,0,0),(8,10,16,4,31,41,7,0,0,0,0,0),(9,3,3,3,3,3,3,0,0,0,0,0),(11,3,3,3,3,3,3,0,0,0,0,0),(13,3,3,3,3,3,3,0,0,0,0,0),(14,3,3,3,3,3,3,0,0,0,0,0),(15,3,3,3,3,3,3,0,0,0,0,0),(16,3,3,3,3,3,3,0,0,0,0,0),(17,8,16,4,30,6,7,0,0,0,0,0),(19,10,16,4,31,41,7,1,0,0,0,1),(20,10,16,4,31,41,7,1,0,0,0,1),(21,8,3,4,30,41,7,0,1,0,0,1),(22,11,18,26,30,41,7,1,1,1,0,1),(23,12,15,28,33,6,44,0,0,0,0,0),(24,10,16,28,5,6,44,0,0,0,0,0),(25,10,3,27,39,6,43,0,1,0,0,0),(26,8,19,4,36,42,44,0,1,0,0,0),(27,10,16,4,30,42,43,1,0,0,0,1),(28,47,3,4,30,41,48,0,0,0,0,0),(29,10,16,27,39,41,7,0,0,0,0,0),(30,8,15,49,37,41,7,0,0,0,0,0),(31,12,19,4,32,6,44,1,1,0,0,0),(32,10,3,4,30,6,44,1,1,0,0,0),(33,11,20,27,38,42,44,1,1,0,0,0),(34,13,21,4,39,42,44,1,1,0,0,0),(35,10,3,27,30,6,44,1,1,0,0,0),(36,10,19,26,32,6,44,1,1,1,0,0),(37,10,16,28,30,41,44,1,0,1,0,1),(38,3,3,3,3,3,3,0,0,0,0,0),(39,11,3,49,31,41,7,1,1,1,1,1),(40,11,20,26,30,41,7,1,1,1,0,1),(41,12,15,28,33,6,44,1,1,1,0,1),(42,12,20,27,30,6,44,1,1,0,1,0);
/*!40000 ALTER TABLE `tb_experiencia_medicamentos` ENABLE KEYS */;
UNLOCK TABLES;

--
-- Table structure for table `tb_grupo_intervencao`
--

DROP TABLE IF EXISTS `tb_grupo_intervencao`;
/*!40101 SET @saved_cs_client     = @@character_set_client */;
/*!40101 SET character_set_client = utf8 */;
CREATE TABLE `tb_grupo_intervencao` (
  `IdGrupoIntervencao` int(11) NOT NULL AUTO_INCREMENT,
  `Descricao` varchar(40) NOT NULL,
  PRIMARY KEY (`IdGrupoIntervencao`)
) ENGINE=InnoDB AUTO_INCREMENT=7 DEFAULT CHARSET=latin1;
/*!40101 SET character_set_client = @saved_cs_client */;

--
-- Dumping data for table `tb_grupo_intervencao`
--

LOCK TABLES `tb_grupo_intervencao` WRITE;
/*!40000 ALTER TABLE `tb_grupo_intervencao` DISABLE KEYS */;
INSERT INTO `tb_grupo_intervencao` VALUES (1,'Iniciar Medicamento'),(2,'Modificar Farmacoterapia'),(3,'Descontinuar Farmacoterapia'),(4,'Educação'),(5,'Monitorização'),(6,'Outras Intervenções');
/*!40000 ALTER TABLE `tb_grupo_intervencao` ENABLE KEYS */;
UNLOCK TABLES;

--
-- Table structure for table `tb_higiene`
--

DROP TABLE IF EXISTS `tb_higiene`;
/*!40101 SET @saved_cs_client     = @@character_set_client */;
/*!40101 SET character_set_client = utf8 */;
CREATE TABLE `tb_higiene` (
  `IdConsultaVariavel` bigint(20) NOT NULL,
  `Satisfatoria` tinyint(1) NOT NULL DEFAULT '0',
  `NecessitaHigieneIntima` tinyint(1) NOT NULL DEFAULT '0',
  `NecessitaBanhoLeito` tinyint(1) NOT NULL DEFAULT '0',
  `CabelosPediculose` tinyint(1) NOT NULL DEFAULT '0',
  `CabelosSeborreia` tinyint(1) NOT NULL DEFAULT '0',
  `CabelosAlopecia` tinyint(1) NOT NULL DEFAULT '0',
  `CabelosQuebradicos` tinyint(1) NOT NULL DEFAULT '0',
  `OralRessecamento` tinyint(1) NOT NULL DEFAULT '0',
  `OralHalitose` tinyint(1) NOT NULL DEFAULT '0',
  `OralLinguaSaburrosa` tinyint(1) NOT NULL DEFAULT '0',
  `OralCarie` tinyint(1) NOT NULL DEFAULT '0',
  `OralUlceracao` tinyint(1) NOT NULL DEFAULT '0',
  PRIMARY KEY (`IdConsultaVariavel`),
  CONSTRAINT `fk_tb_higiene_tb_consulta_variavel1` FOREIGN KEY (`IdConsultaVariavel`) REFERENCES `tb_consulta_variavel` (`IdConsultaVariavel`) ON DELETE NO ACTION ON UPDATE NO ACTION
) ENGINE=InnoDB DEFAULT CHARSET=latin1;
/*!40101 SET character_set_client = @saved_cs_client */;

--
-- Dumping data for table `tb_higiene`
--

LOCK TABLES `tb_higiene` WRITE;
/*!40000 ALTER TABLE `tb_higiene` DISABLE KEYS */;
/*!40000 ALTER TABLE `tb_higiene` ENABLE KEYS */;
UNLOCK TABLES;

--
-- Table structure for table `tb_historia`
--

DROP TABLE IF EXISTS `tb_historia`;
/*!40101 SET @saved_cs_client     = @@character_set_client */;
/*!40101 SET character_set_client = utf8 */;
CREATE TABLE `tb_historia` (
  `IdConsultaFixo` bigint(20) NOT NULL,
  `HistoriaMedicaPregressa` varchar(255) NOT NULL,
  `HistoriaFamiliar` varchar(255) NOT NULL,
  PRIMARY KEY (`IdConsultaFixo`),
  CONSTRAINT `fk_tb_historia_tb_consulta_fixo1` FOREIGN KEY (`IdConsultaFixo`) REFERENCES `tb_consulta_fixo` (`IdConsultaFixo`) ON DELETE NO ACTION ON UPDATE NO ACTION
) ENGINE=InnoDB DEFAULT CHARSET=latin1;
/*!40101 SET character_set_client = @saved_cs_client */;

--
-- Dumping data for table `tb_historia`
--

LOCK TABLES `tb_historia` WRITE;
/*!40000 ALTER TABLE `tb_historia` DISABLE KEYS */;
INSERT INTO `tb_historia` VALUES (6,'',''),(7,'',''),(8,'Nenhuma história médica que tenha influência sobre o estado atual','Pai e Mãe - portadores de Diabetes Mellitus'),(9,'',''),(11,'',''),(13,'',''),(14,'',''),(15,'',''),(16,'',''),(17,'',''),(19,'Nenhuma história médica que tenha influência sobre o estado atual','Pai e Mãe - portadores de Diabetes Mellitus'),(20,'Nenhuma história médica que tenha influência sobre o estado atual','Pai e Mãe - portadores de Diabetes Mellitus'),(21,'Não relatou','Pais e irmão: portadores de Diabetes Mellitus '),(22,'Retirou o útero aos 45 anos e retirou as amígdalas aos 12 anos.','Mãe: portadora de Diabetes Mellitus. Pai: portador de Hipertensão Arterial Sistêmica '),(23,'Nenhuma história médica que tenha influência sobre o estado atual','Pai, irmão e avô: portador de Diabetes Mellitus. '),(24,'Fez uma cirurgia de suspensão do útero há cinco anos','Mãe portadora de diabetes e Pai portador de Hipertensão Arterial sistêmica'),(25,'Retirou o útero e uma mama há 20 anos.','Pai portador de diabetes, mãe portadora de câncer, filha portadora de hipertensão'),(26,'Colocou prótese no olho há 40 anos, fez biópsia da próstata há 5 anos, fez angioplastia e dois cateterismos há dois anos, passou por coma alcoólico 4 vezes','Tio, primo e irmã: portadores de Diabetes Mellitus '),(27,'Não relatou','Mãe e irmãos: portadores de Hipertensão Arterial Sistêmica '),(28,'Não relatou','Pais e irmãos: portadores de Hipertensão Arterial Sistêmica '),(29,'',''),(30,'Realizou três pontos de safena há 10 anos.','Pai: portador de Diabetes Mellitus e Hipertensão Arterial Sistêmica '),(31,'Fez cirurgia nos olhos por complicações do diabetes; foi hospitalizado duas vezes por crise de hipertensão','Mãe portadora de Hipertensão Arterial sistêmica'),(32,'Paciente foi hospitalizado três vezes por crise de refluxo ','Pais e irmãos: portadores de Hipertensão Arterial Sistêmica '),(33,'Paciente foi hospitalizada por 11 dias em 2008 devido a crises de HAS e Diabetes ','Não Relatou'),(34,'Fez uma cirurgia para a retirada do útero há 13 anos.','Mãe portadora de Hipertensão Arterial sistêmica; faleceu por infarto'),(35,'Não relatou','A mãe faleceu com infarto agudo do miocárdio'),(36,'Fez cirurgia de redução de mama, cirurgia de mioma há mais de 20 anos.','Pai e irmãos: portadores de Hipertensão Arterial Sistêmica '),(37,'Fez cirurgia para retirada da vesícula há 33 anos; Teve oito filhos por partos normais','Mãe: portadora de Diabetes Mellitus e Hiperlipidemia '),(38,'',''),(39,'ele fumava , ingeria bebidas alcoólicas e tomava entre duas a seis xícaras de café por dia , é hipertenso e diabetico','pais diabeticos'),(40,'Retirou o Útero aos 45 anos e as Amígdalas aos 12','A mãe faleceu aos 72 anos de Enfisema Pulmonar e tinha Diabetes Mellitus e o pai faleceu aos 73 anos de infarto e tinha hipertensão arterial sistêmica.'),(41,'informou ter Diabetes Mellitus tipo II há 30 anos; Vacina-se contra gripe todos os anos ; ','Um dos seus cinco irmãos faleceu em decorrência do diabetes. O seu pai e o seu avô tambèm tinham diabetes'),(42,'','');
/*!40000 ALTER TABLE `tb_historia` ENABLE KEYS */;
UNLOCK TABLES;

--
-- Table structure for table `tb_historico`
--

DROP TABLE IF EXISTS `tb_historico`;
/*!40101 SET @saved_cs_client     = @@character_set_client */;
/*!40101 SET character_set_client = utf8 */;
CREATE TABLE `tb_historico` (
  `IdHistorico` bigint(20) NOT NULL AUTO_INCREMENT,
  `IdPessoa` int(11) NOT NULL,
  `IdTurma` int(11) NOT NULL,
  `IdPaciente` int(11) NOT NULL,
  `IdTutor` int(11) NOT NULL,
  `IdRelato` int(11) NOT NULL,
  `DataEnvio` datetime DEFAULT NULL,
  `DataResposta` datetime DEFAULT NULL,
  `Estado` int(11) DEFAULT NULL,
  `ComentarioTutor` text,
  PRIMARY KEY (`IdHistorico`),
  KEY `fk_tb_historico_tb_pessoa1_idx` (`IdTutor`),
  KEY `fk_tb_historico_tb_relato_clinico1_idx` (`IdRelato`),
  CONSTRAINT `fk_tb_historico_tb_pessoa1` FOREIGN KEY (`IdTutor`) REFERENCES `tb_pessoa` (`IdPessoa`) ON DELETE NO ACTION ON UPDATE NO ACTION,
  CONSTRAINT `fk_tb_historico_tb_relato_clinico1` FOREIGN KEY (`IdRelato`) REFERENCES `tb_relato_clinico` (`IdRelato`) ON DELETE NO ACTION ON UPDATE NO ACTION
) ENGINE=InnoDB DEFAULT CHARSET=latin1;
/*!40101 SET character_set_client = @saved_cs_client */;

--
-- Dumping data for table `tb_historico`
--

LOCK TABLES `tb_historico` WRITE;
/*!40000 ALTER TABLE `tb_historico` DISABLE KEYS */;
/*!40000 ALTER TABLE `tb_historico` ENABLE KEYS */;
UNLOCK TABLES;

--
-- Table structure for table `tb_instituicao`
--

DROP TABLE IF EXISTS `tb_instituicao`;
/*!40101 SET @saved_cs_client     = @@character_set_client */;
/*!40101 SET character_set_client = utf8 */;
CREATE TABLE `tb_instituicao` (
  `IdInstituicao` int(11) NOT NULL AUTO_INCREMENT,
  `NomeInstituicao` varchar(45) NOT NULL,
  `Sigla` varchar(10) NOT NULL DEFAULT '',
  PRIMARY KEY (`IdInstituicao`)
) ENGINE=InnoDB AUTO_INCREMENT=5 DEFAULT CHARSET=latin1;
/*!40101 SET character_set_client = @saved_cs_client */;

--
-- Dumping data for table `tb_instituicao`
--

LOCK TABLES `tb_instituicao` WRITE;
/*!40000 ALTER TABLE `tb_instituicao` DISABLE KEYS */;
INSERT INTO `tb_instituicao` VALUES (1,'Univ Fed de Sergipe - Campus São Cristovão','UFS-São Cr'),(3,'Universidade Tiradentes','UNIT'),(4,'Univ Fed de Sergipe - Campus Lagarto','UFS-Lagart');
/*!40000 ALTER TABLE `tb_instituicao` ENABLE KEYS */;
UNLOCK TABLES;

--
-- Table structure for table `tb_integridade_tecidual`
--

DROP TABLE IF EXISTS `tb_integridade_tecidual`;
/*!40101 SET @saved_cs_client     = @@character_set_client */;
/*!40101 SET character_set_client = utf8 */;
CREATE TABLE `tb_integridade_tecidual` (
  `IdConsultaVariavel` bigint(20) NOT NULL,
  `Turgor` enum('Presente','Diminuido') NOT NULL DEFAULT 'Presente',
  `Equimose` tinyint(1) NOT NULL DEFAULT '0',
  `Hematoma` tinyint(1) NOT NULL DEFAULT '0',
  `Letericia` tinyint(1) NOT NULL DEFAULT '0',
  `Descorada` tinyint(1) NOT NULL DEFAULT '0',
  `EstadoHidratacao` enum('Hidratada','Desidratada') NOT NULL DEFAULT 'Hidratada',
  `Purido` tinyint(1) NOT NULL DEFAULT '0',
  `Hiperemia` tinyint(1) NOT NULL DEFAULT '0',
  `Nodulo` tinyint(1) NOT NULL DEFAULT '0',
  `Descamacao` tinyint(1) NOT NULL DEFAULT '0',
  `PerdaSensibilidade` tinyint(1) NOT NULL DEFAULT '0',
  `Eritema` tinyint(1) NOT NULL DEFAULT '0',
  `Rubor` tinyint(1) NOT NULL,
  `LocalAlteracaoPele` varchar(100) DEFAULT NULL,
  `PeDiabetico` tinyint(1) NOT NULL DEFAULT '0',
  `Escoriacao` tinyint(1) NOT NULL DEFAULT '0',
  `UlceraPressao` tinyint(1) NOT NULL DEFAULT '0',
  `UlceraPressaoEstagio` varchar(5) DEFAULT '0',
  `UlceraPressaoLocal` varchar(100) DEFAULT NULL,
  `Queimadura` tinyint(1) NOT NULL DEFAULT '0',
  `QueimaduraGrau` varchar(5) DEFAULT '0',
  `QueimaduraLocal` varchar(100) DEFAULT NULL,
  `FeridaCirugica` tinyint(1) NOT NULL DEFAULT '0',
  `FeridaCirugicaLocal` varchar(100) DEFAULT NULL,
  `LesaoAspecto` varchar(100) DEFAULT NULL,
  PRIMARY KEY (`IdConsultaVariavel`),
  CONSTRAINT `fk_tb_integridade_tecidual_tb_consulta_variavel1` FOREIGN KEY (`IdConsultaVariavel`) REFERENCES `tb_consulta_variavel` (`IdConsultaVariavel`) ON DELETE NO ACTION ON UPDATE NO ACTION
) ENGINE=InnoDB DEFAULT CHARSET=latin1;
/*!40101 SET character_set_client = @saved_cs_client */;

--
-- Dumping data for table `tb_integridade_tecidual`
--

LOCK TABLES `tb_integridade_tecidual` WRITE;
/*!40000 ALTER TABLE `tb_integridade_tecidual` DISABLE KEYS */;
/*!40000 ALTER TABLE `tb_integridade_tecidual` ENABLE KEYS */;
UNLOCK TABLES;

--
-- Table structure for table `tb_intervencao`
--

DROP TABLE IF EXISTS `tb_intervencao`;
/*!40101 SET @saved_cs_client     = @@character_set_client */;
/*!40101 SET character_set_client = utf8 */;
CREATE TABLE `tb_intervencao` (
  `IdIntervencao` int(11) NOT NULL AUTO_INCREMENT,
  `DescricaoIntervencao` varchar(40) NOT NULL,
  `IdGrupoIntervencao` int(11) NOT NULL,
  PRIMARY KEY (`IdIntervencao`),
  KEY `fk_tb_intervencao_tb_grupo_intervencao1_idx` (`IdGrupoIntervencao`),
  CONSTRAINT `fk_tb_intervencao_tb_grupo_intervencao1` FOREIGN KEY (`IdGrupoIntervencao`) REFERENCES `tb_grupo_intervencao` (`IdGrupoIntervencao`) ON DELETE NO ACTION ON UPDATE NO ACTION
) ENGINE=InnoDB AUTO_INCREMENT=17 DEFAULT CHARSET=latin1;
/*!40101 SET character_set_client = @saved_cs_client */;

--
-- Dumping data for table `tb_intervencao`
--

LOCK TABLES `tb_intervencao` WRITE;
/*!40000 ALTER TABLE `tb_intervencao` DISABLE KEYS */;
INSERT INTO `tb_intervencao` VALUES (1,'Sob prescrição',1),(2,'Venda Livre',1),(3,'Alterar produto',2),(4,'Alterar dose',2),(5,'Alterar forma farmacêutica',2),(6,'Alterar intervalo',2),(7,'Medicamento descontinuado',3),(8,'Substituição por genérico',3),(9,'Sobre medicamentos',4),(10,'Sobre problemas de saúde',4),(11,'Sobre dispositivos médicos',4),(12,'Iniciar monitorização laboratorial',5),(13,'Iniciar outro tipo de monitorização',5),(14,'Encaminhamento ao Nutricionista',6),(15,'Encaminhamento ao Educador Físico',6),(16,'Tabela de Medicamentos',6);
/*!40000 ALTER TABLE `tb_intervencao` ENABLE KEYS */;
UNLOCK TABLES;

--
-- Table structure for table `tb_medicamento_nao_prescrito`
--

DROP TABLE IF EXISTS `tb_medicamento_nao_prescrito`;
/*!40101 SET @saved_cs_client     = @@character_set_client */;
/*!40101 SET character_set_client = utf8 */;
CREATE TABLE `tb_medicamento_nao_prescrito` (
  `IdConsultaVariavel` bigint(20) NOT NULL,
  `IdMedicamento` int(11) NOT NULL,
  `Fitoterapico` tinyint(1) NOT NULL,
  `Dosagem` varchar(50) DEFAULT NULL,
  `Posologia` varchar(50) DEFAULT NULL,
  PRIMARY KEY (`IdConsultaVariavel`,`IdMedicamento`),
  KEY `fk_tb_medicamento_prescrito_tb_medicamentos1_idx` (`IdMedicamento`),
  CONSTRAINT `fk_tb_medicamento_prescrito_tb_consulta_variavel1` FOREIGN KEY (`IdConsultaVariavel`) REFERENCES `tb_consulta_variavel` (`IdConsultaVariavel`) ON DELETE NO ACTION ON UPDATE NO ACTION,
  CONSTRAINT `fk_tb_medicamento_prescrito_tb_medicamentos1` FOREIGN KEY (`IdMedicamento`) REFERENCES `tb_medicamentos` (`IdMedicamento`) ON DELETE NO ACTION ON UPDATE NO ACTION
) ENGINE=InnoDB DEFAULT CHARSET=latin1;
/*!40101 SET character_set_client = @saved_cs_client */;

--
-- Dumping data for table `tb_medicamento_nao_prescrito`
--

LOCK TABLES `tb_medicamento_nao_prescrito` WRITE;
/*!40000 ALTER TABLE `tb_medicamento_nao_prescrito` DISABLE KEYS */;
INSERT INTO `tb_medicamento_nao_prescrito` VALUES (14,93,0,'-','-'),(16,93,0,'-','-'),(18,93,0,'xx','xx'),(19,93,0,'-','-'),(20,93,0,'-','-'),(21,93,0,'-','-'),(22,93,0,'-','-'),(23,93,0,'-','-'),(24,93,0,'-','-'),(25,93,0,'-','-'),(26,93,0,'-','-'),(27,93,0,'-','-'),(28,93,0,'-','-'),(29,93,0,'-','-'),(30,93,0,'-','-'),(31,93,0,'-','-'),(32,93,0,'-','-'),(34,93,0,'-','-'),(36,93,0,'xx','xx'),(37,93,0,'-','-'),(47,93,0,'xx','xx'),(53,93,0,'xx','xx');
/*!40000 ALTER TABLE `tb_medicamento_nao_prescrito` ENABLE KEYS */;
UNLOCK TABLES;

--
-- Table structure for table `tb_medicamento_prescrito`
--

DROP TABLE IF EXISTS `tb_medicamento_prescrito`;
/*!40101 SET @saved_cs_client     = @@character_set_client */;
/*!40101 SET character_set_client = utf8 */;
CREATE TABLE `tb_medicamento_prescrito` (
  `IdConsultaVariavel` bigint(20) NOT NULL,
  `IdMedicamento` int(11) NOT NULL,
  `Fitoterapico` tinyint(1) DEFAULT NULL,
  `Dosagem` varchar(50) DEFAULT NULL,
  `Posologia` varchar(100) DEFAULT NULL,
  `Prescritor` varchar(50) DEFAULT NULL,
  `Especialidade` varchar(50) DEFAULT NULL,
  `AutoMedicacao` tinyint(1) NOT NULL DEFAULT '0',
  PRIMARY KEY (`IdConsultaVariavel`,`IdMedicamento`),
  KEY `fk_tb_consulta_variavel_has_tb_medicamentos_tb_medicamentos_idx` (`IdMedicamento`),
  KEY `fk_tb_consulta_variavel_has_tb_medicamentos_tb_consulta_var_idx` (`IdConsultaVariavel`),
  CONSTRAINT `fk_tb_consulta_variavel_has_tb_medicamentos_tb_consulta_varia2` FOREIGN KEY (`IdConsultaVariavel`) REFERENCES `tb_consulta_variavel` (`IdConsultaVariavel`) ON DELETE NO ACTION ON UPDATE NO ACTION,
  CONSTRAINT `fk_tb_consulta_variavel_has_tb_medicamentos_tb_medicamentos2` FOREIGN KEY (`IdMedicamento`) REFERENCES `tb_medicamentos` (`IdMedicamento`) ON DELETE NO ACTION ON UPDATE NO ACTION
) ENGINE=InnoDB DEFAULT CHARSET=latin1;
/*!40101 SET character_set_client = @saved_cs_client */;

--
-- Dumping data for table `tb_medicamento_prescrito`
--

LOCK TABLES `tb_medicamento_prescrito` WRITE;
/*!40000 ALTER TABLE `tb_medicamento_prescrito` DISABLE KEYS */;
INSERT INTO `tb_medicamento_prescrito` VALUES (10,63,1,'40 mg','1 comprimido às 7 horas e 1 comprimido às 12 horas','Dr. P','Clínico Geral',0),(14,4,0,'100 mg','1 comprimido às 13h','Dr. S','Clínico Geral',0),(14,19,0,'25 mg','2 comprimido às 5h, 14h e as 22h','Dr. S','Clínico Geral',0),(14,35,0,'40 mg','1 comprimido às 9h','Dr. S','Clínico Geral',0),(14,36,0,'5 mg','1 comprimido às 7 horas e 1 comprimido às 12 horas','Dr. P','Endocrinologista',0),(14,48,0,'850 mg','1 comprimido as 12:30h e 1 comprimido as 19:30h','Dr. S','Clínico Geral',0),(14,49,0,'20mg','1 comprimido às 7 h e 1 comprimido às 19 h','Dr. S','Clínico Geral',0),(15,4,0,'100 mg','1 comprimido às 13h','Dr. S','Clínico Geral',0),(15,19,0,'25mg','1 comprimido às 5h, 1 às 14h e 1 às 22 h','Dr. S','Clínico Geral',0),(15,35,0,'40 mg','1 comprimido às 9h','Dr. S','Clínico Geral',0),(15,36,0,'5 mg','1 comprimido às 7 horas e 1 comprimido às 12 horas','Dr. P','Endocrinologista',0),(15,48,0,'850mg','1 comprimido às 12 h e 1 comprimido às 19 h','Dr. S','Clínico Geral',0),(15,49,0,'20mg','1 comprimido às 7 h e 1 comprimido às 19 h','Dr. S','Clínico Geral',0),(16,42,0,'2 a 12 U','de acordo com esquema','Dr. V.C.','Endocrinologista',0),(16,54,0,'40 mg','1 comprimido após o jantar','Dr. J.B.R.','Cardiologista',0),(16,56,0,'50/850 mg','1 comprimido 30 min antes do café e 1 comprimido 30 min antes do jantar','Dr. V.C.','Endocrinologista',0),(17,33,0,'10 mg','1 comprimido às 9h','Dr. L.A.S','Cardiologista',0),(17,36,0,'5 mg','1 comprimido antes do café e 1 comprimido antes do','Dr. L.C.','Clínico Geral',0),(17,39,0,'25mg','1 comprimido às 8:30h','Dr. L.A.S','Cardiologista',0),(17,48,0,'850mg','1 comprimido, três vezes ao dia (antes do café, do','Dr. L.C.','Clínico Geral',0),(17,53,0,'40 mg','1 comprimido às 8 horas e 1 comprimido às 20 horas','Dr. L.A.S','Cardiologista',0),(18,38,0,'4 mg','1 comprimido antes do jantar','Dr. P','Endocrinologista',0),(18,48,0,'850mg','1 comprimido antes do café e 1 comprimido antes do','Dr. P','Endocrinologista',0),(18,91,0,'7,5','1 comprimido a cada 4 horas','Dr. S','Clínico Geral',0),(19,36,0,'5 mg','1 comprimido antes do café','Dr. P','Endocrinologista',0),(19,48,0,'850mg','1 comprimido após o café da manhã','Dr. P','Endocrinologista',0),(20,38,0,'4 mg','1 comprimido antes do café','Dr. P','Endocrinologista',0),(20,48,0,'850mg','1 comprimido antes do café e 1 comprimido antes do','Dr. P','Endocrinologista',0),(21,41,0,'2 mg','1 comprimido ao deitar','Não relatou','Não relatou',0),(21,48,0,'850mg','1 comprimido, três vezes ao dia (antes do café, do','Dr. P','Endocrinologista',0),(21,53,0,'40 mg','1 comprimido, duas vezes ao dia','Dr. S','Clínico Geral',0),(22,11,0,'25mg','1 comprimido às 12 horas','Dr. S','Clínico Geral',0),(22,33,0,'10 mg','1 comprimido de 12/12 horas','Dr. S','Clínico Geral',0),(23,44,0,'50 mg','1 comprimido de 12/12 horas','Dr. S','Clínico Geral',0),(23,48,0,'850mg','1 comprimido após o almoço','Dr. P','Endocrinologista',0),(24,19,0,'25mg','1 comprimido antes das refeições','Dr. S','Clínico Geral',0),(24,36,0,'5 mg','2 comprimidos antes do café e 2 comprimidos antes ','Dr. P\'','Endocrinologista',0),(24,48,0,'850mg','1 comprimido três vezes ao dia (antes do café, almoço e jantar)','Dr. P','Endocrinologista',0),(25,38,0,'5 mg','1 comprimido antes do café','Dr. P','Endocrinologista',0),(25,43,0,'10 U','aplicar às 17 horas','Dr. P','Endocrinologista',0),(25,49,0,'20 mg','1 comprimido as 8h e 1 comprimido as 20h','Dr. S','Clínico Geral',0),(26,48,0,'850mg','1 comprimido após o almoço','Dr. P','Endocrinologista',0),(26,87,0,'20mg','1 comprimido às 10 horas','Dr. S','Clínico Geral',0),(26,89,0,'Não relatou','1 gota em cada olho às 7 horas e às 19 horas','Não relatou','Não relatou',0),(27,47,0,'20mg/10mg','1 comprimido após o jantar','Dr. P','Cardiologista',0),(27,51,0,'40 mg','1 comprimido em jejum','Dr. S','Clínico Geral',0),(27,88,0,'5 mg','1 comprimido às 8 horas e 1 comprimido às 20 horas','Dr. P','Cardiologista',0),(28,19,0,'25mg','1 comprimido, três vezes ao dia','Dr. S','Clínico Geral',0),(28,36,0,'5 mg','1 comprimido, duas vezes ao dia','Dr. P','Endocrinologista',0),(28,48,0,'850mg','1 comprimido antes das refeições','Dr. P','Endocrinologista',0),(29,19,0,'50 mg','2 comprimidos ao dia','Não relatou','Clínico Geral',0),(29,36,0,'5 mg','1 comprimido antes do café','Não relatou','Clínico Geral',0),(29,48,0,'850mg','1 comprimido, duas vezes ao dia (no almoço e no ja','Não relatou','Clínico Geral',0),(29,50,0,'20mg','1 comprimido em jejum, todos os dias','Não relatou','Clínico Geral',0),(30,19,0,'25mg','1 comprimido de 12/12 horas','Dr. G.R.F.','Clínico Geral',0),(30,36,0,'5 mg','2 comprimidos em jejum','Dr. G.R.F.','Clínico Geral',0),(30,48,0,'850 mg','1 cpr depois do café, do almoço e do jantar','Dr. G.R.F.','Clínico Geral',0),(30,54,0,'20mg','1 comprimido antes de dormir','Dr. G.R.F.','Clínico Geral',0),(31,4,0,'100 mg','1 comprimido após o almoço','Dr. D.','Cardiologista',0),(31,38,0,'4 mg','1 comprimido antes do almoço','Dr. M.','Endocrinologista',0),(31,54,0,'20mg','1 comprimido após o jantar','Dr. D.','Cardiologista',0),(31,56,0,'100/850 mg','1 comprimido, duas vezes ao dia (após o café e apó','Dr. M.','Endocrinologista',0),(31,86,0,'300 mg','1 comprimido, duas vezes ao dia (após o café e após o jantar)','Dr. M.','Endocrinologista',0),(32,4,0,'100 mg','1 comprimido durante o almoço','Dr. S.L.P.','Cardiologista',0),(32,19,0,'25mg','1 comprimido de 8/8 horas','Dr. S.L.P.','Cardiologista',0),(32,30,0,'20mg','1 comprimido durante o jantar','Dr. H.R.F.','Clínico Geral',0),(32,39,0,'25mg','2 comprimidos ao dia, pela manhã','Dr. S.L.P.','Cardiologista',0),(32,48,0,'850mg','1 comprimido às 8 horas e 1 comprimido às 14 horas','Dr. S.L.P.','Cardiologista',0),(32,94,0,'500mg','1 comprimido às 8 horas e 1 comprimido às 14 horas','Dr. H.R.F.','Clínico Geral',0),(34,4,0,'100 mg','1 comprimido às 13h','Dr. S','Clínico Geral',0),(34,19,0,'25mg','1 comprimido às 5h, 1 às 14h e 1 às 22 h','Dr. S','Clínico Geral',0),(34,35,0,'40 mg','1 comprimido às 9h','Dr. S','Clínico Geral',0),(34,36,0,'5 mg','1 comprimido às 7 horas e 1 comprimido às 12 horas','Dr. P','Endocrinologista',0),(34,48,0,'850mg','1 comprimido às 12 h e 1 comprimido às 19 h','Dr. S','Clínico Geral',0),(34,49,0,'20mg','1 comprimido às 7 h e 1 comprimido às 19 h','Dr. S','Clínico Geral',0),(35,33,0,'10 mg','1 comprimido às 9h','Dr. L.A.S','Cardiologista',0),(35,36,0,'5 mg','1 comprimido antes do café e 1 comprimido antes do','Dr. L.C.','Clínico Geral',0),(35,39,0,'25mg','1 comprimido às 8:30h','Dr. L.A.S','Cardiologista',0),(35,48,0,'850mg','1 comprimido, três vezes ao dia (antes do café, do','Dr. L.C.','Clínico Geral',0),(35,53,0,'40 mg','1 comprimido às 8 horas e 1 comprimido às 20 horas','Dr. L.A.S','Cardiologista',0),(36,38,0,'4 mg','1 comprimido antes do jantar','Dr. P','Endocrinologista',0),(36,48,0,'850mg','1 comprimido antes do café e 1 comprimido antes do','Dr. P','Endocrinologista',0),(36,91,0,'7,5','1 comprimido a cada 4 horas','Dr. S','Clínico Geral',0),(37,36,0,'5 mg','1 comprimido antes do café','Dr. P','Endocrinologista',0),(37,48,0,'850mg','1 comprimido após o café da manhã','Dr. P','Endocrinologista',0),(38,4,0,'100mg','1 comprimido as 13 horas','Dr. S','clinico geral',0),(38,19,0,'25 mg','2 comprimidos as 5 horas , as 14:00 horas e as 22:00 horas','Dr. S','clinico geral',0),(38,35,0,'40 mg','1 comprimido as 9 horas','Dr. S','clinico geral',0),(38,36,0,'5 mg','1 comprimido as 7 horas e as 12 hs ','Dr. P','endocrinologista',0),(38,48,0,'850 mg','1 comprimido as 12:30 hs horas e as 19:30 horas','Dr. S','clinico geral',0),(38,49,0,'20 mg','1 comprimido as 7 e as 19 horas','Dr. S','clinico geral',0),(39,33,0,'10mg','1 comprimido as 09:00','L.A.S','Cardiologista',0),(39,36,0,'5mg','1 comprimido antes do café e um antes do jantar','L.C','clínico geral',0),(39,39,0,'25mg','1 comprimido as 08:30','L.A.S','Cardiologista',0),(39,48,0,'850mg','1 comprimido antes do café, alomoço e jantar','L.C','Clínico geral',0),(39,53,0,'40mg','1 comprimido as 08:0 e as 20:00','L.A.S','Cardiologista',0),(40,38,0,'4mg','1 comprimido antes do jantar','Dr. P. ','(Endocrinologista)',0),(40,48,0,'850mg','1 comprimido antes do almoço e 1 antes do jantar','Dr. P. ','(Endocrinologista)',0),(40,91,0,'7,5mg','1 comprimido a cada 4 horas','Dra. S.','Clínico Geral',0),(41,6,1,'40 mg','1 comprimido às 7 horas e 1 comprimido às 12 horas','Dr. P','Clínico Geral',0),(42,38,0,'4mg','1 comprimido antes do jantar','Dr. P. ','(Endocrinologista)',0),(42,48,0,'850mg','1 comprimido antes do almoço e 1 antes do jantar','Dr. P. ','(Endocrinologista)',0),(42,91,0,'7,5mg','1 comprimido a cada 4 horas','Dra. S.','Clínico Geral',0),(43,33,0,'10mg','1 comprimido as 09:00','L.A.S','Cardiologista',0),(43,36,0,'5mg','1 comprimido antes do café e um antes do jantar','L.C','clínico geral',0),(43,39,0,'25mg','1 comprimido as 08:30','L.A.S','Cardiologista',0),(43,48,0,'850mg','1 comprimido antes do café, alomoço e jantar','L.C','Clínico geral',0),(43,53,0,'40mg','1 comprimido as 08:0 e as 20:00','L.A.S','Cardiologista',0),(44,4,0,'100mg','1 comprimido as 13 horas','Dr. S','clinico geral',0),(44,19,0,'25 mg','2 comprimidos as 5 horas , as 14:00 horas e as 22:00 horas','Dr. S','clinico geral',0),(44,35,0,'40 mg','1 comprimido as 9 horas','Dr. S','clinico geral',0),(44,36,0,'5 mg','1 comprimido as 7 horas e as 12 hs ','Dr. P','endocrinologista',0),(44,48,0,'850 mg','1 comprimido as 12:30 hs horas e as 19:30 horas','Dr. S','clinico geral',0),(44,49,0,'20 mg','1 comprimido as 7 e as 19 horas','Dr. S','clinico geral',0),(45,4,0,'100 mg','1 comprimido às 13h','Dr. S','Clínico Geral',0),(45,19,0,'25mg','1 comprimido às 5h, 1 às 14h e 1 às 22 h','Dr. S','Clínico Geral',0),(45,35,0,'40 mg','1 comprimido às 9h','Dr. S','Clínico Geral',0),(45,36,0,'5 mg','1 comprimido às 7 horas e 1 comprimido às 12 horas','Dr. P','Endocrinologista',0),(45,48,0,'850mg','1 comprimido às 12 h e 1 comprimido às 19 h','Dr. S','Clínico Geral',0),(45,49,0,'20mg','1 comprimido às 7 h e 1 comprimido às 19 h','Dr. S','Clínico Geral',0),(46,33,0,'10 mg','1 comprimido às 9h','Dr. L.A.S','Cardiologista',0),(46,36,0,'5 mg','1 comprimido antes do café e 1 comprimido antes do','Dr. L.C.','Clínico Geral',0),(46,39,0,'25mg','1 comprimido às 8:30h','Dr. L.A.S','Cardiologista',0),(46,48,0,'850mg','1 comprimido, três vezes ao dia (antes do café, do','Dr. L.C.','Clínico Geral',0),(46,53,0,'40 mg','1 comprimido às 8 horas e 1 comprimido às 20 horas','Dr. L.A.S','Cardiologista',0),(47,38,0,'4 mg','1 comprimido antes do jantar','Dr. P','Endocrinologista',0),(47,48,0,'850mg','1 comprimido antes do café e 1 comprimido antes do','Dr. P','Endocrinologista',0),(47,91,0,'7,5','1 comprimido a cada 4 horas','Dr. S','Clínico Geral',0),(48,38,0,'4mg','1 comprimido antes do jantar','Dr. P. ','(Endocrinologista)',0),(48,48,0,'850mg','1 comprimido antes do almoço e 1 antes do jantar','Dr. P. ','(Endocrinologista)',0),(48,91,0,'7,5mg','1 comprimido a cada 4 horas','Dra. S.','Clínico Geral',0),(49,33,0,'10mg','1 comprimido as 09:00','L.A.S','Cardiologista',0),(49,36,0,'5mg','1 comprimido antes do café e um antes do jantar','L.C','clínico geral',0),(49,39,0,'25mg','1 comprimido as 08:30','L.A.S','Cardiologista',0),(49,48,0,'850mg','1 comprimido antes do café, alomoço e jantar','L.C','Clínico geral',0),(49,53,0,'40mg','1 comprimido as 08:0 e as 20:00','L.A.S','Cardiologista',0),(50,4,0,'100mg','1 comprimido as 13 horas','Dr. S','clinico geral',0),(50,19,0,'25 mg','2 comprimidos as 5 horas , as 14:00 horas e as 22:00 horas','Dr. S','clinico geral',0),(50,35,0,'40 mg','1 comprimido as 9 horas','Dr. S','clinico geral',0),(50,36,0,'5 mg','1 comprimido as 7 horas e as 12 hs ','Dr. P','endocrinologista',0),(50,48,0,'850 mg','1 comprimido as 12:30 hs horas e as 19:30 horas','Dr. S','clinico geral',0),(50,49,0,'20 mg','1 comprimido as 7 e as 19 horas','Dr. S','clinico geral',0),(51,4,0,'100 mg','1 comprimido às 13h','Dr. S','Clínico Geral',0),(51,19,0,'25mg','1 comprimido às 5h, 1 às 14h e 1 às 22 h','Dr. S','Clínico Geral',0),(51,35,0,'40 mg','1 comprimido às 9h','Dr. S','Clínico Geral',0),(51,36,0,'5 mg','1 comprimido às 7 horas e 1 comprimido às 12 horas','Dr. P','Endocrinologista',0),(51,48,0,'850mg','1 comprimido às 12 h e 1 comprimido às 19 h','Dr. S','Clínico Geral',0),(51,49,0,'20mg','1 comprimido às 7 h e 1 comprimido às 19 h','Dr. S','Clínico Geral',0),(52,33,0,'10 mg','1 comprimido às 9h','Dr. L.A.S','Cardiologista',0),(52,36,0,'5 mg','1 comprimido antes do café e 1 comprimido antes do','Dr. L.C.','Clínico Geral',0),(52,39,0,'25mg','1 comprimido às 8:30h','Dr. L.A.S','Cardiologista',0),(52,48,0,'850mg','1 comprimido, três vezes ao dia (antes do café, do','Dr. L.C.','Clínico Geral',0),(52,53,0,'40 mg','1 comprimido às 8 horas e 1 comprimido às 20 horas','Dr. L.A.S','Cardiologista',0),(53,38,0,'4 mg','1 comprimido antes do jantar','Dr. P','Endocrinologista',0),(53,48,0,'850mg','1 comprimido antes do café e 1 comprimido antes do','Dr. P','Endocrinologista',0),(53,91,0,'7,5','1 comprimido a cada 4 horas','Dr. S','Clínico Geral',0),(54,33,0,'10mg','1 comprimido as 09:00','L.A.S','Cardiologista',0),(54,36,0,'5mg','1 comprimido antes do café e um antes do jantar','L.C','clínico geral',0),(54,39,0,'25mg','1 comprimido as 08:30','L.A.S','Cardiologista',0),(54,48,0,'850mg','1 comprimido antes do café, alomoço e jantar','L.C','Clínico geral',0),(54,53,0,'40mg','1 comprimido as 08:0 e as 20:00','L.A.S','Cardiologista',0),(55,38,0,'4mg','1 comprimido antes do jantar','Dr. P. ','(Endocrinologista)',0),(55,48,0,'850mg','1 comprimido antes do almoço e 1 antes do jantar','Dr. P. ','(Endocrinologista)',0),(55,91,0,'7,5mg','1 comprimido a cada 4 horas','Dra. S.','Clínico Geral',0),(56,4,0,'100mg','1 comprimido as 13 horas','Dr. S','clinico geral',0),(56,19,0,'25 mg','2 comprimidos as 5 horas , as 14:00 horas e as 22:00 horas','Dr. S','clinico geral',0),(56,35,0,'40 mg','1 comprimido as 9 horas','Dr. S','clinico geral',0),(56,36,0,'5 mg','1 comprimido as 7 horas e as 12 hs ','Dr. P','endocrinologista',0),(56,48,0,'850 mg','1 comprimido as 12:30 hs horas e as 19:30 horas','Dr. S','clinico geral',0),(56,49,0,'20 mg','1 comprimido as 7 e as 19 horas','Dr. S','clinico geral',0);
/*!40000 ALTER TABLE `tb_medicamento_prescrito` ENABLE KEYS */;
UNLOCK TABLES;

--
-- Table structure for table `tb_medicamentos`
--

DROP TABLE IF EXISTS `tb_medicamentos`;
/*!40101 SET @saved_cs_client     = @@character_set_client */;
/*!40101 SET character_set_client = utf8 */;
CREATE TABLE `tb_medicamentos` (
  `IdMedicamento` int(11) NOT NULL AUTO_INCREMENT,
  `Nome` varchar(100) NOT NULL,
  PRIMARY KEY (`IdMedicamento`),
  UNIQUE KEY `Nome_UNIQUE` (`Nome`)
) ENGINE=InnoDB AUTO_INCREMENT=95 DEFAULT CHARSET=latin1;
/*!40101 SET character_set_client = @saved_cs_client */;

--
-- Dumping data for table `tb_medicamentos`
--

LOCK TABLES `tb_medicamentos` WRITE;
/*!40000 ALTER TABLE `tb_medicamentos` DISABLE KEYS */;
INSERT INTO `tb_medicamentos` VALUES (3,'Aciclovir'),(4,'Acido Acetilsalicílico'),(5,'Ácido Fólico'),(6,'Albendazol'),(7,'Alopurinol'),(8,'Amiodarona'),(9,'Amitriptilina'),(10,'Amoxicilina'),(88,'Anlodipino'),(11,'Atenolol'),(30,'Atorvastatina'),(12,'Azatioprina'),(13,'Azitromicina'),(31,'Benzilpenicilina Benzatina'),(15,'Benzilpenicilina Procaína + Potássica'),(57,'Benzoato de Benzila'),(17,'Biperideno'),(89,'Brimonidina + Timolol'),(18,'Brometo de n-butilescopalamina'),(19,'Captopril'),(20,'Carbamazepina'),(21,'Carbidopa + Levodopa'),(22,'Cefalexina'),(32,'Centrum®'),(23,'Cetoconazol'),(28,'Cetoprofeno'),(24,'Ciprofloxacino'),(27,'Clorpromazina'),(92,'Codeína'),(91,'Codeina + paracetamol'),(58,'Dexametasona'),(1,'Dipirona'),(59,'Doxicilina'),(85,'Dudasterina'),(33,'Enalapril'),(60,'Eritromicina'),(61,'Etinilestradiol + Levonorgestrel'),(62,'Fenitoína'),(63,'Fenobarbital'),(64,'Fluconazol'),(34,'Fluoxetina'),(35,'Furosemida'),(36,'Glibenclamida'),(37,'Gliclazida'),(38,'Glimepirida'),(65,'Haloperidol'),(39,'Hidroclorotiazida'),(40,'Hidroclorotiazida/Amilorida'),(41,'Hidroxizina'),(66,'Ibuprofeno'),(42,'Insulina Aspart'),(43,'Insulina NPH'),(67,'Levonorgestrel'),(44,'Losartana'),(45,'Losartana/Hidroclorotiazida'),(46,'Manipulado: Losartana, Atenolol, Anlodipino, Hidroclorotiazida'),(47,'Manipulado: Sinvastatina, Ezetimiba'),(68,'Mebendazol'),(2,'Medroxiprogesterona (Acetato de)'),(48,'Metformina'),(69,'Metildopa'),(70,'Metoclopramida'),(71,'Metronidazol'),(72,'Miconazol'),(93,'Não relatou'),(49,'Nifedipino'),(73,'Nistatina'),(87,'Olmesartana'),(50,'Omeprazol'),(51,'Pantoprazol'),(74,'Paracetamol'),(90,'Passiflorine'),(52,'Politivamínico'),(75,'Prednisona'),(76,'Prometazina'),(53,'Propranolol'),(77,'Ranitidina'),(78,'Sais para reidratação oral'),(79,'Salbutamol'),(54,'Sinvastatina'),(80,'Sulfametoxazol + Trimetoprima'),(81,'Sulfasalazina'),(82,'Sulfato Ferroso'),(83,'Tiabendazol'),(94,'Triformin®'),(84,'Valproato de sódio'),(55,'Valsartana'),(56,'Vildagliptina/Metformina'),(86,'Vitamina B1 (Tiamina)');
/*!40000 ALTER TABLE `tb_medicamentos` ENABLE KEYS */;
UNLOCK TABLES;

--
-- Table structure for table `tb_medicamentos_anteriores`
--

DROP TABLE IF EXISTS `tb_medicamentos_anteriores`;
/*!40101 SET @saved_cs_client     = @@character_set_client */;
/*!40101 SET character_set_client = utf8 */;
CREATE TABLE `tb_medicamentos_anteriores` (
  `IdConsultaVariavel` bigint(20) NOT NULL,
  `IdMedicamento` int(11) NOT NULL,
  `Indicacao` varchar(100) DEFAULT NULL,
  `Resposta` varchar(100) DEFAULT NULL,
  `Periodo` varchar(100) DEFAULT NULL,
  PRIMARY KEY (`IdConsultaVariavel`,`IdMedicamento`),
  KEY `fk_tb_consulta_variavel_has_tb_medicamentos_tb_medicamentos_idx` (`IdMedicamento`),
  KEY `fk_tb_consulta_variavel_has_tb_medicamentos_tb_consulta_var_idx` (`IdConsultaVariavel`),
  CONSTRAINT `fk_tb_consulta_variavel_has_tb_medicamentos_tb_consulta_varia1` FOREIGN KEY (`IdConsultaVariavel`) REFERENCES `tb_consulta_variavel` (`IdConsultaVariavel`) ON DELETE NO ACTION ON UPDATE NO ACTION,
  CONSTRAINT `fk_tb_consulta_variavel_has_tb_medicamentos_tb_medicamentos1` FOREIGN KEY (`IdMedicamento`) REFERENCES `tb_medicamentos` (`IdMedicamento`) ON DELETE NO ACTION ON UPDATE NO ACTION
) ENGINE=InnoDB DEFAULT CHARSET=latin1;
/*!40101 SET character_set_client = @saved_cs_client */;

--
-- Dumping data for table `tb_medicamentos_anteriores`
--

LOCK TABLES `tb_medicamentos_anteriores` WRITE;
/*!40000 ALTER TABLE `tb_medicamentos_anteriores` DISABLE KEYS */;
INSERT INTO `tb_medicamentos_anteriores` VALUES (2,1,'1','11','1'),(10,1,'1','2','Tarde'),(12,5,'tste','perdeu','11'),(14,39,'Hipertensão Arterial Sistêmica','Perdeu o efeito','2 anos'),(15,39,'Hipertensão Arterial Sistêmica','Perdeu o efeito','2 anos'),(16,93,'-','-','-'),(17,19,'Hipertensão Arterial Sistêmica','Apresentou Arritmia','Não Relatou'),(17,43,'Hiperglicemia','Foi efetivo','Uma única vez'),(18,93,'xx','xx','xx'),(19,93,'-','-','-'),(20,93,'-','-','-'),(21,93,'-','-','-'),(22,4,'Não relatou','Suspeita de sangramento','Não Relatou'),(23,19,'Hipertensão Arterial Sistêmica','Sensação de desmaio','Não Relatou'),(23,39,'Hipertensão Arterial Sistêmica','Sensação de desmaio','Não Relatou'),(23,53,'Hipertensão Arterial Sistêmica','Sensação de desmaio','Não Relatou'),(24,93,'-','-','-'),(25,93,'-','-','-'),(26,19,'Hipertensão Arterial Sistêmica','Não fazia efeito','Não relatou'),(26,39,'Hipertensão Arterial Sistêmica','Não fazia efeito','Não relatou'),(27,19,'Hipertensão Arterial Sistêmica','Perdeu o efeito','Não Relatou'),(28,39,'Hipertensão Arterial Sistêmica','Não fazia efeito','Não relatou'),(28,93,'-','-','-'),(29,93,'-','-','-'),(30,93,'-','-','-'),(31,72,'-','-','-'),(32,93,'-','-','-'),(34,39,'Hipertensão Arterial Sistêmica','Perdeu o efeito','2 anos'),(35,19,'Hipertensão Arterial Sistêmica','Apresentou Arritmia','Não Relatou'),(35,43,'Hiperglicemia','Foi efetivo','Uma única vez'),(36,93,'xx','xx','xx'),(37,93,'-','-','-'),(38,39,'hipertensão','hipertensão','dois anos'),(39,19,'Hipertensão','arritmia','não relatou'),(39,43,'Diabetes','melhora','uma única vez'),(43,19,'Hipertensão','arritmia','não relatou'),(43,43,'Diabetes','melhora','uma única vez'),(44,39,'hipertensão','hipertensão','dois anos'),(45,39,'Hipertensão Arterial Sistêmica','Perdeu o efeito','2 anos'),(46,19,'Hipertensão Arterial Sistêmica','Apresentou Arritmia','Não Relatou'),(46,43,'Hiperglicemia','Foi efetivo','Uma única vez'),(47,93,'xx','xx','xx'),(49,19,'Hipertensão','arritmia','não relatou'),(49,43,'Diabetes','melhora','uma única vez'),(50,39,'hipertensão','hipertensão','dois anos'),(51,39,'Hipertensão Arterial Sistêmica','Perdeu o efeito','2 anos'),(52,19,'Hipertensão Arterial Sistêmica','Apresentou Arritmia','Não Relatou'),(52,43,'Hiperglicemia','Foi efetivo','Uma única vez'),(53,93,'xx','xx','xx'),(54,19,'Hipertensão','arritmia','não relatou'),(54,43,'Diabetes','melhora','uma única vez'),(56,39,'hipertensão','hipertensão','dois anos');
/*!40000 ALTER TABLE `tb_medicamentos_anteriores` ENABLE KEYS */;
UNLOCK TABLES;

--
-- Table structure for table `tb_naturalidade`
--

DROP TABLE IF EXISTS `tb_naturalidade`;
/*!40101 SET @saved_cs_client     = @@character_set_client */;
/*!40101 SET character_set_client = utf8 */;
CREATE TABLE `tb_naturalidade` (
  `IdNaturalidade` int(11) NOT NULL AUTO_INCREMENT,
  `Descricao` varchar(45) NOT NULL,
  PRIMARY KEY (`IdNaturalidade`)
) ENGINE=InnoDB AUTO_INCREMENT=2 DEFAULT CHARSET=latin1;
/*!40101 SET character_set_client = @saved_cs_client */;

--
-- Dumping data for table `tb_naturalidade`
--

LOCK TABLES `tb_naturalidade` WRITE;
/*!40000 ALTER TABLE `tb_naturalidade` DISABLE KEYS */;
INSERT INTO `tb_naturalidade` VALUES (1,'Brasileiro');
/*!40000 ALTER TABLE `tb_naturalidade` ENABLE KEYS */;
UNLOCK TABLES;

--
-- Table structure for table `tb_objetivo_terapeutico`
--

DROP TABLE IF EXISTS `tb_objetivo_terapeutico`;
/*!40101 SET @saved_cs_client     = @@character_set_client */;
/*!40101 SET character_set_client = utf8 */;
CREATE TABLE `tb_objetivo_terapeutico` (
  `IdObjetivoTerapeutico` int(11) NOT NULL AUTO_INCREMENT,
  `Descricao` varchar(150) NOT NULL,
  PRIMARY KEY (`IdObjetivoTerapeutico`)
) ENGINE=InnoDB AUTO_INCREMENT=9 DEFAULT CHARSET=latin1;
/*!40101 SET character_set_client = @saved_cs_client */;

--
-- Dumping data for table `tb_objetivo_terapeutico`
--

LOCK TABLES `tb_objetivo_terapeutico` WRITE;
/*!40000 ALTER TABLE `tb_objetivo_terapeutico` DISABLE KEYS */;
INSERT INTO `tb_objetivo_terapeutico` VALUES (1,'Cura de uma doença'),(3,'Redução ou eliminação de sinais e/ou sintomas'),(4,'Redução ou interrupção da progressão de uma doença'),(5,'Prevenção de uma Doença'),(6,'Normalização de Exames Laboratoriais'),(7,'Auxiliar no processo diagnóstico'),(8,'Não determinado até o momento');
/*!40000 ALTER TABLE `tb_objetivo_terapeutico` ENABLE KEYS */;
UNLOCK TABLES;

--
-- Table structure for table `tb_ocupacao`
--

DROP TABLE IF EXISTS `tb_ocupacao`;
/*!40101 SET @saved_cs_client     = @@character_set_client */;
/*!40101 SET character_set_client = utf8 */;
CREATE TABLE `tb_ocupacao` (
  `IdOcupacao` int(11) NOT NULL AUTO_INCREMENT,
  `Descricao` varchar(100) NOT NULL,
  PRIMARY KEY (`IdOcupacao`)
) ENGINE=InnoDB AUTO_INCREMENT=20 DEFAULT CHARSET=latin1;
/*!40101 SET character_set_client = @saved_cs_client */;

--
-- Dumping data for table `tb_ocupacao`
--

LOCK TABLES `tb_ocupacao` WRITE;
/*!40000 ALTER TABLE `tb_ocupacao` DISABLE KEYS */;
INSERT INTO `tb_ocupacao` VALUES (1,'Autônomo'),(2,'Pedreiro'),(3,'Professor(a)'),(5,'Secretária'),(6,'Funcionário da Petrobrás'),(7,'Técnico de Contabilidade'),(9,'Motorista'),(10,'Caminhoneiro'),(11,'Dona de Casa'),(12,'Técnica de Dentista'),(13,'Administrador'),(14,'Representante comercial'),(15,'Manutenção de equipamentos'),(16,'Operador de Telecomunicações'),(17,'Técnico em eletrônica'),(18,'Técnica em Enfermagem'),(19,'Aposentado(a)');
/*!40000 ALTER TABLE `tb_ocupacao` ENABLE KEYS */;
UNLOCK TABLES;

--
-- Table structure for table `tb_oxiginecao`
--

DROP TABLE IF EXISTS `tb_oxiginecao`;
/*!40101 SET @saved_cs_client     = @@character_set_client */;
/*!40101 SET character_set_client = utf8 */;
CREATE TABLE `tb_oxiginecao` (
  `IdConsultaVariavel` bigint(20) NOT NULL,
  `FrequeciaRespiratoria` int(11) NOT NULL,
  `Ritmo` enum('Regular','Irregular') DEFAULT NULL,
  `Dispineia` tinyint(1) NOT NULL DEFAULT '0',
  `Taquipneia` tinyint(1) NOT NULL DEFAULT '0',
  `Bradipneia` tinyint(1) NOT NULL DEFAULT '0',
  `Kussmaul` tinyint(1) NOT NULL DEFAULT '0',
  `CheyneStokes` tinyint(1) NOT NULL DEFAULT '0',
  `Epistaxe` tinyint(1) NOT NULL DEFAULT '0',
  `ObstrucaoNasal` tinyint(1) NOT NULL DEFAULT '0',
  `Coriza` tinyint(1) NOT NULL DEFAULT '0',
  `DesvioDeSepto` tinyint(1) NOT NULL DEFAULT '0',
  `Palidez` tinyint(1) NOT NULL DEFAULT '0',
  `LabioCianotico` tinyint(1) NOT NULL DEFAULT '0',
  `SimetriaToracica` enum('Simetrico','Assimetrico Unilateral','Assimetrico Bilateral') NOT NULL DEFAULT 'Simetrico',
  `Barril` tinyint(1) NOT NULL DEFAULT '0',
  `PeitoDePombo` tinyint(1) NOT NULL DEFAULT '0',
  `Funil` tinyint(1) NOT NULL DEFAULT '0',
  `Lordose` tinyint(1) NOT NULL DEFAULT '0',
  `Cifose` tinyint(1) NOT NULL DEFAULT '0',
  `Escoliose` tinyint(1) NOT NULL DEFAULT '0',
  `TiragemIntercostal` tinyint(1) NOT NULL DEFAULT '0',
  `Expansibilidade` enum('Preservada','Diminuida') NOT NULL DEFAULT 'Preservada',
  `EnfizemaSubcutaneo` tinyint(1) NOT NULL DEFAULT '0',
  `PresencaFremito` tinyint(1) NOT NULL DEFAULT '0',
  `Tosse` tinyint(1) NOT NULL DEFAULT '0',
  `FrequenciaTosse` enum('Frequente','Noturna','Esporadica','NaoSeAplica') NOT NULL DEFAULT 'NaoSeAplica',
  `TipoTosse` enum('Seca','Produtiva','NaoSeAplica') NOT NULL DEFAULT 'NaoSeAplica',
  `AspectoSecrecao` varchar(50) NOT NULL DEFAULT '',
  `Percursao` enum('Ar','Liquido','Massa') NOT NULL DEFAULT 'Ar',
  `GangliosPalpaveis` tinyint(1) NOT NULL DEFAULT '0',
  `GangliosDolorosos` tinyint(1) NOT NULL DEFAULT '0',
  `GangliosLocalizar` varchar(50) NOT NULL DEFAULT '',
  PRIMARY KEY (`IdConsultaVariavel`),
  KEY `fk_tb_oxiginecao_tb_consulta_variavel1_idx` (`IdConsultaVariavel`),
  CONSTRAINT `fk_tb_oxiginecao_tb_consulta_variavel1` FOREIGN KEY (`IdConsultaVariavel`) REFERENCES `tb_consulta_variavel` (`IdConsultaVariavel`) ON DELETE NO ACTION ON UPDATE NO ACTION
) ENGINE=InnoDB DEFAULT CHARSET=latin1;
/*!40101 SET character_set_client = @saved_cs_client */;

--
-- Dumping data for table `tb_oxiginecao`
--

LOCK TABLES `tb_oxiginecao` WRITE;
/*!40000 ALTER TABLE `tb_oxiginecao` DISABLE KEYS */;
/*!40000 ALTER TABLE `tb_oxiginecao` ENABLE KEYS */;
UNLOCK TABLES;

--
-- Table structure for table `tb_paciente`
--

DROP TABLE IF EXISTS `tb_paciente`;
/*!40101 SET @saved_cs_client     = @@character_set_client */;
/*!40101 SET character_set_client = utf8 */;
CREATE TABLE `tb_paciente` (
  `IdPaciente` int(11) NOT NULL AUTO_INCREMENT,
  `Nome` varchar(100) NOT NULL,
  `Foto` mediumblob,
  PRIMARY KEY (`IdPaciente`)
) ENGINE=InnoDB AUTO_INCREMENT=24 DEFAULT CHARSET=latin1;
/*!40101 SET character_set_client = @saved_cs_client */;

--
-- Dumping data for table `tb_paciente`
--

LOCK TABLES `tb_paciente` WRITE;
/*!40000 ALTER TABLE `tb_paciente` DISABLE KEYS */;
INSERT INTO `tb_paciente` VALUES (1,'Marcos Dósea','\0JFIF\0\0`\0`\0\0Exif\0\0MM\0*\0\0\0\0;\0\0\0\0\0\0Ji\0\0\0\0\0\0X\0\0\0\0\Z\0\0\0\0\0\0\0\0>\0\0\0\0\0\0\0\0\0\0\0\0\0\0\0\0\0\0\0\0\0\0\0\0\0\0\0\0\0\0\0\0\0\0\0\0\0\0\0\0\0\0\0\0\0\0\0\0\0\0\0\0\0\0\0\0\0\0\0\0\0\0\0\0\0\0\0\0\0\0\0\0\0\0\0\0\0\0\0\0\0\0\0\0\0\0\0\0\0\0\0\0\0\0\0\0\0\0\0\0\0\0\0\0\0\0\0\0\0\0\0\0\0\0\0\0\0\0\0\0\0\0\0\0\0\0\0\0\0\0\0\0\0\0\0\0\0\0\0\0\0\0\0\0\0\0\0\0\0\0\0\0\0\0\0\0\0\0\0\0\0\0\0\0\0\0\0\0\0\0\0\0\0\0\0\0\0\0\0\0\0\0\0\0\0\0\0\0\0\0\0\0\0\0\0\0\0\0\0\0\0\0\0\0\0\0\0\0\0\0\0\0\0\0\0\0\0\0\0\0\0\0\0\0\0\0\0\0\0\0\0\0\0\0\0\0\0\0\0\0\0\0\0\0\0\0\0\0\0\0\0\0\0\0\0\0\0\0\0\0\0\0\0\0\0\0\0\0\0\0\0\0\0\0\0\0\0\0\0\0\0\0\0\0\0\0\0\0\0\0\0\0\0\0\0\0\0\0\0\0\0\0\0\0\0\0\0\0\0\0\0\0\0\0\0\0\0\0\0\0\0\0\0\0\0\0\0\0\0\0\0\0\0\0\0\0\0\0\0\0\0\0\0\0\0\0\0\0\0\0\0\0\0\0\0\0\0\0\0\0\0\0\0\0\0\0\0\0\0\0\0\0\0\0\0\0\0\0\0\0\0\0\0\0\0\0\0\0\0\0\0\0\0\0\0\0\0\0\0\0\0\0\0\0\0\0\0\0\0\0\0\0\0\0\0\0\0\0\0\0\0\0\0\0\0\0\0\0\0\0\0\0\0\0\0\0\0\0\0\0\0\0\0\0\0\0\0\0\0\0\0\0\0\0\0\0\0\0\0\0\0\0\0\0\0\0\0\0\0\0\0\0\0\0\0\0\0\0\0\0\0\0\0\0\0\0\0\0\0\0\0\0\0\0\0\0\0\0\0\0\0\0\0\0\0\0\0\0\0\0\0\0\0\0\0\0\0\0\0\0\0\0\0\0\0\0\0\0\0\0\0\0\0\0\0\0\0\0\0\0\0\0\0\0\0\0\0\0\0\0\0\0\0\0\0\0\0\0\0\0\0\0\0\0\0\0\0\0\0\0\0\0\0\0\0\0\0\0\0\0\0\0\0\0\0\0\0\0\0\0\0\0\0\0\0\0\0\0\0\0\0\0\0\0\0\0\0\0\0\0\0\0\0\0\0\0\0\0\0\0\0\0\0\0\0\0\0\0\0\0\0\0\0\0\0\0\0\0\0\0\0\0\0\0\0\0\0\0\0\0\0\0\0\0\0\0\0\0\0\0\0\0\0\0\0\0\0\0\0\0\0\0\0\0\0\0\0\0\0\0\0\0\0\0\0\0\0\0\0\0\0\0\0\0\0\0\0\0\0\0\0\0\0\0\0\0\0\0\0\0\0\0\0\0\0\0\0\0\0\0\0\0\0\0\0\0\0\0\0\0\0\0\0\0\0\0\0\0\0\0\0\0\0\0\0\0\0\0\0\0\0\0\0\0\0\0\0\0\0\0\0\0\0\0\0\0\0\0\0\0\0\0\0\0\0\0\0\0\0\0\0\0\0\0\0\0\0\0\0\0\0\0\0\0\0\0\0\0\0\0\0\0\0\0\0\0\0\0\0\0\0\0\0\0\0\0\0\0\0\0\0\0\0\0\0\0\0\0\0\0\0\0\0\0\0\0\0\0\0\0\0\0\0\0\0\0\0\0\0\0\0\0\0\0\0\0\0\0\0\0\0\0\0\0\0\0\0\0\0\0\0\0\0\0\0\0\0\0\0\0\0\0\0\0\0\0\0\0\0\0\0\0\0\0\0\0\0\0\0\0\0\0\0\0\0\0\0\0\0\0\0\0\0\0\0\0\0\0\0\0\0\0\0\0\0\0\0\0\0\0\0\0\0\0\0\0\0\0\0\0\0\0\0\0\0\0\0\0\0\0\0\0\0\0\0\0\0\0\0\0\0\0\0\0\0\0\0\0\0\0\0\0\0\0\0\0\0\0\0\0\0\0\0\0\0\0\0\0\0\0\0\0\0\0\0\0\0\0\0\0\0\0\0\0\0\0\0\0\0\0\0\0\0\0\0\0\0\0\0\0\0\0\0\0\0\0\0\0\0\0\0\0\0\0\0\0\0\0\0\0\0\0\0\0\0\0\0\0\0\0\0\0\0\0\0\0\0\0\0\0\0\0\0\0\0\0\0\0\0\0\0\0\0\0\0\0\0\0\0\0\0\0\0\0\0\0\0\0\0\0\0\0\0\0\0\0\0\0\0\0\0\0\0\0\0\0\0\0\0\0\0\0\0\0\0\0\0\0\0\0\0\0\0\0\0\0\0\0\0\0\0\0\0\0\0\0\0\0\0\0\0\0\0\0\0\0\0\0\0\0\0\0\0\0\0\0\0\0\0\0\0\0\0\0\0\0\0\0\0\0\0\0\0\0\0\0\0\0\0\0\0\0\0\0\0\0\0\0\0\0\0\0\0\0\0\0\0\0\0\0\0\0\0\0\0\0\0\0\0\0\0\0\0\0\0\0\0\0\0\0\0\0\0\0\0\0\0\0\0\0\0\0\0\0\0\0\0\0\0\0\0\0\0\0\0\0\0\0\0\0\0\0\0\0\0\0\0\0\0\0\0\0\0\0\0\0\0\0\0\0\0\0\0\0\0\0\0\0\0\0\0\0\0\0\0\0\0\0\0\0\0\0\0\0\0\0\0\0\0\0\0\0\0\0\0\0\0\0\0\0\0\0\0\0\0\0\0\0\0\0\0\0\0\0\0\0\0\0\0\0\0\0\0\0\0\0\0\0\0\0\0\0\0\0\0\0\0\0\0\0\0\0\0\0\0\0\0\0\0\0\0\0\0\0\0\0\0\0\0\0\0\0\0\0\0\0\0\0\0\0\0\0\0\0\0\0\0\0\0\0\0\0\0\0\0\0\0\0\0\0\0\0\0\0\0\0\0\0\0\0\0\0\0\0\0\0\0\0\0\0\0\0\0\0\0\0\0\0\0\0\0\0\0\0\0\0\0\0\0\0\0\0\0\0\0\0\0\0\0\0\0\0\0\0\0\0\0\0\0\0\0\0\0\0\0\0\0\0\0\0\0\0\0\0\0\0\0\0\0\0\0\0\0\0\0\0\0\0\0\0\0\0\0\0\0\0\0\0\0\0\0\0\0\0\0\0\0\0\0\0\0\0\0\0\0\0\0\0\0\0\0\0\0\0\0\0\0\0\0\0\0\0\0\0\0\0\0\0\0\0\0\0\0\0\0\0\0\0\0\0\0\0\0\0\0\0\0\0\0\0\0\0\0\0\0\0\0\0\0\0\0\0\0\0\0\0\0\0\0\0\0\0\0\0\0\0\0\0\0\0\0\0\0\0\0\0\0\0\0\0\0\0\0\0\0\0\0\0\0\0\0\0\0\0\0\0\0\0\0\0\0\0\0\0\0\0\0\0\0\0\0\0\0\0\0\0\0\0\0\0\0\0\0\0\0\0\0\0\0\0\0\0\0\0\0\0\0\0\0\0\0\0\0\0\0\0\0\0\0\0\0\0\0\0\0\0\0\0\0\0\0\0\0\0\0\0\0\0\0\0\0\0\0\0\0\0\0\0\0\0\0\0\0\0\0\0\0\0\0\0\0\0\0\0\0\0\0\0\0\0\0\0\0\0\0\0\0\0\0\0\0\0\0\0\0\0\0\0\0\0\0\0\0\0\0\0\0\0\0\0\0\0\0\0\0\0\0\0\0\0\0\0\0\0\0\0\0\0\0\0\0\0\0\0\0\0\0\0\0\0\0\0\0\0\0\0\0\0\0\0\0\0\0\0\0\0\0\0\0\0\0\0\0\0\0\0\0\0\0\0\0\0\0\0\0\0\0\0\0\0\0\0\0\0\0\0\0\0\0\0\0\0\0\0\0\0\0\0\0\0\0\0\0\0\0\0\0\0\0\0\0\0\0\0\0\0\0\0\0\0\0\0\0\0\0\0\0\0\0\0\0\0\0\0\0\0\0\0\0\0\0\0\0\0\0\0\0\0\0\0\0\0\0\0\0\0\0\0\0\0\0\0\0\0\0\0\0\0\0\0\0\0\0\0\0\0\0\0\0\0\0\0\0\0\0\0\0\0\0\0\0\0\0\0\0\0\0\0\0\0\0\0\0\0\0\0\0\0\0\0\0\0\0\0\0\0\0\0\0\0\0\0\0\0\0\0\0\0\0\0\0\0\0\0\0\0\0\0\0\0\0\0\0\0\0\0\0\0\0\0\0\0\0\0\0\0\0\0\0\0\0\0\0\0\0\0\0\0\0\0\0\0\0\0\0\0\0\0\0\0\0\0\0\0\0\0\0\0\0\0\0\0\0\0\0\0\0\0\0\0\0\0\0\0\0\0\0\0\0\0\0\0\0\0\0\0\0\0\0\0\0Marcos Dósea\0\0\0\0\0\0\0\0\0\0\0\0\0\0\0\0\0\015\0\0\0\0\0\015\0\0\0\0\0\0\0\0\0\0\0\0\0\0\0\0\0\0\0\0\0\0\0\0\0\0\0\0\0\0\0\0\0\0\0\0\0\0\0\0\0\0\0\0\0\0\0\0\0\0\0\0\0\0\0\0\0\0\0\0\0\0\0\0\0\0\0\0\0\0\0\0\0\0\0\0\0\0\0\0\0\0\0\0\0\0\0\0\0\0\0\0\0\0\0\0\0\0\0\0\0\0\0\0\0\0\0\0\0\0\0\0\0\0\0\0\0\0\0\0\0\0\0\0\0\0\0\0\0\0\0\0\0\0\0\0\0\0\0\0\0\0\0\0\0\0\0\0\0\0\0\0\0\0\0\0\0\0\0\0\0\0\0\0\0\0\0\0\0\0\0\0\0\0\0\0\0\0\0\0\0\0\0\0\0\0\0\0\0\0\0\0\0\0\0\0\0\0\0\0\0\0\0\0\0\0\0\0\0\0\0\0\0\0\0\0\0\0\0\0\0\0\0\0\0\0\0\0\0\0\0\0\0\0\0\0\0\0\0\0\0\0\0\0\0\0\0\0\0\0\0\0\0\0\0\0\0\0\0\0\0\0\0\0\0\0\0\0\0\0\0\0\0\0\0\0\0\0\0\0\0\0\0\0\0\0\0\0\0\0\0\0\0\0\0\0\0\0\0\0\0\0\0\0\0\0\0\0\0\0\0\0\0\0\0\0\0\0\0\0\0\0\0\0\0\0\0\0\0\0\0\0\0\0\0\0\0\0\0\0\0\0\0\0\0\0\0\0\0\0\0\0\0\0\0\0\0\0\0\0\0\0\0\0\0\0\0\0\0\0\0\0\0\0\0\0\0\0\0\0\0\0\0\0\0\0\0\0\0\0\0\0\0\0\0\0\0\0\0\0\0\0\0\0\0\0\0\0\0\0\0\0\0\0\0\0\0\0\0\0\0\0\0\0\0\0\0\0\0\0\0\0\0\0\0\0\0\0\0\0\0\0\0\0\0\0\0\0\0\0\0\0\0\0\0\0\0\0\0\0\0\0\0\0\0\0\0\0\0\0\0\0\0\0\0\0\0\0\0\0\0\0\0\0\0\0\0\0\0\0\0\0\0\0\0\0\0\0\0\0\0\0\0\0\0\0\0\0\0\0\0\0\0\0\0\0\0\0\0\0\0\0\0\0\0\0\0\0\0\0\0\0\0\0\0\0\0\0\0\0\0\0\0\0\0\0\0\0\0\0\0\0\0\0\0\0\0\0\0\0\0\0\0\0\0\0\0\0\0\0\0\0\0\0\0\0\0\0\0\0\0\0\0\0\0\0\0\0\0\0\0\0\0\0\0\0\0\0\0\0\0\0\0\0\0\0\0\0\0\0\0\0\0\0\0\0\0\0\0\0\0\0\0\0\0\0\0\0\0\0\0\0\0\0\0\0\0\0\0\0\0\0\0\0\0\0\0\0\0\0\0\0\0\0\0\0\0\0\0\0\0\0\0\0\0\0\0\0\0\0\0\0\0\0\0\0\0\0\0\0\0\0\0\0\0\0\0\0\0\0\0\0\0\0\0\0\0\0\0\0\0\0\0\0\0\0\0\0\0\0\0\0\0\0\0\0\0\0\0\0\0\0\0\0\0\0\0\0\0\0\0\0\0\0\0\0\0\0\0\0\0\0\0\0\0\0\0\0\0\0\0\0\0\0\0\0\0\0\0\0\0\0\0\0\0\0\0\0\0\0\0\0\0\0\0\0\0\0\0\0\0\0\0\0\0\0\0\0\0\0\0\0\0\0\0\0\0\0\0\0\0\0\0\0\0\0\0\0\0\0\0\0\0\0\0\0\0\0\0\0\0\0\0\0\0\0\0\0\0\0\0\0\0\0\0\0\0\0\0\0\0\0\0\0\0\0\0\0\0\0\0\0\0\0\0\0\0\0\0\0\0\0\0\0\0\0\0\0\0\0\0\0\0\0\0\0\0\0\0\0\0\0\0\0\0\0\0\0\0\0\0\0\0\0\0\0\0\0\0\0\0\0\0\0\0\0\0\0\0\0\0\0\0\0\0\0\0\0\0\0\0\0\0\0\0\0\0\0\0\0\0\0\0\0\0\0\0\0\0\0\0\0\0\0\0\0\0\0\0\0\0\0\0\0\0\0\0\0\0\0\0\0\0\0\0\0\0\0\0\0\0\0\0\0\0\0\0\0\0\0\0\0\0\0\0\0\0\0\0\0\0\0\0\0\0\0\0\0\0\0\0\0\0\0\0\0\0\0\0\0\0\0\0\0\0\0\0\0\0\0\0\0\0\0\0\0\0\0\0\0\0\0\0\0\0\0\0\0\0\0\0\0\0\0\0\0\0\0\0\0\0\0\0\0\0\0\0\0\0\0\0\0\0\0\0\0\0\0\0\0\0\0\0\0\0\0\0\0\0\0\0\0\0\0\0\0\0\0\0\0\0\0\0\0\0\0\0\0\0\0\0\0\0\0\0\0\0\0\0\0\0\0\0\0\0\0\0\0\0\0\0\0\0\0\0\0\0\0\0\0\0\0\0\0\0\0\0\0\0\0\0\0\0\0\0\0\0\0\0\0\0\0\0\0\0\0\0\0\0\0\0\0\0\0\0\0\0\0\0\0\0\0\0\0\0\0\0\0\0\0\0\0\0\0\0\0\0\0\0\0\0\0\0\0\0\0\0\0\0\0\0\0\0\0\0\0\0\0\0\0\0\0\0\0\0\0\0\0\0\0\0\0\0\0\0\0\0\0\0\0\0\0\0\0\0\0\0\0\0\0\0\0\0\0\0\0\0\0\0\0\0\0\0\0\0\0\0\0\0\0\0\0\0\0\0\0\0\0\0\0\0\0\0\0\0\0\0\0\0\0\0\0\0\0\0\0\0\0\0\0\0\0\0\0\0\0\0\0\0\0\0\0\0\0\0\0\0\0\0\0\0\0\0\0\0\0\0\0\0\0\0\0\0\0\0\0\0\0\0\0\0\0\0\0\0\0\0\0\0\0\0\0\0\0\0\0\0\0\0\0\0\0\0\0\0\0\0\0\0\0\0\0\0\0\0\0\0\0\0\0\0\0\0\0\0\0\0\0\0\0\0\0\0\0\0\0\0\0\0\0\0\0\0\0\0\0\0\0\0\0\0\0\0\0\0\0\0\0\0\0\0\0\0\0\0\0\0\0\0\0\0\0\0\0\0\0\0\0\0\0\0\0\0\0\0\0\0\0\0\0\0\0\0\0\0\0\0\0\0\0\0\0\0\0\0\0\0\0\0\0\0\0\0\0\0\0\0\0\0\0\0\0\0\0\0\0\0\0\0\0\0\0\0\0\0\0\0\0\0\0\0\0\0\0\0\0\0\0\0\0\0\0\0\0\0\0\0\0\0\0\0\0\0\0\0\0\0\0\0\0\0\0\0\0\0\0\0\0\0\0\0\0\0\0\0\0\0\0\0\0\0\0\0\0\0\0\0\0\0\0\0\0\0\0\0\0\0\0\0\0\0\0\0\0\0\0\0\0\0\0\0\0\0\0\0\0\0\0\0\0\0\0\0\0\0\0\0\0\0\0\0\0\0\0\0\0\0\0\0\0\0\0\0\0\0\0\0\0\0\0\0\0\0\0\0\0\0\0\0\0\0\0\0\0\0\0\0\0\0\0\0\0\0\0\0\0\0\0\0\0\0\0\0\0\0\0\0\0\0\0\0\0\0\0\0\0\0\0\0\0\0\0\0\0\0\0\0\0\0\0\0\0\0\0\0\0\0\0\0\0\0\0\0\0\0\0\0\0\0\0\0\0\0\0\0\0\0\0\0\0\0\0\0\0\0\0\0\0\0\0\0\0\0\0\0\0\0\0\0\0\0\0\0\0\0\0\0\0\0\0\0\0\0\0\0\0\0\0\0\0\0\0\0\0\0\0\0\0\0\0\0\0\0\0\0\0\0\0\0\0\0\0\0\0\0\0\0\0\0\0\0\0\0\0\0\0\0\0\0\0\0\0\0\0\0\0\0\0\0\0\0\0\0\0\0\0\0\0\0\0\0\0\0\0\0\0\0\0\0\0\0\0\0\0\0\0\0\0\0\0\0\0\0\0\0\0\0\0\0\0\0\0\0\0\0\0\0\0\0\0\0\0\0\0\0\0\0\0\0\0\0\0\0\0\0\0\0\0\0\0\0\0\0\0\0\0\0\0\0\0\0\0\0\0\0\0\0\0\0\0\0\0\0\0\0\0\0\0\0\0\0\0\0\0\0\0\0\0\0\0\0\0\0\0\0\0\0\0\0\0\0\0\0\0\0\0\0\0\0\0\0\0\0\0\0\0\0\0\0\0\0\0\0\0\0\0\0\0\0\0\0\0\0\0\0\0\0\0\0\0\0\0\0\0\0\0\0\0\0\0\0\0\0\0\0\0\0\0\0\0\0\0\0\0\0\0\0\0\0\0\0\0\0\0\0\0\0\0\0\0\0\0\0\0\0\0\0\0\0\0\0\0\0\0\0\0\0\0\0\0\0\0\0\0\0\0\0\0\0\0\0\0\0\0\0\0\0\0\0\0\0\0\0\0\0\0\0\0\0\0\0\0\0\0\0\0\0\0\0\0\0\0\0\0\0\0\0\0\0\0\0\0\0\0\0\0\0\02013:06:17 19:34:21\02013:06:17 19:34:21\0\0\0M\0a\0r\0c\0o\0s\0 \0D\0\0s\0e\0a\0\0\0 http://ns.adobe.com/xap/1.0/\0<?xpacket begin=\'﻿\' id=\'W5M0MpCehiHzreSzNTczkc9d\'?>\r\n<x:xmpmeta xmlns:x=\"adobe:ns:meta/\"><rdf:RDF xmlns:rdf=\"http://www.w3.org/1999/02/22-rdf-syntax-ns#\"><rdf:Description rdf:about=\"uuid:faf5bdd5-ba3d-11da-ad31-d33d75182f1b\" xmlns:dc=\"http://purl.org/dc/elements/1.1/\"/><rdf:Description rdf:about=\"uuid:faf5bdd5-ba3d-11da-ad31-d33d75182f1b\" xmlns:xmp=\"http://ns.adobe.com/xap/1.0/\"><xmp:CreateDate>2013-06-17T19:34:21.147</xmp:CreateDate></rdf:Description><rdf:Description rdf:about=\"uuid:faf5bdd5-ba3d-11da-ad31-d33d75182f1b\" xmlns:dc=\"http://purl.org/dc/elements/1.1/\"><dc:creator><rdf:Seq xmlns:rdf=\"http://www.w3.org/1999/02/22-rdf-syntax-ns#\"><rdf:li>Marcos Dósea</rdf:li></rdf:Seq>\r\n			</dc:creator></rdf:Description></rdf:RDF></x:xmpmeta>\r\n                                                                                                    \n                                                                                                    \n                                                                                                    \n                                                                                                    \n                                                                                                    \n                                                                                                    \n                                                                                                    \n                                                                                                    \n                                                                                                    \n                                                                                                    \n                                                                                                    \n                                                                                                    \n                                                                                                    \n                                                                                                    \n                                                                                                    \n                                                                                                    \n                                                                                                    \n                                                                                                    \n                                                                                                    \n                                                                                                    \n                            <?xpacket end=\'w\'?>\0C\0\n\n		\n\Z\'!%\".\"%()+,+\Z /3/*2\'*+*\0C\n	\n***************************************************\0\"\0\0\0\0\0\0\0\0\0\0\0\0	\n\0\0\0\0}\0!1AQa\"q2#BR$3br	\n\Z%&\'()*456789:CDEFGHIJSTUVWXYZcdefghijstuvwxyz\0\0\0\0\0\0\0\0	\n\0\0\0w\0!1AQaq\"2B	#3Rbr\n$4%\Z&\'()*56789:CDEFGHIJSTUVWXYZcdefghijstuvwxyz\0\0\0?\0>%teلrӏ*6߷7OZv(\Z?pm`\0+Ρw]yEͼ7\Z˖=7r+|3cW+q\0>+JЋh9\0+CتOڐXz˹^c)\0A9]L4VI3jd\r5.Q+؃~d]qUg\0W\nO4$ֈټωaI#դcxxP-<m#%~\0UneHP<)؆_~\\ϹH_.SI5#xy0bȫ{qn,jdU#o+^\04EB~#xbE֝`\0+*95<3n`9ԙ6:C\'`\0#oʓ_)tܥ`~?ry*ڦm:>IlΚQOsec?\"\0|VM\0	k2FJ}\0U{3yqj\\=Mc}QO~Jr{F+dzP׈g]c1Cr_x@oE\'+ɯeh1\';}ԼŤ\\*9W\\M4#\'7?E2:<b\\1u\0+XC)19=*`K=\nXV6mks~2זSC#ahNv)o^4iocbib}0*C\"A֟Nf\n\"Lc\05;jڢC.uVb+qc>\0-piީ$jizuv%	I%;\\zTVi쯱:B<RFoQ|jZf[o)P\05Xk>\'oYld!r\0vGO{ȯ. Y\na⫛Kҳ5<Omʋ?%kQ5gٴA	Ͽܮ{eΡ]O1h\nŎG]6ʐ-Qj.OSWBzM ե%OV]joΥ:?-[~\0e\Z#na&\Z*pgaT\\}~Zouy*\'i6DQ%ܻ0̥pFJCK\0@c\0@O?dҙ4Nk3qOsX>8i.G<}yrM\\b:+8]ZI{\0UDW(<\0Wq62rqCZr#X\\,:\\Jt\0\0N\0n;$O<?\Z4KP^\0UI>8nW]\n}>\0^m6ēU$e$K㯏O\0|z_%o\00hl\'_#o\0(n<B1\0^6\0nA!)f9jnrg\0\0C\0\07N_3k\0ە\06_\ZkXʧ\Z\\L/o\0n6\0nLs/\0umm ^ph<|Aqx\0$\0]P$I=-\0 EIZ=?6$n\05O\\IejT+`\'ZcҵY/ade?Jd	>M{1H\0Si\r\'E#\05g^$ҭuDH8tV=mߺHTH÷SYD1k\Z̓S,TEQ]{]ʷfFڰń\0*i-.U&sZl\"UT288W:YMKQc8? uFEJ-#n#LQƧvi\ZL-kIYdͰORޜjMs\0Vm*1Dp{in[ˁ$\ZtVySA<UىX[HդeE\0S%|En%Q\\%+x\'zx#s$u(ŪBe\Zɭ\ruʼ\0Qs(d@\0SQ]~MXU9=iݓ~\rJk2[jS<$g?g꺼6xd\0jZAcX\0m]\rﺇ<Qv!{xZf	8r5Ox˅֜h!\0+eۣE\\ŕT\\W#ڥܵbŢd:\0ZÑ\0RxkY\'2ĭV1#ԍU9Dxe``GO|vwkEh*y*9j)5/1\'S\\\\\n}vQcm6%\0\0OTo.u	fx$X$$$Dc`-1wg|6Fc5`$lJƚ̎&D1%7QJÔa#jYtŔF))ѹv\\\0i#Ɉc=RRpPL̷2\0Q|\0JՌ$M,N7_Zr]C(#zy\0oVgiNؘAl(&,ȁA&rdҪɮHwlJpq?R\'iso	9]%[j\ZxS0E`jF1Ny\rSZ#nqnFfﺣQT>+m~[2Dwt\0KxAmxAQ^5@|J:UWv^\"\ryq~+>v;ee1RG<R$!Xې-ЀIgdR։0z>xޅD\\`TrzG;VNߢʿ\'9VVǕgnM]LPƠ\r$knnMa9!k]v~b\0$a:g\"sQƑNy$2N)DċlL/NjվPth9kdȒCovr*W*\0>ܒ(m*=z\nIHyOҶ#RJXVrSVe+ƻzϴ@a*1V(}d}k;]M)(bz].m;0:qX~$Ta@jS`W`\\ˀqntc+<&,hvk,KxXwK	lZX	u<򱑊Q@A\\ %HQk˓UHu\08^Mk}RXu!_nz-1\0Vt?fkɀ*~zܗ2FܑEIfFqr95\"/(]UAW{IdDFӒު_[5FeSƦQQ tji`6!chCg\ZwXwAE\\bN*8h#\r5&u.6,n.1@<}Zl5^UȰ/kp}wŮ\02ܩxHohV&oޫɟ[Az%PqRՠQ)f\0qD\\1Bp\0¸߈~(]L6I\'<zJVio>Y93_9x^].f>ca?uAV,=|\'Z7j9ڽk*bզ6RN+T2ܚ˸f$fI6ֆbGf<,Iy[\0VnV.0l*\Z|tVм00zNU2N+Ut;_J$WOc]]mc\0 Hp͝*QVߙqZxAy-\rU@Lӑx?Σ>\0Bħ#Be/-ejЩ1\'7LJv3૫0^4$sW(JRU*r\0MD;^g/ŻZGTZ38yr:UYH`x &\njǵ|\r:֐GuF8\néd]Yn{y*[XvA\'$⾔88}áN_iU8QjFf~fºeがVmٳqV8QI=qKEZRr\0YLvb;`q\\o#ڍܱhH!1K6jʑc>-m>6;9Aʲ&[)\"%x%jH1!\n:@[ҔSQ?Uz)\\ -- I73`)YojX&VL	UTyyѡfs,+&GCҲmBY׆9.ZmG;1n8R2S^P;c֓E&swK\nhd;qzO4Vu(\"wIwFJxdI7G\"/odHV<Ոl&R]1{V֔mIg_\r0c2LǊFNy-PU{n$aJڷj,GDjhGHJ\"$(lFM5Ĩ\rn|ޝN[/5儑8PΫ[ʾEć>]lɧ5ħ[?4B=]o&đio`KYY]PR\\:niD?JAgqq!^J2qҝs\rYV7dZu*ûUt#)oҦvi$\'ju4> Y1;o-{\0bnYhsh[\0GtN;W,q5?,r38O*nTҰa1E<f9틫^\0].g%|ܔǥtBraa֢+3A[k܈ȱ۽B|:c\']	\'l)!U F6\nN8WȵDnv&\rQ>eJF3=ޤd犥콸\n,pkh}]${\\Vr\r85W!&ZbSMYI>C!YOrG47#gMUx+E6<3\'Uҳ\0e5+1Y˻7jo+9z\rJ=ͨw\\;BR(l\\$1*]55NRc+\\96h\"iVgHTsi\"57G})U=ܤ\"o_\"XYYZfGٜ7\ZSwPi,qH\0y7VﴈV_E6gWΝj%7qi٤$|?ZY\\<I`y	&ZbQY\\jv62wmgM<3R[٥2?<ImyU;}{VPI,wk5q!`lt`Ijڟf\"xV;J\0t^gJo5V?>:z1ݬ *>:K,>c&y?XI PX}D鳞)ך}\0q	Uz\n%\0/Cvб<fK%xm:]Hj=(}nk_\\7X\"zs?0kǊd=jƋBi4VGnsYV4nؽĀ*k<;cvp~J+0B3;*i#;G1*>٤J\0\0\n};`\nqYGSbUP<h~ƫVTFϵ	zT|5,)Ȧ4.M9/-R\rg2)?*\ZVR}j{PS_#qGL֝ee\"TV-A֧iњ0rʚyJd7GxHRsƚ*j6BhQ&30Q+˪{G\0`2R{?^JPGu+*ͨMJCν\"{VUS#MaV6l2ʏ4bFS @Pw9#,qn\'ޝ,H:qٓ?SQJ-c}+^+ic,3U,gVeݥbf]NyB\n,Q !ZF4i\nT^zJ?2F\0sb	cMrOCSwqj?;N*1^xdېH*>i#I$Qy|4߳͹({=.qmo=\rZ{kx]cZE,Q\'㟥WaryXѴ3Fmf/.䕤 =][U\'9FTPasܑS39Nm\rXF7/2u^)~Ujg{%QHU/\n.4Fܷe&s&ysZ}g[HYjr]:YR\"7Eެ]_+=;CFFATU-n@3Geqګ,\ZNB->@LX\0@k\Z_FV3VO5pZ)\"lI1D0\ZmŻb5a UkJO=kʬ_<^\\;X)i۽U{F]Unbֳ5I;Wշ)cV*4u]]%Z+}E\'eTՍlM}e;#)I<gyWX$CzW|v|4wן[BVLz\Zk4\\1ޓc;@ҡR;п2hW!ɬdE&5&KZS<\\5g,גK*~(Fv$*e2|zAR=FI)7nQj.D3	<,Cg@^+[+J:L$}XSIw5.$t,>n\ZxVLI2ќ] fdwQ>w\0U6ep?y}Ed(Dd(9loeB#BŔՉdD7\"WH2=kG>#L4Ŷ(m p.\ZVlhPUꍪ}^-~x u,HEMOBS%1 1S-q6B2 8u=Op}(nEzFvqeD2MG-\"cB>⌚wy $V\r\r\\um%(H70S_Zg[FZ!\nX}e]3LݳkB$kڹK/-ԟgHn=^igP\\bGȧ\0a@uZWq~1Y1C,Wrd`y_f~(򿴮|\\9NH} ]F\\U&D0qkXdk{0pu*IzbaTIZNܬ%a5g$x%QxM$:bZFK3<=ҫZ=OҪ\"<@O¾wb\Zmwd\0/xdp=j\0^<3g9^A=krqVozE*%+ E[)lʒ1.d[Cq]wVe g𞀖6湪H\r.t~3 Z5=G[jEfOsVcrVt#6٘FϑEtp<QҲT&bȮ<X\"ҵm2W\\dnIOD2orvM2HJq_(w(CҨj4ɽls~JxN8&IßzXJ3r1n;U#;S`cRhʃQ!׷[ĎCe`G+t-v.nO3V>i,BNQt5tQ{A;K5%	=kmQn\"V2xM2V59[\rŴJJ	kJW-ާ8 D%(wTT#ݪGr2xY:p=R[ra~ciHlcEXG^Ԥ2]%M/9Gڜ+,$7!GozHԝ85MmYKٸJ9IByq\n4`)^MH<gL\"Ǫ\"4V嫐[Ec+1KVG\rrHGݨ;9R.f^E$q3/SLday q>tuS5%vRPfF*ކFicbkF+vk&^뚦]	:dTYEo\ZFY!UOM6X㠬	m\0K\'NTe\r2Ď\0?:|\"څ䰉IsTbX\"vIKl}{}u*,lX H՛m=/4錊Ug-Zƍۖ8?{ҬHѾ>n1Kf<flڥiaqQqOgo\",#em*nx}4D`$*r_W`o*TqUbnAKJ\0UG1cC^]ڑ	WZˍ񷁏J¼$kT{+Ťn۸ٮ_KvpCYZY\ZA%~\0RYhx\niMgM8-}yޗ*;ɜmTA=\\1@\"g^x\\@8$	HF2N*g;ېJt`eyb\"-A hrqɚ#U jW$~,%;4\rh+\0yi}&)/ejX]=3Sq!?*u&@%(-Dm<c*}tLۇ)=!\0YM6TUqy#Ӻ\\qtc=r+\"ֲm۽Mr:o{#\n5%̐hscfʣ2+8\\WMpAءW+XC/W!iA+\0ݲPGMb=|3^2\'V[k0ܾnE\\Nv֟c}\'X}q&ԎgFSIM7**\rE5{hcI(rq]d\\ExJjK\"g\n2k70m[8DTUkN4[P7<\n˴)ybGv\0t{Ս;úZ\nh>b=]\Z\Z=j4UGW.<?\rՊnGSH4tj95$f+,i6LFl<%a]ĝNvE>\"(^.AU+fڷ\r^XsZ#9[oQ,ǵ%o}5cSL\\HYcs!^Ľ@pnW$YVr;0\\#\0=N\r|]^9Wcg󯮵yo[\ZBzlW>>4_ZM*4HO]NA@)$i,/Z&{Q-\r#oIEr\n85N!fMu\\%3Es9YܗE\0	@:I	RqY:>-aq]f-2]YYcdf䚚=;\\3\0lM8k˱rǜW_nk7?Ar6vzhʏQ\\~h%,mQx-&1^սCnQ##^-It&\'z3DAW퉗&GcTmO?k6ldoYRIWE\\l 9xyYWE-~]*l47PEf/8Fs\\牵c-11&{KgڨZ*hd+jż\0ֱeV\n*c+H;<рq\rnE0qWXYͦH7dʎ&\Z,3T^DTN7`W!F~I]*rzkXZ*閾Jmǯ5vD%;֌p3I6qaI,yɒ?\Z2IŤh%FSjX#r(u)\0$v3fSqXuXalmݎ]2r窟YXkwk|zdP7VU*xc6~սZGi##XH@%\ny\ryqRըPqZDTX-ST8`Ҫ!Iʯ<ca /oJض$<m8\'ެ[ZAll#%A\'7cAzFW7n{P\"Eg$H\r?*y.x9jq!)\'Wlz9\'֦k#QQQΌ\Z5ù~5Ԁ#\r!b+dv8ٓ|lMz|⴦`){}}jYmm}I\rh*nBugdN03(ڰ0cX}jg/:\r*v.ua*lUʰ3\nֵ	[c9V J@+6uW\'rqR+}WĻ0jKQ{$քKp\0Nx]گBآܟ5~\\U8\'?1E*XJ 6T=sX:\\ tFɔ.\0Ymd4\"iOsi+Eqg;\rOi[3o\0r5--/IpAR)31Ω--WU?CB]O g\0ꫂV߭z\'S[\\έ\ne\\qYO4GF\r&PT-<Tw \'>(K`aڭlSvcNO2+haQq5q|dԚϙ0p{֨puF&uXRCzV}s\"z	y6%veI3&ޢԀ~rsO(G{k<ɭ[(Z,=\0:IAR{֫q4T88cme$uV#N+no\"#:9r7ZܚUL2du,QK;h0f? 8mIhaQ>-/$6.vEƓk]\r-JH$䯵h؋g,ǯRb;Mǖxcɼq,Ke,*l\\p77]&i,3ZFW	Bڌ=nj4AcҺIIh|!\nH	>ˈ$obBg;Ei<2A372Hz[\'414x&eٌ\'V\0bʣx5m8JP(pa]K#6\0V7Ad\0n+FM\nsEW{4[qm[Q>wi6J\"T,0p*ְET:.UE^6{pRF7cMKgHt.9k3:/D_g\\S]qsճڞE4<QsR>0\'\n}fuG~*+daw\'^Q|HcDIm%N[Cf`~i&-˂.ִFvIB{Em5=t)%Tc-ɹWR֭\02IQs&Z2xN7o4G̛}*-`0n<[a8VmVݣ,$GlMhgk	1 V9E|W]v_a^6wA=1MȅN$	$t=>yu1$H{Λ uyEufIǵflji`\0GҲ<ET\rt:{\rV$﹇J-h{oIe܊质-bOI!Nwzmu+=+jgz^.\\5\Zx\0ÒsmyƑ~ps<biW^cx0`ijٚD|~bl #}\"{?QnhԜס[7q4Tj[cyM93{柩NQXqyg{Oҡjpmn,I-,a;\0BzM+uUm헙?vfE{	e+1#NI+7瞴j1\n<!-W1E8Հ&A9֬3-o#5+1[&P,IʏJ]3vsX!\'ڃj4-nusyasҫX,\r\'zh-o,CC\'U[Xsic6\Z 23VY޵JZFdrX`5Ksxj͇@\\UKYI	HGLy>A銧quyebŚ\Z-\'vs2aOhݜ<s,H.TáQac+bg1=rZ2\n_2 \Z3aZi[T]]IXz\"VMLe*̻G@*}5|ǦҨL:\00W\'))Ug)~kt;>XH7Nuc1F.A䏭XSD\0tj95PX;#a9h宣(HNcΠ *3TxD\"Mr^lp1mՋ]Ʊ\0Y$#8R~a 8EV9+M]1>@V!cmG\\V^P!hH.C3獊CCL-%U*Sn6T2i\"Ā}kZشhrzRG=UmRMom;`EY\n\0oj2@OJ)dKwgnmny؉L7=^:8*Caw=랧kc\\+=zkiʭ/\0z~|KHP%܂MߺҳzoQr&v`etyr\r[X[eɬ&EZh*6mBF#{YJtqN`.G[3#Sc<Yi>2gKP:VElXdmi\r\'9A5i!HwZi#֭C/m#;oQ<0 cuݱㅰ\niV[#0Cz[S*wX^Ijm^($pA$/Zde_D_*x]u@_.:\"?1[SzTZz`s9Xʰ~p=k7\"Ȉ`!Wfٴ}]@Tf=xúa`osVt#oV*^Gñ<!2\';[UQ8\0\\իi!fLenYX٘#j|1IvIa1$]G+ܰVYYTx=E\\D}y`dX-횄[\0X)9Ǡ[`O{ۨpT\0Raowq\Z.f\\Za0nzUp~CҫV 8bOZ6o1dϥNEU\n]xzfdy\\J\'[!<2;ŜyE2UMTl\0|Urp#ҠY<H*[9=7{-7ʆR\0.{zsڵm\r,qY].:wnz5;?2TU@X\n95f8FKu\'4Ѳ(.dS1\0x[NYx5tZͼv0j[h2ZgtF8AaMɭhK9U	UV\Z1RCyfꀍ6Ius~vث\"O]޵3;XW@Ws*y֭҉ONU3m\nɸі<vcSZ=+C 8],d!qUBicg_-\\XMn^HbV0r}KxbOm7٦\"qWV9`\0Ɯ-C}XsAÚH+BxDQj[C#ݢO/j~<vN#b|Yo%=6EomYjfZ[;1<5%֕ޯ].xHʹYrjepDr\">LMR>Qֵ\"XBUM= B#O5ܜUWDɎC`^цr8;әID,\r͓d\Z=w\0>SPDP|ڷ.\'3HD\nGUu}5Z,@(?Re-LX<I%g!#kI5GV<Y\Zos0>W8~M	SqVIJ\n][g*).LMG;edBf$d7_<7\\v@MNT8ޤW/f#P/HTLTqk9BouK΀|	Ֆ<=IE-{ެC/s\"]G,\\<@݁TWwrˇE!q\"bB9o\0K<n_֤1\\\\I q}ɐ8+]hE1g/zDR\rXy\\\\,8lt]#yWCҲZQJPL2s\\էhc(f7@#Ui;V)ynv)]ީ],$\0*iȮR\\ogp\\~Շea9\'DȮ$;jKz/qYe6x>¨ϯ\'ټ9TPw;T_ԊcEq~T5Æ+`w;Eous+;\Z7\05\n`cMz?Ơ\0zA;c;ߏO&\n61U|D ,N6Yfi]}e%dZ2W-jc\'#&>k1!vXp5+q4c33sXfQF95*}tmj2Eʾ>QJn.B|\rֺinY.:\ZfyK2d0EY)l\nݴ,&Yz\ZR=>\'`	Uj:m\0uF #]=\rq,èe23~o1R1\\m\"HY\\`<n*\0}+[s|Bl5_DPeL{\n£}6(\\͍=q9\nN@Vb<g\0cҮIo7θ,x$>W\r2O} `e<yk#BT3uu@5i4mH?´D3q$jv#hBl{Ʒט}N\\I/{uh!\rr\\v48C(#Ң UV님ᅥv!G3u*[yt6X{(mqX-I1XQ{k/~Y@v.{VUSՍ:K~R{[<_<,hw~d(0OjIX0yǎEiPdDڹVEgYNqU;Y;z#8Gֈ͚܍9]>lvgUM6cwD5w,T\0a\\ޡI߽,{`=je-+R{r1HN޲kK}ϑִ#F[`8\\[rߙ$vN\0Xw:85GDN]DV}Ψ2Z.⹝[Whj>10FUsZ]x9\"v\\JɵMZ1^i[qLjHK{X-5DP\0\0b¸H!i$ddՕ\'ҰooRRNjPׁBS@?ZnD(\Z<{2#ǥW<@n1.TVeYJR4;c-P7 It>Qfrҵ\r\0Y\r,T]$PFo({TqEjiʾ5jcSDzZ9@*;ֺK]\\ncSHg1Z2C+M0\0U.maEBq%kly!k]Gi6m9dºd!p]XqY\rH؎ka\0}A}bu,oEp\'XΑ@3)&-{jhHqa@?j1d0-`ywr>5Q;|#r2ʭu7Ed|{\n\0iEp q	CmVmB/-(_zݘƒ|clawjH.i}JC0	Or=).B/GBZΑ7,`cަ*	$:&O5b-vmX^;y|-ދp#Yr\Z/uVw-qd;mErAbzȫnv2Ա[YA\n>\\փ3\"K|Rqެy\0Dv#jLS6C*NjfHyVNO%c_&[/n!xOu=imXa?p\ZM?DTIhjE0Ba7}m+Z	gj0\rbVU]fVUH72Բ#UWEۤ,Liջqu@\n7d$Bdiʀn2F٫\'۵w@b[;lS=Oқ0my̑NނZ.2j1z@W9;G6/дx-ZQH${¶kz\0qÉ^?-=;Y|h|<3\0iW$dWgO3U}?p<=O 5HB(<Wy`XTߒ\"Y#*7QF\rԞ1VfuV݆j)<pd\nȸ;-fKu$sN8>yvnI/Q˂*g2\'ÇT+xS|z7hSc@2~OD\\q@&BbG^)nXPd|Զ\rGU\r+6lց\"~ujO^|Z7ʓb؜rIǥĖ06xJDggk\'H|Zj<F,ڪM[|}O\r\'xs]G-MحDVLch*pZCm!vycآ-({zi\'yomۈ*?/~j\\ÔD\ro\\=y0i_`+M6l,2̤e%JH.H$\'kFi>D=xJ{yg&V/\ri> !	c{ҭK.=KC}S^\'uI#)p@P\ry39mqNx.فP3ZZZ\ZiGHAUuBaUh\nXrҴXLlR ɷU7n>$d8M[zVsjsY5nxQIkNI߀F8vݖK{tI\"2< ka<ҥGRSiIe\'\'?ҭcŪF0sMMkv#J@$T2F@R3QȊIQ>(4Xf^[鸗RuR]=znBΑosu$X7 \ry>*j\Z[X\raO\Z^.d[[+pfWvt:B_Pr+}\"ugC`w7c\rW)wx!qj޽+eS*\0{xysu4K:>D(ϜZ=1ɷ( *xWfvŰ\"{^}4Fh`dɌTgֹ\rkNyX4 q78=A5 r-U.JldEI#[zH~mIo:v,	5ehK[P@H˝ܷ\ZtqJ\0Ѻ^mLe%t~gERc26.g#5~w%sv~WP1+S\nӺ;_{xC*qsQd|LH)`y,ppWRzd/QCT\0g0M!_`SZj¯C1TX؆bl8R>~0i3%\\Zu7\'ֺ(~ƫ)ExaCCiif+k;\\˟,S9?RnvT\0Zl+:RFNM\0BD~f摃Jt6QC\"ϟΛIdhwIC&\0#g1\rK1bxRvޤyKH\r:Ȗ\'Hd1\\K11%N3zx@i1فZ}h\Z\"*F<Nggu\\p~֢>ӨC#t6؉o1OmFj7:wwWPKRڶ6j\"M]QY:ڳߑGzUZfGbe?f$^PURi\rҢnOjz]0˸kYj*|I7G=Dь۝6EC\"q6r9ZY\ZDS*On~hTR[0{H#@*ⶻ{9b)}GM4o߻fmKv\0Hhެ|Dc.rWn9NTh4[$uG=s]<LLye9Uˬs_bi7	Bstv6~\ZE{$j]9/..2j6miڕ\ni$\"oīN +eU?))ʤe̅sCKpH%a\"ne,95l*[ܡǏ>c,9ڼ-Tڪ6dKC6){-xU]uK[zs-v2{,\rWʫ!G_5j͓Yp^7|vu<aՅO\rXᐜ)Q1?ғ]w#>A\"Cl`T41*w`$bU3nD k]>ջgz6\rAz?vѪj ujK\0UB2jє*D-#u*mj\\y2H~mcҕ!}kDȶnZ6IW[$\Zr\\Rݧ!rjd*M6]>,\'X-4K_ZжVc\\Mz/sԍdpv\Z׌ZMm8+8Yc8d5ߑ^w:e{I#֯Z+$\0ʹ;{=ʸd7Ew@5Svtw_*L쬼))\\Q4dҮ\0E#a$\" {,~bSB6I	\nB}޶\"Ԭm}(\'dF_\Z´ӮaKm#7|)]`tXczM^ܹP\0\0snxj\Z汖-ך4#7&=~+U+P?*\'Y4x\Z@ilE1=m\Zm<\Z6-gs\'ڢ)4%!D_2Kcqx6FHSԛuU#G#8x9+N-PHv@asވ{tIrfm.dι0	ܦme4Bo\'#*CgA_.]	SP2,gLOK^tq\Zbý\\u3j{s\"ZZUIws|͟rX[\'v5?bklJy*צ\rcJה..0vc۽{M/WҼlL3j	vᗅ?g&F>QkOج\Z@\0`8͒V КCJ/w!W=\\rl<oV5V5G/#`b\ri-\r/?/SN,\'VnQApܣE{DV6(\'GZ>X^HfzF\05Yz\'k|ʠ$?\ntZv#jof7d^xS[l\0:\ZFޯ\np\ns^+d\Z.+eꬺ~T>)he$m9jW1\"X_DAvyN2ܗO.;\Z gXc2BCC;.O+\n6emm4hc\Z^WMk/tOp}֡\rMFv\'-I˟2_6L.Xah\n<\nI)qukq$f~U\rƼM~,T_]es^(\0WDj&Id<m沴+.t?0=Rܠ?p6,uya/DCVx-̝ gAuHV1ik.&BՒfr)ݎjWiLn!Vm䎷o/z{oQBIwqҤz\r %\nq<S$]b-br<ک7ٕlj59kD\\uW$[*94Ucj͕<Q\ZE٧K~/\rJY}jZrZ[\0vԔI|z#Qj}E Vw@ţIPU&OC1#d\nLHq)W?Ԋ{H2sVV8/)ި/cfՍ)ogfaIn7\\m_ZL@TrGֶ#Y?Jlݔ؞vFޖݴ~bDRt$&ǨK̪r\n6zkR΋cˎy}MN5|{j613Fnbo=Ehݼ\"k\0{<WTSkSV=¤0n\\ַMM2+ҧPSb305h{\rj@ܰ\nΤ44\"\rvnaZY5!1E \\`D>C9Fҳl9ռӖ05:uVYZ5\0ٕy1sڬZlnr7jP_9ʌns}%7[m1Zt\'ǜH*HxYi\rXˮf3[E3L]6Eh!r_n%.yRI38Qc:Z?<deSYZf09\\>#X5ܰ՗ sPIwp.!Z@ڀ\06@Hf^1&miLME$g01I*f\0jsfw +4SЩ!tvw,X`՛nL\Z*deV3j[LE$J9KKU-O\0qV-ԥ\"-BZ4}WC)^hMI2cq[V5c:sRDZ>Y-tSSu2{kIM|/gÖ\rx#>f=k&x`*w~ޣ$ǘRYhrJr-]GFDљWWeLk-q{X\rNk_1̻\ncTN[BҼϞ³Iŕ)sfTU-Gj!mo $(VZL1E{-Ⳓ~xHl1\'tR.a8ڬz$5f2~\\r\r6.[2Zd`eeoBi]\"$3S֥qy2\'o_z5h\ZY9WHW!f׶Xc|*NL8zrIS#Yk$ZmK~ě$z@^SfG9䳓]Q:@j~9\Z]N7\0\0KW/{riކF3Z?_D9>\"jlC{T<\ruK^\\pl}7j)b9z?<\njloTb{W},h2_>qʨ^ۛxUw1Lqgj\"aW~\Ze$xAV+Gl]WtҵKHlmjddFs\\NJQ3]\ZkKwJv\0ڨES=4VYǥJ4dR˿>YHl$c]Hzp;ֺus8d׭\\}brûBc4V:Gբq~suTҷV 1űBd=E[|4K($~qz2 ړM;p:T6gbkUąE,p;g4=xzŽv<*}kHEΤQ|3\r[O*Wi?˶YZɛ,r~kNm2HĒm5Р)3qRGVjIZ\"N梃|rH>\'3,d8 zQa\"U!2Imib_%7/x47NC3֧쥳hṔ*^ij22MQ$w8ے*%x#;բ,񨌢n-q\ZΕd,0[u\'e\\Y~!ĺl,Wce8Yo5l޷-̒Y(:\\rIbEԠv>Qweq\Z#ԊƊ&[Բ%8)BVx$i%7J4ZFr\n$na=RE+I;\\&~+\Z\0M,MneB~_Nkp\\<Ļb._9mYȿCwz/P#/jqirՋ;WXiΏ-ٴ1S\rvZ[xĐ\0Kfth~R-5WS4\rUv@=G֮mD&{Vut~tgYko9b}VvXwS+mh[3Oz\0z<w$hGN49tnڕ;\r8ز6әەfv!2:^Gsx!\\[dr`\'I2YjQm[\0,-t\n	a#;>	zU%)wO&E4W~h\\v#9Wugf)ϕ\'\reԶyܬm#XC4wH9jLu|.o9mbz$V(Y\Zxݺy@\0\nk%;1wjViͻ͏%u\\bqEEŽֵwEۈm?haL &\0@]dg\0U^x2,kحzP\r\nW#*nk\r#hёnLaQ2)lz\0kFȅF!VnMRYfs15q1ghb\"#PHc.,yJ-̷.`\09wAb1Y$Hw- <\0+D!H!݀nґ}iXGTD\n9V[G`N+2%-*H0N*4A\rκkR^`upF[=0=bX|e_ހ`O*[%ž˛vXVf{\"ܤ~\\	V(z\'Ě(\'\0ҺVǢN\ZCɩ.\ruCcOSuluۂ\r`-f-u̰nyp?q^/G>B~_2Q[6Cv\"F8.q`M@(ј\"$Ar#	F~MdqڝmLW]SΣ9[)볩럺<!7jKPy5ԩ96Y7j\'DL5vH_02n̪v!MRTlՐiS)(\\\Z_cfim.c<\"x\Z>6p8\\rk7s\"nDU,:mhѩI^{X--sKhXbt@z}\rxfgw%%Hk)n%ڸ\Zxa5K/\0ƹ|\\Vs:hkC7xc89%;HCַ쏵\0V9iVιOB3`.jy~C\nmV55J.69k\"w9E⦺B~W5-Ѹ)\\Y11o⮭>!qKDnRglz}\n{&duE^֒d$\\{$85LŘ*֤.,\\F=遳ֻhkϙbu,WN\n1R;T\ruWx\\p-uznȮEt###׵xoJe`x5<ϧ{^_O\0Iact5Ρ$0NLrF̮!ƽ\r=RXfR0?)LeÌ5;6~\nҵMwMNv!7ve1H2uϸhjPFxuopؼSṅsWH0:hjz$6.d8RG;mmެhn}/dr[\'*7_PDmk\\uֺ8@_NpJ\\{Z\0f+f8\rk+6W0衂<2Wl@HՓi~%4\rU\0,ަ-uKt\\7erZĖWZ[Yo\rj;kcTgN?ȭ)`J!rZϾӤn\"2Pԇ-M\Z?Qifƻ9qԻg[]\ri­\Z/:*P°Q%/o=,k\0ZH3FZ-&9KBkI#\nOz\Z+C^Qi-+cIɬYYl&8jwii2*Q-/VsObY Qʱ$\\#U,`̓\"5%}j4`U]7-LݹJWSZA\0]~zoENJʖHf-#@R3pҵ\',@ٮ5u9Ud[Iu6lL_h]G2lWwVlҿyJIkOJ4uXnncQċf.cOo%T(R9OUFCgv12㏛w?ҹ\0kq\\LPd	ڲ4gTүDsH$4	EDn\rc[YWʶrMm6kr8;l-O9?1x\0yݻ;>N}OQ^C@\\d\0c^͓Xܸl:=*E$;^.3e{Ys)DQ2*Fqw/҅a\'UtWN+.t\nMJZ^f?dITѲH+5}8̟t&j03!ܮLqOن܎iQLrgzӷFRFm,zU[&9Ym\"0TZ5P8\nȥ5t]7\r#,ܹ-tPnbpP5nP0QFꟉ$CO\"|ֲ$ݑs>v$x\n1\\4mPVyUNIڽ:TZZU*&7/j7^wLq|}k[sUf+E#LOzf_5\"ũcQq-M2QJNӌ|bo$eھl};8!OTY&&i\r!5tjl-0+ݶA99	SX޳^cYk~Y8cl=.tjtoz|7㫽\Z!m!-Tdejɖ{]YNLcĘ<%9V3i2y>>X̑P-3ݏ%(k1ð<uDr{coi]Ʋ*A\0_5vk|e$vRiI|=sUZA>Q\\x!%z.tVv:yѤڹV5ԝXAcZcq*dn[4u7)\nN+!aij8C;sFl$I\\r<n[wz7PQ	[8VV6k6!FjdbsiM9Z~njZ\rN\rB(\'ZW㔫djJs@.cpйoV_/,v\Zʉ^	lLr*$0Q(\\+WFV\\ǊvZh}>]y> h$wem>.1ksiV|L@ֹjE-[u-0㬏sOJYXa	֓l6c6\n}GqXZG,0nt+x:4[5W$hѿ\nN~olWinЪLκ]^SkPvֈ.w}+xTG<t7wZ\r!ZҶs[HAְ8^sQ3j\Z4z{,+kfuB#H{	&76@\0V稧Gʖ䩎\'\']ߊΣe3=Hz6)j1|Kswhn,w!yiXQW/R85igfM/˸\rI6-P1bֆK\"X[Z4r\"aQS-qWM)ʎ\n2LMBc,Bæ)-t߲۴^FQl\"mB	bV׉7C\0<VJOCZ,f\0s^,,	?,X=\"W~|aW,v.`!bROC44DgcQ94uñ95fo.n,ɷObV	iOS:6%JnxVi,Ț8Sn~\\a]$D`C˱\\wpz\rfIa\"P&ngÖ~5,r) >Utvvyê(^خ	V;ieB+\\٩ec_+*pֹS~G{#Wfǈ24[m\'m\0p9ӂh䪭6`8t2|~pןg±T_Mw0/Ǘu\ZwĪLΧT6	qv(k5[˸@yjMH=C\r\0Sv[\\f(v\rlU␟.&E285b;[h888\r*졟cM?#b&\09>;2I$h~xjYTg\n?isC.v%SlJ5.ys7kM͎-A=p+ϵ)VW2-lXL@^z)\':}*&bG45bMH#%ZRj͊>*Ɋ@:IX,e*X<\0՗pvܵFN)pTif#X\'D9L\'ԘCXR}kMեJc2hӝ{A#dv2Ddʩ\\F6(8xYY[k\"jXmO;[ڹK*}߭xDyK\n̍ϣ$Jn]:SW;OYxGkcS{{?^i䶺x\'\"S^譧ƚ3jFV<[%C,AQU@rmC\"<2bXdpޫA\\\'ood4OΓNYN>y.\Z8dOOt-3ki$I.?J\\RxURBM2TEF˩ܙWPU	A=\'HTR97\"IՈ?95#-ܞbZҢTy88PWI\rV\"<\ZcCPS,TR\rHhZ/5IHҒ\'tz\n`LXֶm43+Llpka<s[~ѵDloέ;ⴴ[=ޚ/,cF	Z~ϩi.Gq\r^-D=1eG_]Z!`FˑX6%+^y3#rZm^N p}=[3QBY6?ѥK+]7hFCYv[.=MZa4	3V4*6\\DpUz\nHO!hU15.b!FԄÀV9nmt\\sT-M²(pٷ.=jdEc#`Dk$lY\'URVOS@>$V>\\-i2xq=/A]\rjnU#A=iA=`8$k	8gulR21o;n~$Vi\rŹگjae\'85ʋ:mxrl*{Zwĉ$ϖcWmnڭ:#!ȯNybywjҪѷJh\\XfCPfy\\{coLUʨ=Aɩ4Ζ`G5xJ4yaa#Nm%pmfIfoe]Ȼ-nGhvb(0 Z+zQFU%&gz1g\0!WS`+ɩh#\'\0WKȤz.0==H[g`N0=R&2bJ4]5%$n8)(V	q	>5ć/\"z:ew88,v1r\0V<Z5-:#x隢Yj@$vCvr#H\'z\n*<>+}7`iب񆨷ڢR(		95jOfo3VlR;XW͘z0,ROھV%^jT\\jKjEG#c4;jC#UdjFsUl2jaI\0!755|)&jx}cSSsMQiR1esdɔ<榀|/\ri3YWxTȣN\0S}+}SbOk\n `onC,u{TX 9Vè\ZhÕdpi\\(/FiX9)rEA<Oe\\V	#rIur\"{ސo&;&$OLsW!*=ZP5\\0Ү=(i4<0}(ɴWUfmmњY\\g{pʐ}kԊs;{\ZheR,:)Úd*hiipi$xĐjڰ<T&ȠKfih۪Th\r/G\'4d!Z5L|;cRw)$.c:]6Q=Z&YZU}?y3[G1y.գ\'>8ZW7NҚUu``3\'ULVt\\d5QylqO,O1+EmMzfdduUXݕ&Ig9WWWO>:A@e1rኀpZ13:GZXhib߼@Ck+X?iIG[ڶ5X>ab{ґ,dA,GOd֦.=jޓocb r[T(9>k_vB~T^ԮApɖ9vp?L||V	ت>ݓ4deqolMۮ8Ee-v./;N,۟zMJ6%{\\5wnv孬)]*U4	l ,2p̹oLZ[ĚdJb<o<e+P.nKVȇvjKHB:Ccbsԭ.KtUY`x#1EWLV/:ơE.\ZǮA{oZ+E/s/t1\0Dlk>2_qg?ʼܞ0ˏ^+ة~\"{\Z<`\Z}d8*ok+,AWoT/G4{P \ZE681T*0bsYfz)\Z?cܺ;AcTfW%ӎ	.*śll\0tbE_(*TQr{7TYN$`LEdJ:O#ۏLGV79ǕRycT.2jۜ*ɕ\'5]NMW]^k5˞zVCu4ǓVʴȗbC5hK\Z֫3zԎ]ۭHJRF榕jYC3HK^~.*(i\"CJpΘ	?\Z$}yZ0SYqұ5v\nsW@Ȭ9SXx}jYGCdmZ0[Okqȭo&R2+bd,F_SHWea4ѳ\"P%<|#	r0.ʙߎ*hZ3\n3\r)E]F^_3yAWpQrCtǔ\'qJ+Mv5kyBG@*cy5p~nim)\0N\0$ԛ؀Ux_jd\07,WXV9sP;+&GVP\'r.qbSKZ4\nF*)ԻU;ͮp2yFvՕ9Z`TeM\'qU i(jC\Zb<TX;tִ@־sϬ\"ţdN0ҾcL({-E.H~ehTTWEŞesuqv\\9.8M(8s=^	i]#)\Zvdq9Գj¬!bwj)$_`[v\nT.Gz2][*94)&>VlI67ꋧjs{W+-~6n[DC<Q=22FjȐ|9rX E?ޣc((\ZLd>F\'<3y41qK\\\"A棵\r!xPĂc)\0%WicG֫MiK\\Ky\rXΚ;Aab]k3IiLQ\"Jkf_HهںϘK͖99ǽsJWzDrcU#|95#L\"0Egޮn|Ք\0ys\"^i\rM!$jJ,5s.K}5:F-fR߼p7/5@DVۉ(x]G#DѰ~g>Q䚱|cPq6\0Z)í@0`2]cr\0!W\'K^\'RJ]*kpMsa~عxQM1MeOrĝ8B\\cbB.¨T뚸tT2Zr.CN+\\\0U#;Sۉl5yFf,9gfM	@i=	kaN`dd6ki\\S0|xP %G\0!r*8^2`=/x\'2>:UyTԒ\Z+{\\Z,Yw+MIk!4&QLM]#VVSR<Բ\Zifڤ5v| *k}4*.j54W˅Dh;6BG95NM \\ |>3MTJ0%+QWl){\\O?3ޓ(Hڿ`fSU;XM{OD?0Y22]HUSZMYX\"ntg)\Z,,Oڭ\\D~\'΃)#t\"&a\\E!̛xSl,_U\"9k4M\0Jθځ19X=j\0AhF`jɠ9*&IUxC$1O#$%>e`t@5}e0\0JRBR\ZV\Z4q4ԩ=j:LҀ$۴SDj%mpyRa5xr*h\n(Ɵj`*vHhmZx9K؉J3q\\q!F:w0G\"[\rr>c\Z+DÆ\'5S?2	SxGQw4FCۢ8u;0_\0AkՋ9.*YٵW+T7WM+S5m^o0xe#\\;,}ݣZٻhMJ%5KwrDBxi2.\0hK}8ZRF-_I&vUQԓY̳%^7`*/$\n,F_#TJH]/~?ZunoZ\rBo!> &7ʧZʵ#7v7<>cj˨6LzԓK7*Mze\Z7#5Ʊ\0	)a+XH27	a뚥bybHĠ\nzsPi<z\n#,QO*-FȭHy:\Z q`r}AV?rJPNajڨ.!]$Zυ2WVlqۙh~a&ɐKlN>N;-/mC@\0.e^w.`\n?+_h\"@HLq\'5֥c U=E\\pLacYHbi̶KjrigV3HAO?2疠OR.L=Zw\0#Xdn5H$YUC$:q֟1Uis˳\\2mXÙ5zySx\'1+)-@^µgÊŹL>j\'s]Ei9RBXbMɑRQh{TT܃\\cVIjy\ZQr˖QjNcP:1Qp	5P-ҮP$a$y҅.4.)S҅S6(McL=[}Y2dǭD)>#j姘v JF@aGji\nY3f8bqW%E{x>F^I*^Tq\\q3҂G\\k2Ѿwa|*pZEOݼX?)8`L\'\n\0Yq\'6y5V$Ղ}\Zv\rV̚=\0ߦ(-Vf=sOP[,yi#4a\0v9w+ڰ݉\n\\6QZHa!L)\n2q$@\0ƀo{j֌H	F\'|T@I	i4iBg4Q@3*e>;V#Q\"\\\n&&W`Qn\Za:jt5;\ZM!u85aUS uۇޓq<95q\\Eʶ1!~-m#$!#$՞iuNBҼs+Bzv}f%ISPfQA6tjOy$$,g\nAsY?K`hMi>\"*H\0\\J^B8!ps]i|H,^v5K;y-@+($cޮÍR[fyM[zVyqhF8\\VZ%?h?|G5͖F#l\0iVV:,=G\ZFV<xL+֩[EbHc,íޢJU85s_ŤJbZ|Yaxn.Px.h\'s^K,,vi*>FWŸ{[Nd(X}ݔR8+Aonq,\0RoF*%Ue_6@N[*{׍WV+Db曨K=O2SAaڀI 0:swCzu>Gg\\֮T3~5\"j=Ҧ=]\'f/\r2EZQ\0ƪ2I	#h[*cg]ZMn~Q^K_hXr_U\Zaq2b[u6YSjUe9psҭϞJڪB$7Zƪ˅yJy!eTԴa­hJ6FErVFso4vڿ5j`4@\'oim	%Ǖo*&Y7}汦`a쑊%4%²09VèvLu楻ȷ8\\ȼsQxi?}b\0u\"%og8wNtg<.OUb[zϼA4Z\r)}5ҿlVڤ&U*V5FSDN٧D%V54)>d*2a(y^)hH\npQ@I	њAҗdgtZqĻ8C:)ڌub{7ms\rHC6p*\0aQ9SԐ(9$/VOcԌ\neF\neJ\0+FU-MV71C*%>WaHw+,hվaT\\3\Z41C<Ik\0RHbaD88rM7O\0S n˞%fQ\\^K\ZFܓO1f[yjxWn\"eLu{֣~:pop;A\'305HeVb4֦Oni9)E.\r\nsUI)2IҘ1(<TIҤ!LfMV9kU@q7iQjJ/#dT-;x\"\ZR	n}M^icu-L.۹W|5~7-e12]{4V:nԚ9T1=KyU$z¡\"/2ջiF?© ze(Ka檰ʞҒHK1>K{E/<ʪ;GRBC\nhdB6WXFndK\\ǏĲG4d)}kHZIGO͓Q6Ta+<7{ϕ;]n[JT$GAqn!P>16Z|y\0^GTDNI%bFUg2?,qMY\',*$h?9wǭJ7ۙn%X0\npk2KyNѬY<xv;AߓU̄du=:fUfEGh:\'eai+nڶ(C*C[#΃IRU>xM+`qam*DD.y\"gdUZP ⧐aRVR)W՞#mAh#g5x|ү\"/YS\'q׭|oF~K^;F~gkb(EiҒI5OSZ}Gb0eYsd6l)	><8\nB(εպ\")2g+6.	S̞O2=\riI9ؒgp\0kcáͼd\\|/=kOKTLVԿtMARxzo@Z!uF94korV `vt9nxaXiު>ɤir*JJRnV-Pz!*MQչکHi2@wިrh8d:dK#(Ҋ:JLJZe-0qY7*Ae9:mdzQy逫^U䟚a?b%O8j+O97yّ{i0()4x\\<l\'RGHw>&|.<`W.\';UÎrk:˚d$T+K2uJ8X`BN:sW-Ͳ\\(bpҪ!m.Bl$}Z8\\V4q8\n2	k*!\\?x4byv;Rp;OQDͺmú/ x\Z\"X1~[}TwY	0j:AEP \nnyP7.<j	&*\\R8L)Rjc\0z\ZM]c5E?\Z28$oTR@2E =GᖧszL&E<嗭z:_rMo#ʨkCQ\\6}x!$pۑ	՟-KkffcٰQаD1\'1Kж3՝?\"/3ֳӳ)VzgrЩ\nglM`xjBP16s5nPRl8=MjɹYd*\0!\0t&lT^ap@ís\ZYS$N<}݃ٵsR˨N_J1{V&ɡ,\0\'\0(*b[$;Ki;(V8 tSI«nZ$Y1b1sZ1!\rH dy}֬p\'q\\iV>\"\rx=vl\\tZ2+a\"b7ӄglt+ur84{\"KWPIY[u^c P g8{	ZsWY%a}e[ڮ\rOS9?ͶA\'_JR	<}+~4]\0*IOJ¢՚A\rIL]U!{V)jo$3bA5?RZY	9(a*<~h:{ԶWv7;֭naҹ+n5*o\\f=P@b4f$U&^ZsT*p|óZ\r9\"kH~Dhn&d֔orjlSrZ`<ԁu$xP0#_|PaM\Zթ\rChwTjjYHjX\"R9\"V\rf:U\\v{\Z%EEPsM-QNixץ-1\\3LlӮ~&GCBWX#T4t9WA%s֠jE>j20,VV-鹥\nb?ga&yb@4b22a>RIfK\n38;y1LHRd^$B(Β[Q2)3C^Cŋt.pH0l?{K׏#U^Z6UPqV\Z3HRLF.üin2}*l!3JqcWI](\\F.$M@}*kfIj[tyTSb\0xb?qLO.?sSTn|Gj:-bpԀ\nj@h$s)ҿQa&\nC6?)ϥe$ց\"BEQUn>JgS&Vr^+h%S1?_=̍Â=k{gQMn3qҹ-M`n<kjyR܊ouqN2#(Qҳ[A?٧AԯE>Nk{t|*pkNq<TT\"i D>`@w0IuGAqf8AyŨ6faOiЇ<u~g面}ng\0rkZ(|pϩRؑW|g;~W--eKEHjYrJGJ[/%GOm>d;WֳVh	XH&sh!b>%7-po|(wҵS\'BڽL<յe.n쓞s$3$S*\rW팄I.j\n,y,VK!3\nbǚyjۙ$j*ZlùVڥȥuf@|ܒNH\'5VmZ5TcXI	0_2G!.ktZ֦GU?Uo!5Sqx-墭;7dpzWx\0U|.xF+~77& +?x$\n\\0[\"_+BXy:ׂb1I+n31A=kcKôeáA=--jj:Y&dXp-I<Vƥ4ۋB}*r:CT\r4*k7gY*\\zW1q1nkgRTpqanP*xP	ڮ1՘ɭDjr2qrMf袴G)TfJabkc2my)Oz֬|(3p)TT\rNbPfHe8CP9-jd1P$\Z}M\n\n	hb+ܶӴufw#\ZoEەB<`f𑝸<ի$x<`ސ\nCyNW\0WF0Z>M4[(3.IaK?&jo91MwQ=%0m椝KNd?wV!Eh(;}!l23E1ٴlNWjyF8Q[w`s@߅\\@.QxeGJ$lLq}`qTt8ĥI;G RCYhᱎ=vlsK3.EC	#Ҫ 5PG4*i)3`,D&!ozw/֫(Rb\0\ZZ)TYcTԽP\0!}+29洧acY(1O8۩0jx7n6${v#nkܾkPN@,Vx\ZΦsf\n8Vۜ=Z5$B2JV\r9\rTu!|bAᚺ:\"Q#@d8݁kb3X`iҝ?MUPNROy\Z\'5)=M{20?ݬBp76}yhKc5qraKϑj	ii\Z=\\a_Imm.#ֹ+i\"}\rkՑW9<\Z2C.&Ʈ]z5D]iv\0tKʖ҆`\'ieueg\'WIS-ƌri*dC8e-N#B7_iZEnmhDD|1\"#+{S\"z$fHrњeȑFm\0ٽYa޴g$B#HՕt{\Z#S֗ oms5#YF]b@\\*W`A5cԝ>pcl6\0Z*/.6Z+xe-GLZ1<9_Z/F|8.VF6{y>&MSKe\0US3:jNWn\0l\"\\oD.nm¹4kV1:ɩ&Uw\\az?Z#	J=+4YIKnB3Sqs?,lc̟A4D50(HV2I\"=Mw#iV,hKX奊fcԓ\0רƖzK\0ULukjH1J.4o\0Z`o7\0Ur9T⩼du\0mӿߟ\0eHno1dg-Yi*\0ϴ\0eK+}\0*|V3$nl_\0T9k/9X?֧j9J\0~ӥ\0ϼ\0eOoַLIk/a:1i/$4pj\rV4_?U8>-e\0\0MI!-)RΘa\0TkG\0쪽\'bO>dMf~)ӏX&\0sd9I7xM\0T}M\0~9XiƓo\0~ۧ	?ʏh.h\n^V\0iҟ\0U%jI	>.IcͼIՋ܉`\'!3+\Zղ?ӟ]\'!NGO̅c\Z2O#ڨFHebTھx_N?ƣ\ZղI?ƕΈ2[U\n\0k%C睧#>9Ɵ2Vth`@8枱C<湤Qi? G0M{T1\\`-xUF7k\ZղM:Mv	H2	9?Ǝar`aQN!Qh<XRk6$͏\rf&\0&aط<V̀YɪH(\0\0^[5F	\0$.QQMv\0<&\0}N\0~zt	\0fw\04&\0{D,c4`K\0G\0}K\0y?ʗ:VVA_i?o\07:Y\0y\0Q΃	*կi7>ӥ\0ϼߙ\0d sU@y\0i?o\0lis?U\'4K&ǥgmS\ZR>\0gF\0I\0RCH|\0/3Ϥ\0Ac299ECfNҗ(0n+\r\0G\0w6`s4QџR[ZAТ]O0.ޟx&3۠Op*dGuT\nםF\\\\^#a\\ڋ끼3^ >\'8.y\0iO⦷j7 \08O#jbv*#h_?/\0!u[\\ETrWg\0[]7P.esЖyPLyMh\\[[<&!\n&en\0uh\0ȽĬ}{{H\0j$Â#4]&1\Z^:WE[\\v\0a)O[+JSvԗ5s!h	*Fif)\'zҼ|OP\0>*kcu\0~ҏfÝFY&UKb\0\n>,ѶSS8]ZZ\\J ±ݑ޼	-k>t87V\0u\0|%LFIn}IIG\0W>\"rM,ڨ2\00E\\SKR$_ڗeo{\05}R\0̭\0oF} elݘs>נjN#\0h?P?womu_nQyX9J5_\'\0״+\0(֝]j\"8˷1TzJtԚK\Zm`g^xKf1Xdd${?pڈ7W0MJFDUN}\0hѣvGYN=%]fZqшU.ho-m=sqi1;Cnkݗq\nPnuv\rʂ*TrqYzwjeD#++)!A ^s_%0h5{BK>.!؁\\	;\\t{\0u0gfXđFG a\\M~%_ׯg\0\'\0I?\nZ`o8~Sm8mKhStsԓW_-!I}\"X(qIX9*iP_];)<mLg??!w+[XI$v4m$z*$Hta\Z;w]sv۞3T=]IJ*Nl~5b[Km5nn\"m,18\0.t6WC46\ZW*{\\O.%Vd2G<!\"ie̱܌98Rދ+] Aj6yZpQ$\n\05Q@Q@Q@Q@Q@Q@Q@Q@Q@Q@Q@Q@Q@Q@Q@Q@Q@Q@Q@\n&[0,-m42%\'T#r8/\\l]kkzU5;9N[X۟,p\\t>εZ6^E|>m+ԎȰ>(zmRMys\'{vN6N\0\'$\0FUwXԐE8<itM}Osze_$P3%9g,ʉA`L%Nq\0q~֍:L\\?)#8uϪVZM܎ނ\0tQ<$Q)wv\n;[rx?T\'lBI2TtrR1Fk-\'}RK~$\n&#.+Qut],S-COѼ{hP GX?|r\0pux_hJ^!i\ZXa?:ᯄ)|_\\I VE$6x\0yuŕ~]ŴvvNS#dY$\0J \0j?5Y\0\0\0\0\0*X<7]cIVǌ\0?ڧn\0k_L%WF(#w\"9زA:\0IڔߏJǩ~/\'|̌qҀ\"2Lyom$岞Q?Zǩm쥽|DfgjSր=Z\0?~_4\0֢ۧڗeo{\05~O}\0~}5Nkc-5UQ`c!szފ\0\"MkSXxjTE\\ީW%E~Q@j̎rO4VO2\\zA_4P-~Q@tW%E~Q@tW%E~Q@tW%E~Q@tW%E~Q@tW%E~Q@tW%E~Q@tW%E~Q@tW%E~Q@tW%E~Q@tW%E~Q@tW%E~Q@tW%C]Aaqe\ȓiVW;wzӿa_{@\04ɯJ(ICo$J#^\Z(\0)k\06=J+\0`bKE\'*90[\0\0_tP\0\0,rHtxܫ\'\0A;\0\0OQ\0\0\0WtPhYkw66&-!2yn2a>`:_zQ@umX=Adyen0oWޔPϿ?\0\0/4P'),(3,'A.C.S.','\0JFIF\0\0`\0`\0\0\0C\0		\n\n\r\n\n	\r\0C\08@\"\0\0\0\0\0\0\0\0\0\0\0\0	\n\0\0\0\0}\0!1AQa\"q2#BR$3br	\n\Z%&\'()*456789:CDEFGHIJSTUVWXYZcdefghijstuvwxyz\0\0\0\0\0\0\0\0	\n\0\0\0w\0!1AQaq\"2B	#3Rbr\n$4%\Z&\'()*56789:CDEFGHIJSTUVWXYZcdefghijstuvwxyz\0\0\0?\0u\\hں(+hJ(QE\0QE\0QE\0QE\0QE\0QE\0QE\0QE\0QE\0QE\0QE\0QE\0QE\0F4d\Z+h\nՊ(U5\"E\0QE\0QE\0QE\0QE\0QE\0QE\0QE\0QE\0QE\0QY pEWO=#jmm{O2+k7c⎤>]a#=?4{+V~,s?I?֎d쨬m/ǚnw#tYFק[ UQE\0QE\0QE\0QE\0QE\0QE\0QE\0QE\0QE\0QE\0QE\0QE\0QE\0QE\0TW4,q%g|a.:V0qMyϋ<i%2]_ψ~*1lG.5Z;vh-z\08ij\"Гuqgck>(Em\'\\b[Q<i#\'srկ.ie=J[}=\"O܀_ELg\0^n*xAMXiv?ӟ^l]EZf3WThoZ\\꿼*c_Ց$Hf+\'O<nC/tD/2oĎwaTG<V~δlK\"t\0?iygn;db?O].+P/wxl15rkCFMȘd?o³Tzz9VV#7=C\05b9?#}AfK\"FSk{~9Њ:Vs9CU=]׭|y7c)}\\(((((((((((l-$\Z\rǠ7nxϰ?ҦRQfwojzn3s\0\0}H@\\\\M+s⏎-I	Yc\0Oaii6zFH5ytBRy]:Ԫ`~{ir֥%Mp0>f]\'䓀yJ9onpP\r<>yAZU8q0h),l~o/\nX6aN7֯]KEgR{z\ZǹAfGmQ]\\}|?𞝺~3-⿍ٜͤDeQ]$k*e2xn}pq6^6~Z)jwKi+o.c_˥UFFfrx[}fqXVYɶE*{{שb[7cF)UZ>_kZǙk3s\rw:[KTSk/-^uEz<kiw]#)שhڴzޛvA=|Ꮙw\Z%vFs}{^4kY\0UUյ9t1OG+c(\0(\0(\0(\0(\0(\0(\0(\0(\03)|\0\n\0~(ηYZZ7v?_=ͭrے(]EҭL,<y6q]yk3ú}\rϢcqJVkvх_\\}W\0-ۯYJ%%F@@+hSe\ZT\Zj˲:( (\0(\0(\0\\&Y}QN2i\nQRV{W>G9BdVf6\n3)nW\'޺/\r,d%~եbs_LpjG.;\"*m\'P|\0p:VBvf%Pb8~5na]%R;]WS]ҞۧsO-ӷw#zKIXجñU5e4nTm2z0ׯ_CÔmr( (\0(\0(\0(\0(\0(\0(\0(\0+ͼ}kk*a}{\n\rb7Jl?ZFb\'zΣiMu<fno({`ds/p>+\\m/#Uھn?SF)ʬpe\08\'FX^utMvÄ}zYT;`4/Wk⬏>iIm(O%ӡQs5_F^d?AWW-VQ>_J{9-̿/ZUJY1%F3[V~>F(ʎkh2ޏaقF=5Z?\Ziٝ1j(C</\"H\0#ZZ&\\ylzڨ\0Gk?\0yǥke)~\r38$%u\0c>xELw][a\\\0|oUיC\0<x}[hM2̤69u_5/kr[t?LE諸(\0(\0(\0(\0(\0(\0(\0(\07KU\0ǅy8Xo>&Xcgڪ0>ca575!?\\1mRq딯Bɨ?:M$j+.~:c>Xo,*\0}2;?IUY<տ\nU[\Zr֗8raƴ[p$oζWY(;]cb{h\0}VC>UXnܐ{TڳU*˩/.7?#j0}\"z_e9i,ŏ6.gs9U)yI-T\Zg}\'{3y\\gǸ|\'uoڅTϯ5xV^$|OC\\ioe+֭ğZ\nꖲ.&&px GSЃ_aj)ф/FT-k>\\:RXdޖ\n(\n(\n(\n(\n(\n(\n(\n(0~$&HO_:їYxsOhGh\'B?W>(]I?ݟZCO@1±mDg;]94}KCmUQ8\\MQQ>dx,O\0Uۈ?`]ϡ^GmT\"u*lycG?]bFҶRڼ;yfV1~42`>?i.=SHʒ}(((o#@odW꭬Xis[2.Cبۙ\\J}GkIX\"RxVYNʍpTsN$ɶ䅚pPA?eJݘc*]?xlxIt<saiSpns\\?p_eI#\Z1_jrwϕ[)[jZǉ5KXeM0$~$+fS(ڬ	M~JiR(GxZU缛you%_\r4$f9$\0v5[/DaMuUGc͖EUQE\0QE\0QE\0QE\0QE\0QE\0QE\0#(u*2|2MWlknY!]=}_|^<\rMk3LK̋[kl/6Qq$gdHq=\0*?ɫ5bHOm{V_q,Z뵑//b\'	o5OWe\'~BI7sEn><=M1,\"}B|.;2@\'O~1-&Vo!-ʄSSؒxIUܶF|K:)F\0_/_(G\"4/.9=_;N\0੺2j^#$	!y۞uWYCi:\'ģl\nGe9\'%G$\"vxn\'78*s+ޯ*~]|:jod>}ciO$I*1\Z`3^mi#K6$\0}5?\Z嶧\0ia^e#u\0\0~x\0֭nfIpķ[v?	 WٹBv7\0]<ڨԅ}{WKSSry}*x1jiEم^M\0]zdӴ\\O\0ΏX̅Rّ$F6zZQUJ]v2\ZChk&յ+>F-Bz刮GƟ?ïs \0N\ndcÔPJ93;|{⦾ך\ZxT+A9<NkKÿ/e𞴱ȥĲ۴i\'3h3%WNn\0걬]]Gk1\"39#.eM k869>\'kٷWkY5kO-ݲѭm\ny\0$]\'u,OetG+f)8ӧ5в5H])|#&?w&9WM3Phdh*G\0v>&4$׎0qTt}^(N㯧Aa3oce$_})d+5b.,ߴљ\'p~F|\'ťͨɅuˍwk{nxԗ)Z	~rPJ1ŀb}s3pv{E{o|nQH783骶ǡP\rK\nsP\0p:՚[AEPEPEPEPEPEPEPEP?cួI,翏Cp8d/ź\Z\0n,n.H*Ah+d1yo@0+?\Z_OX2g/_ƾ,}IRM6GU.\roǺ|uO_UnfetkxM}m8MŜ:g*2ŵ-Bu\0}s\\}yNw_|^IObxYZoɟKpk:]sMYȖ$~J9#GgK{2ӛ;@6R}1ܴGoՑo즳]#E=4rFR1ЃWdE-\nU$kkg?jzw\0<]c-dwЅXfl\rod˖9&dD\0RsMRuPm{M-ՒU7=$Eh$d@0X1!\0C\r~w5h3>\"u\rJ9o%hߞCU*QEQ翴w{&4ukxmou&{A{%2ʊUl6QSq>6g:;+6\0;7\nZM;&}vդK{kmygxMřI<e.dqo\0^=Ǉn#;pJֱB)%U$Ïg~M߁/Ũm·\Z/ಗOn5v4i@m8fӴ>_[2.=4(;B+U8ʩf9Gm=N+\'hi]|謠[?I*[]}-/ӵoWaik7RWȣ96i2@k~$֋]Nö6z$Eyr-UyHHc@^\"MLe[Pugy	#722<b.m2jw>\'ց[Ɵ,|O>!j\Z/P_izs\\\0gHU@5o*	y~ާ5ĳ/ψnaV%P^yfE;,mOm\Z|;h|?gҼAn֚R&VFIUAb;ג\0\"?fSQ3[Cef[u%.}kn\0s%g<e$;uYhͨhh~-^\\idT\n~|2ǉdx52:g.-Wɴ\nʥy;9x_:&xwTҴVEh\nET,8\0V_g?w3\0cvM:Z	doy\n|0o.ч\0yam:Rmnv`BOQ{\0]A4=;֬,m\nyhp3>KǨ~eR3L[tAwWxfۚY\0c\0J]Iy:0MAmOq3PHX0ʲ?ߊO&顷 J8:7jimo\ZdzN\0:qpҘF8j\\R\n!Qҫԣ?zIiF~\0&jUj\ZN(u,FAn5wnͅ>lhQTa;~O<\'S㚧iQ^EPEPEPEPEPEPEPgnxPȥYOpx\"#\rވ&SiaA}0+:]/G-Y>qU;Ɯ6]ւ\0dt9|7K%\0Ǐ1:~+^ϭ\0WR\Z=ۙl$G{\Z~ϷR\0^Ou4ʷosyթՒoݶo׼K)[oL⇅dM|Ea`#$@EC&,~U*yS)NKa[GlcEA*+7_/o7V(5`Riܯcçݯz䚱EJMN\\tַv#|\0j:t@W5XެR:˖.͡%S-\"/\0\r\\qsI)j-3zl\0:>^ķ(%ԓݍ1m_:WQ(?l~uWXKq\'ݍsS~5W/ys$#&Մ?m[EGߥwb|;{6mOՉ<7B#YkP˵0~^OXAf̬lп߅c2z-ǋ»B:?\0OZhi\n/º5tWd$>@>\rxo%-π5J<#Z[[ۧva=ܫ<qgUlt>ݿp+< (\0(\0(\0(\0(\0(\0(\0hM>ߴfmƚ\nj6O\rwh07W\0!e5\0IF\rR OI^>{9[xo\\oqѾ~xD9?ν:fo#&<~\nG1oFqf6Ay%qtdujf~))6gQY8dcQׯZ\n7\ZZ$`y\nnz7*Q^X*dzο3F~\0\Zr)Τ`AZC?3EQ3aRܠcڸ]+gX;PB՟|g}&}aبInL\0s/ZWi6km<\rxm\0uSG>\rc[JdnO5:gcۤO*jSR ԭՌeYFyhW~	VUc^,nZ\'k.Ov1pu!{6]=f[FP7+W.tNc;^|GԚF{}]}<C2aǡ2Y͉RSU#[ zJQv%̮r-\r\0\\n|B^z4JG+|GTՎ/\rNG߳Ňxy\"\'Ig\\~8Gl?<./~r>gE=[Vޑ\0\n،Xn}FЧ|%6N?TUn}eO7\0nӃ~\Zj~FO|0>?ġ\0]_abB}q&roaEWAQE\0QE\0QE\0QE\0QE\0QE\0QE\0Zg46P\0e͘w&QAEJ./T%%x\Z4hݴGRJG=\'_\0t<mox%]9ݮ#^F\n>YxzGa&M\ZFo򒿐]CXc	cP3\ZT4Hgf#m\'|UXǢ\0xڻJ8d.nG(Z\'yhU(\'/Ҵt{5ckH˦W;I\"Og!dFuE>Uk\Z>	k\Z\'KIr\n\"gVǨiqȳ[$~8VjvџơaKͣ<\Z/5$M;K̃<,/C0lW:$5_\r\\j_jxϜ,s}E%M .MZ9)\rQ\0M,zy|w\0Vñ[aY![j]G+rTv(Rmݘ)+#aZrͶ7_r5zŀɠ?HǷ^hFӃ\\=L$v9ߋc%ۯގHOY `WI\0\rn#:,bA>p=~1H\"o6ͪ1.wXZmm}nW3c\r[&.v\"L^oyIԾiyv\0#:(T?\n(\n(\n(\n(\n(\n(\n(\n(\n(>\\7$[\\у9:\\YUvĖs㦽\n	g|Ck}SvdE\'mXf_tcK8k\03JUNR}ͥ#袊5\n(\n+?zЭŞ;nb:H،~%o&u\0fh<Ŀ~In>3X\"\rf./?8$R\\VKl~XYIaa*9̙&Wxduԫ]پQ#Wx#Q<u\r\ZO7h\'v>cH!IWDnS_\ZRZF+ĿW?7W\Z>-MɺXmbޭ5w$˷{y4]FkX~\'|Bd^XGmZ>_s+Ϥ_gb|;ךiYi_E,[{ܨ8~$<Iz;|Fg̓w\re\0\'`\0Q$/\Zk\0oj$t7/e<;bNZ}_浕u45|/?67cڝY9oBb!_q\\7yiםxzv߸~<\0ZZޮʿt}@SWc~fr>c\0__Y(q%c^sJ<#7~4Gnio\\pa\0x{Wu!M5\'ݥ/\'Tҧ7EWQE\0QE\0QE\0QE\0QE\0QE\0QE\0QE\0QE\0yw{v__.Vҁ8\'9?Ӟ2gu|EyoVA08ᑇfR#W%|^M7;s[69wQW6S*%Z.\0/\r#B_R;}}<Ht\rPk\ZTSqí\\?G$Y[+z˃с߫PC+;WGW/!h\Z+*dN<\0W\0]xv孎mXy!0Ԃk<bcuC)PUXmla8+IjSo\0a	SŗobR]\nd4+k.9,3QJU$lN(BZ\0MpzC?ǭZR呶ƥ=YQZ.ou)[sZj滬>D_C_|tdP:c\Z]<\0g\0^X3SNT髷Suk;%g~_~.<}q}&tf=%Æ{T0\0o_PVw)\Z6k@ЧHF\0\'ԞI<֍~ࣅƊ鿛~#f2b]d\0QEwhQE\0QE\0QE\0QE\0QE\0QE\0QE\0QE\0QEVO<(dI*ƠdO\0M~F\0S?7_>\'\'3[\r]kr\r\'N;?೿SۏkZ߇Z6n5a\0,!}_zx\\/ۙFڑAg}2E\0>\0I\0~ C-?	qλ?~[,\0U2v>r@5	}k_I}WilcxH,&=*\nQRkkNp&/+}l\"RXdx4~+Yqi05wO*C^Vտ~E|dU(z袊(\0(\0(\0\'ƾ%ӟ7<g#Z7ڬ|FL+xc\\NͅAS\0^g/\r\\_Bh~B	`\0?1cRWj6jR{%^k;g+/\\gQ߮1_?|I<G~?dkot\\z_hy2IY\0ʜʟt&C(\09>\'\0j?\"p~ϣFXi\05|l\'<aJ1V3o|-T|&|aolf\0oU<*A==G_SƖRR-oGwڗpT*E~|ᮙ	jpfNu)wMT(s (\0(\0(\0(\0(\0(\0ߊ_|+?>!񗈴_voK`Bz. \'H\0_\0sweC׾\'jQs:_q6U36aGF͕UQam$0ĥI*I\'+\0~_ZixNV<~_W\0=<YsYէ1\0;;U6h\n#A<Aᾟq[[Ir:\0s\'c=x_%A?ඟojZ?C?kR66c.?y*ʅ	KU}{<;\0υv͛p?\nԧw6{LŎO$IEWtksmąBv>C$#q\0_r\ZjnaoGF[>O{Omz\\3Ju9\ZǏUbz5;\\NJSޭ>CNZk-a~Ho-ve\rN5ޥ|,WmmTNZ.ܜa|:ҀK1>Z{~ӲR+GZ8Ӻ53[φ~%EA#)FºXg0ȧ)5x&ss%ևuq	g657~1kxẼLӵXd`;1ү%2=b{?]}STAw+r=/4*h:T{5Ij1oq\n{Ož -\rѯn8Rȸj3?Y*tN[\0\ZuWKͬ?Z11\0}W-M˯uUӓݿE9a}+-o<Q66rP#@sCma7q:cֵ(_̷Qo\'\0oU`\r@?]soOS 9$gBNu]_?ϋſ6\r`b@?3uկ3llqsWk܍5<7Yf\'I5Nx/vܫTkf\n/[?-4r}!\0\0k߰d<J[̃Gi}Td~m(Ľ4xgS4=b=\rO \0\"+	\0)?b/.4ÝzNkip9\0}\\}~|~њ|^|Y|u؃K;9GNVpT((((\'o&xKo7?	0c\"U̳0jڿ+l:2h\0<-1?PZ8VCC4*0rj߳߂<Eh-RKtf\0܀p_i?g\',	U\rkj17NG=F/k~.BM\\N	Hc|qus4R>:ў<|f sڱI\")$>\'dj3Ҹ(6\n(:/\0Ő]ZOC83^\\dx_.98_\Z{;5KXc\0|\0}H\ZN4LM2H\Z(3\0=dI9V״ee{#\0<YcM&}5+vğEX,_v$C?Umn-R_W_N?ڊ	\\VW4oBI:=#Z/V{YӣOھ~Q\rW6E?>k\Zq\Z_gM2ON?O\n\"@6g<Я?a)CUG Cc_sJ3wwtNYỳ#Heaw^c05=u?C.>.>ғ]W5s{	>TR<ʺ: ٵ\ry_1~\0^dh%&>M)2uC~|]O\0u>?+{&Mr+Q\0<Vj_,]B3\\O0k3-10-oWO\ZFW8G\0ף1~ֵghZHGO>fp?NM_Q%cԟפ[qF0P=L}]dSCcuα-c i\nܓ\0z_A+PMHǢ\"g8G\'\r~X~ٿWxi>OA48i1df!ϴ^Sg6W\0ڇǟw:mW1X+k</ǫ`>8rgb.]	r?u>ֽZ;B{X˹ܜkokL;.z\0~L-Р#lV\"ZGyIݳ߆\0ax?a՛,\0x7<Ay}Z	uA5?<uXW\0iGNLb2W:\0t;+QpvWBN8=wS]c״{9~OcºS獊g__Cx6(@6*GC)p[лs4?${?mFL,q}wĢuVWlF\ZWsʜYn|Қ|iY=|mˀ})<.hڥo oUe?C_k\0p?X6%۸JX\0zS/6e*/_\0W_pxឥ gVİ~0\0?_}|kxžv@ƓEv/lAȬє]EPIxƺk~\"M{Zm7]\\yoeWAQ@Q@hx[CokkL\09£?k>o[1֯\"60\"6\'oGX.qPS]#zu+3f9$k^m3T^5,Vh \\;L*\0aZJ:^[6EHފ3[V^e\r4\rJlQk%(]C\0\0~$\0EU.eY#i\0\nꨪQGƖ-.%?w6>zy5_I6tM3YKP!SOJ_T!*,>+WOGgP`D]:?fkN{L#QZGbs.s(-$^p\'<Kmi2D=?\Z.5y-\'x䍖k{y6ʺ2B5/\0\0њ>=/6\"u7&E\'a7?N\'?GB/WU~+|?T.1%ᔴrFx#m jGt98,*:kxuJFQ\n48Umֲ譟\nUYO\'?ƍd|}\0D<\ry\"ҍ?Xߴ?ٟk\"[)gg7򁐈͏ʹ7Z< ]<Aw\"p$w@n8 A\0KXŚw$QEVq䕊4Pv 9$I?a7<ei_gYh7k?MSݵ-jco[.Dȱy9>]uwM$pwvڨRMr).ZF\0iXг~~1O^7Tm-ǗKr~#*XjjKcէRnswl+|B]?Ng]&0ntv*׃pƾZ-4{c>=y0giw\ZkbhY=zRiƍCuk46CS^$R)YZ/rȦSE{6\0-#^ľ:z|qmCGYٝ`G|+\ny_zN,s0\n^^߹W~ˌ37IdQE}zgV#bn\0\'?7FQEb Ox\\k8u\rZWewQ$eXtjˢ>\0ZM)\0\"}˸lue__7/{M7Z\\Ow8/W[y/O;4j\\S3(k	˹ 3y#ECEHtaFnt7&QEAQE\0Q H3FTG\0(\0(\0(\0*\rCNTh]z}EQgĭkŖtVnas3f_tڭƙu<,v	d{Ek(]/[MoI>x;/4/`gKaDNCrKc/\ro%D~h\n}ǧҊ+(R)+\'gn~*\n\';G}\r,ObҹڋՏKU=%ź}:պ|pX㝨ǵWWNyٙbjG:ꓱ7z_I}jҙ&c?@U(\0E_*dHRr|s4~U\0J袸|FR(AEPU4}@~5fEj^6x\\\\Zί}@0ާ~p袪Rop\n((('),(4,'E.B.R.','\0JFIF\0\0`\0`\0\0\0C\0		\n\n\r\n\n	\r\0C\0\"\0\0\0\0\0\0\0\0\0\0\0\0	\n\0\0\0\0}\0!1AQa\"q2#BR$3br	\n\Z%&\'()*456789:CDEFGHIJSTUVWXYZcdefghijstuvwxyz\0\0\0\0\0\0\0\0	\n\0\0\0w\0!1AQaq\"2B	#3Rbr\n$4%\Z&\'()*56789:CDEFGHIJSTUVWXYZcdefghijstuvwxyz\0\0\0?\0g?᷇8$\n`WjB v1&1QVAEUQE\0QE\0QUunzE֡X\\\\\\H#QffP$7\rOT4/. C, 8f<\0$_y|^.B.e?a@A`doϧÿ.h\'`6J䴄v232kOW>x$|ߴ[Em֏Nwqf3[i˃Dq`n\'gM{K[&nU~Wbui{G%Ox*1Rzo⧅u_Gjme\\w;qY_?\0,ae{i;ܝ?\0&[upn~\0rT4,j濨y}uq{w9̓!I1I<\09\0/]k:Ɨw\"],gu#+υI\\m>NS%uۡG\0]OvFZMӘÿ3>ت?Gÿ]IO(R#y,@i#\"<\Z󪎬ݾ/\'#?-~_xV=b~dY+K]O<Q/ಟoo>?7V0971/H5GE{58&cn\0\\*OK,I&XjȞb5J\nޯ+\Z|Cs_Gs8=áe C_??V:\Z}:W6,WA)c_$,+#\\\rsG{+d/j<-_Bx\'{-#p 㸬wGKSڏ<\"xqb宅tYc^a^l.J((((((<??L\nkƎKlyh-.$ KFoK}[k96f쭨=&#!`e_<IxĚ]Mj=ć-#|:WFqx:/.ޯ>J^_Z\Z.4m6/g9ן[ᯃx[쪿i}É,1iLUIv#Q&qdOWKWn-S]k\no,Lߋ\"[&~T&VFT厵qxO=6xKc;03͓,xxO@ok)*!STf$mzoCyq9h\n\'߷¾!fᑗRLo]+FH@um4\0Iyδy$v4Re[\nt꺖FG\ZNH?\0y~Ai*pLCyg.w%ѴsBOU\"K~𾽨Gi^ֲ,g@ddĊWJό&&5Y`9a	A@\0Vu.MUe3\\Z]?fSd_\Z~LSkv߼F<\07Qϧ_W~?{b񵞧hmOMUYsT5tVkNEVNεU5tg#\0gVkªxsf}c?2	m_>\nֵv_hW64R/|du_M~-\nxjj5\ru\\cv#%HbU\\Z?,,]jO\03((\0(\0(\0(\0(\0(\0o*d	+;{k7ĐQܜ0!}\n#Hٻmկ4mI/~@2/S-fz\\43333Olx{a;Iv^l^Nw~~E{_NujW:{!C$91jτ;]7V>ugPH`\nˢ;mv}DzƋFnt;yqؽu5~О\'mzc;LlcwmO\rjj;ab/@n⼚hKF\0$8@|*ԏkL6[%*9:\nxU\rArv9ѿwq2\n֛xW->dapK!;US=J\0-˦]ؒi~l\0I9T6p2JpTn{Uc\nS?(b\0\'\0~U^,\\g|v1ܰ籠iGm	UĳIʷQOjƓ}u+i俑\\K`>\0\0y&[xpĝsU|G\r^nu#=\0t\n]ދ+o;Gqe.>t?wƧűcu;\0d=}~_[=q36s+_ib\rs==W^sqFlv[K;C׌cY娋Ж;(1#h<:TҙٚL)mկݟh٬)f]:I&ѠX`G;\0Ozi\Z]յvY+BsխOY?i<k`T`y\nOk|7|7Hc\ZM\\c\0|Z	e׀gk-Eݽ$j+t+²-3EV*O&ߊ+I?KEN2ͦVsFV]~)EJ;3EŸtQEQ!EPEPEPEP^p~\ZV	};K:	 c8r2?g\'xPU񄴶ݴ\\cر#8P&g\Z/mZs=ܞ@\0p\0\0t,.ruG};1|i7ǯxZƩ\\Gn:\"=$yZ(9NNRwl\"dfPs\\N\0MEIG`IEk%~b=s^kԬ5B\\>gں	xbK/0R;aOc6//mXA\0yĞXѭfVr1K\0QkU	en=zCM˩]^It&8?GSK2@9;B9\ZlhM$#3WV^}YX+\0ap9#\',Y~uMs}ux֊\'h3`zWyu+Am$QՈ*bY6^O\0r!TV\0eC~8_\\\0/mMNQciVWuX\rJ<wF>25fU.Ѽ\0y᫯Y5{a*ۨ$^8׭vzir\0G\0N=]mu+6F?\r+֙O[L?B8?άS^%68<Ө\0(\0eo_zgKq}*@$7! gp߅?4_h4njP2g0\0$GK঍ѵ	|U5å[$L~s7(p3`\\\'J5^\Zִz>KʒS];NٴQE~| QE\0QE\0QE\0QE\04v~R2Z|BEM}-\0K4Xc|+k\r}w@(=!|_g؅[RqwW+d!%gkN)wpJmH-Qb1^G]ڽ\"x}Dub\'J|0\Zdي⏈5Rݡ͌Bd{Fg7Lds۲.79rM.hm(ķJ12{^~<M3VӬt=Z;Y/QJ`1l3|!z=kk6گ~D#î0Ó_t?~nv!DϒH,rBcsOL0X~Yr/OIH<=.?/贷-nxڣ<9oM\'.A!I@0?Z|	?!-[}Aђk%cUSHNJR;\ZfXuЗIt?5>~!-n|l>ըJȷ^\0z(\0\0NktnNfC__ˁػ>\0aeQ\Zi_c|:՚uRCuB+ J.F؞[#Y,o|1ĭݣjMld\0$**~=͗WVTn8=#8[\Zk\0iC}Zݬ3`m19=+BkM!ff-خ^iFGS4K7siגFF؃G^v|2ԼSզ٥kγ\\\"PO@$u ޼4$63/͏(JVR$NP_c>VZښ2.FRcֹjKc}6{\rʹ[9G2 A**(+	\0\0\n0m;8:	v`}c*ƾ¯߇>ԾxG&1Rn㼷lFiS#$wxZ9Xa_pi<UJ׺\05G|G\rUUt\0QE}AaEPEP_6\0T~=OKXZXd[oH`Zw\0թLU5~f\0o> I|kVFk}Hk^[YO?/x)Qz~W=lal/\'ĴQE~H~\n9y/<.y:c:btρWZk$%G$r~m5Z7H0id0\'?#zMD#hc-\"gP	iW8죏ֿ@m\"Eb[(RPtDPG|	<[_Ҿ[{yMǍ	AfA+z[\\2V~AҬ633*|aEUQ@Q@Q@Q@gbCg{yvȁr>Q;S_66Ayn@îG*˧4r*s|2wWO[SOcXl&Xt:\rLB֦=3ǟi%73nrF	^{gQ9U.0O5Ήg5ەI%*3\0+kG%{6אHExSr	2;*9O-xCo\rwm$S[`}Gj@~~r^~ƿFˣ8ʤ\0+Fjf\0Wpo\0xTQE~|QE\0QE\0W_Ks^Gm gF5_YOIxɈX.i!<#~.x/ɟIKG#mPX\nJ?IvXM\0TfR1`ǵ~f~ilEcgpDp̎VkF<)V{vdsWZnuoy$\\B^Gbwo:o	N9\n{zsڹߍ[Ǘyq\0yϏ,-qR<M~*W\0\\\n4׵ڤ!?s\0`Zkx;\ZnVAcK!8K$zGMOZ4-ZۋXUG}MI_-\Z2[y6W+lj̓\"\0$\'8n?<yz?G\r=a};~2뱜8둎VK7Ql}SE|\04^}BUP2<cn2z=\'_惪hkZ4\\E\Z+B&RK\"܊Ջ=~%hmK1#$`R	\nOfCyy{/.RԐ\nlR	cVdS+bt-]|e͛F$խ̆[HlEvrqvpy GIO_W>\ZKw~YHIn}\rE|ab|MWGm% b`\0O$y5k?3|0ןM<Es$_lQ3DP0MGOb}>?\'g/.z~YF>0A?[\'ך]Ƒʨn1Fx AWW[/؋ydT&{aX|Vu;K~ZMbo\Z\r\0}!QOl`\0\\]{O<xMZl8YZ35yI\ne$+#uz[zT7|Y@^W8QL`מ_>Zb7\0vVPv!W9n}_zqmvMO2PQ_>𾛤]VavAnJnJ<\0Ꮟ8yÚQE}EPEP_\0oI+6wM̚U\'d<D*n>\nՏ_>ejѢR3yEV|cyXI[~\'v[&g-t	54\0\'m18 \0PY5vږ[ܽ,9I`ӼvqJ~ >5ӳ?YWGC=^5:{bmA>qVoonkJ-U9֧ō!.V@XrcX~#<q6wNaVEc\nEt~VMX.!hYFPEno	x+4])u\'bUc@j~%x7c<A?5m/Qn$\\\nǝ͒@\0@^{IO[k[5;[O5g\0\ZFڪ6|W\r|	x~%0YGcO-0v/ԮH+4\'\'w_qR^mEK>oˉկ<ej7Je8=\Zχ:|%1WX$S20_6Z?ǿߵ煦ˣ]zv$\r$+v&{e/]\0qoI)W\"\0}˜6hmm^ױFS_u_s+A<;\0ƟzmwŌqLnc`@1z||\'4anwϥGܿYӊtbдwSS\\7Ŀ|TїLԾaǚ-nW*sӕ#dt&-iwZsUQ_Z2>ɶp^\Z|Yj2YF<s1h_9Gˁ=k.|=ྛ4ɚI8|	9,FOGl\n?.W-8T::YrK|g˵B_/,e\0V	wxo(Hn6äw/O<K^/u饧=R)%Vm^I6Wg&xwa|ERhS>E̊8\0WM/g_JW\0W\nW^?ԯ<l\Z_//&\0G[y WheFVp9r\\%?iW\Z%>37ΛEd,;d73cZxTJ]Lԣ.\ZrvwZ?G]xW[yC߷bNs_Xm-P0\'ק66U~qXw_F\"j{l{X˕¡uXM_ksqm#E,n0Ѻ#E>X0:Fĉ11ztE\0i?U7HQ[ݜ渿\0XٓɈ샯kys,Nux;A%.K\"U[hWaSW\Z>ioLbX>\\\0v5$	5?v\0gVhO`z,r~W|u.\0ZiPZ?)ye޿!oοIkM筿C~&qoHQEυQ@Q@Q@\0H~r\0gਭ1mIF;fP:5\ZG|@ֻ}/V[\0p]21\"gW#?\0#\0hkU|4i:ܪ\0B|eZk)r{t}3Wz+~9o\r7ObXѪy}iXVwrUFK_}7WboO7Q$R9?4&>rJ޽K=ReW{;nfX$*MXsc>aOEwQSԩ͹B^b:T\\?7`Tg[&]+X^f4Mǁ\n(WcE]N\"h\0StCANN!lվcS1eeܒ?:U-UVu&{֍fǧv˃DSpqfSnۣvC*V.T\n6_Wg+^s5Ŗ\\s,ۄyss<XK\'HrXdJm\\<QeP5	VGv\n8>ܐ+\0Vڅ}=wԋ*|!ol=2G|VU]qR?|UqjZƥr.E,I=A+S7m#G[Bcg\n[a sz/Epcw՝躼.eK3o*z$r^\\G1w3\0R})\n/ Hl7a-f1?,63\rmthrQs⫺4UE_`,(V/k\0\0L\0{\":ȁV0xP\Z4.\"UY(B(((\nZ藒[G`.X)#ѣr\nG _\0W?ت7+CCm]8!&(f`]q#kgySՍ|`jV\Zvc8_\nUFn~j||\'_Q7~x㰴Ϲ#p#p?ϭ|__\01{7<*T@J\0t_~}FzSvϢV24ݿUM+kNͳcav6Uїuu*ñۭ?G1F3֪u4袊p*.˶Ϻg֡iYmNѴs&;7ۑ(,M۾40+.[iu[;S~Ub\")hA*RQn<oֽF|\0YZOsFMdhgRP1CD5gms}gu	\Z̈K<e,-;c򷡣gbQTb=k(H+\"VSx#گjC2$7݅\ZM6vQ\0)AX5u+Q\"$vapzd}}\0E\'\rxz<Jne_͸צG|+\\+Dh \r|-\'GgDԵBB?sgHPb8U\0iֿJ`O&\rkCkxÉ-lrZyL1*ÒW~[ϖzߑf9;\0z&{\"x_OaMHmu:cMFiCmۊ*(ְU\ZQI}έYUiQ[Q@Q@Q@G{ei%1[̥$E)CRQ@W\0!\\?G]mz+F<G\0-2;Oֿeo[xEMJN!HGsC,9S!BdWW_o\0}\"\r-&\0A )	q_|?xxn{Fc^&\'>v\'g$dZ5e?X?ێ>~|eog_YU\r!mZ2\\ye2\nG\rZIˤpO$au?!a붟CAuo\"os\Zr2 8r}k/ˡLDS˲fe3]d]X[4$*GqpoP/aoh=.i{ĕ^ؿ|td0%Y~sTM}\'jacw6ZC2}&hm>H\0A`DY{^>ñ5iNO,ex]Okec@UF\0\0W\05$dġcXn*O~ҞƷgP³I>(+KQKwbYenNg>b֨WAi3#d\0xR7ՙ~R\\Ǿ܎\'Qkmubי?ÿ^0\0+}R#Hy\0#8#-X*$_?V=ZG[}Zi|{?\nv5TK7W{ey[ܐJ\0I\0IWX	thd{{uU 1+s^kMmֵ݂#/&X\0I\'\0eg)(y\0rf˯Ex6D@|V:g	\"j@Џxn!A\"Z\".8frH$e3+a\Z_߅3YҖ.-\0!EWyEPEPEPEPEPȿYψ3xWXh68H0?\"\0=\"|Mj\'żkCvo-g5~Zg^\\c6A!P=/\'|Y[3%˽\0K/|c2\"`Ö?1c\0\07}.&5/	fmkxrO\nI7kUFY>k\0d;;k\ZQlsip:S8Z.?JNu޿TnrAQWkЎEHɦ#(qk?hq+{kk?j<hFK=7\r WR:	RnU\ZΜ?<|X\'FA٭W(8o|>G>zf>>_v;^k0Zv5ԤVUa9xxV,`Jl=3{׋뿰w-9?%Ζglv=Ql8{?C|=?Pv~!|5Ke$䶉gl*H>Y\\7~zՅ+=zH[ugҶ\")md<,?7[0\0ۊ<+%8cӺjjiN\rSַ\0y?}#\r;:%h#VEQy.X>Ƴ(՟2Ң߅-kgPC#]^jq;VCv~wg동#_@OJI<\0gs;7qR?\nf\\Bohƕil=W罷K1p\0[?Ҿd\0$i[@HaR%P/¼N!M^.(tݽ:9FS~ǎif9ė6WWr,0G4H\0Đ\0x&? YD7ve!N<(Zv\'9#%pT\0M\'׎\Z?<]\\xkID[^w4m\Z(ѪKr\0\0$ἅiĦ~zm׾ik_Q_t|XQE\0QE\0QE\0QE\0QE\0QE_V-u.6{yE20++H\"\Z>\Zm<7k+){h#2m++RUnV_ۣ\'\"\0XI%\0y˨AywR{F.eGo51_ך֊\'dck{W>|X\'k+m>c]\071,T\'JV-J[qC7uEd3++O;o&PGqOE=m#qqG\ZʝPtmަZ(#4Q@K:(\0lI\04\0I(_j\ZOIlgbfM3TɷO$彅z쥤\\h\Z}\rc[oWf[XTh~3<x?CiHll&R0z9=zEb%\'\'-XQEDQ@Q@Q@Q@Q@Q@Q@Q@VGu=fUԷ,H$3ndLwco(l)Ro]½s^Kwt6̓#K3y.vY0 \0jwRݟ7\0_]x1Bnu9Dd`n<{>{F\"Eu\0l?uLyhԩ\Zx;>2?ki4q=[۸+kz;_jG^<֔Q۾\0yx5򱽏(Y+nQEUKy~?J&y~MVrdT~s?5\0\ZWs鋔t,IZm3ͅzamۘoS+LlDҹgQA̽g\\k)[Wi\0\ru˽&n%זE\r4eH[Pr5\\ܥ#m0Y+O|>lkhDogT\0\0qQ^Щ,K/	_q*jmYy&o	Z\reHXSy:*tV=f4084cQ<=#oJJ9~1R<QEEPEPEPEPEPEPEPEdk:K[%c-mn<9(H޲\"_MhR_]%Cy嫎MR_M<i?~d߲<*\rJQGvb@כsGubPT4ۨ	e-q(gqlyOGPuku?\n\ZMFuUE$ڧ}5\0qƿ	6^$4/fk#.\0\ZN2JxUQ_G,y.䆗I\0ۼϽnHT+״ZMcG{m<we9dܿMwV\r?+Z[*UU\ZG>h6Y#AFSEiV\0^2mnA\\˯?+<兪ְ9qV\"=w]`+\n(\n\0hi3F>7/s\0֫ZE=LoGpc̝0Vd^\Z5JWlTpu죩\'ݢSwcXc,+M]🅬=\'OʳG\',}Yv\'$ޗYo5&Fa}ݟY\\\Z5z%ݜWĘ/t;]B;8^Q]XW*A?$kyussg˝1]rvSߊ;I]ҬmC3/X;Ե,߀#wʧ.<M{>aTЪ-V՛kե˥|ZʾBF\0֭[|A]n^]>F8vZ(Oc^<~O	`GxF+n\\Aފ9(((=v\Z1ڪ=I\0l[5lKRZ5*,{Y$EF1+ xও?sAx$ꏧqbp<Xӳ`{:y:ZAs~O33y>_-|TlCCz$k V_>|llt]b+Hl$ep?\'YvK{ə8W7_5ud5[:>BfߛK7A#IY`V.ڽ\Zo,hp3ܧuw\\m$vuQ\Zv=V÷Xԯ)Օ,Q!\0iOyjMSrokz-8h[w:moi]уQPOSgs$fons\\?XJqPq3h]]?T3Q[khu+F^H\04l*9\0hϏ_<QxR{]23XId>[)\ng~𧈤Mͬhnϼ*\0q+oۓN(~, y;	o!/,RV\ZX+\Zk#{nw,J9pلeR{^OFQo[;#G㭟3.i6jP rGNA#5_oTnĺޛH =V42d]A	2#xw,k2OmyއiJ&Mn^:u+y^47Ip]OfV\0؁_8IcyjwZ^j\Z{agS%QTI5(6&#b5y	n7\'C5Y_\\W-\0y=w	\"C#ԕџ&\n(\"OiIX8\'Ii_jZ[5d,9C>\\IluvnHWWuC+OXY=|}eʟ*/z[y/?fڧi?v;V?/ӖIm>?jد1<KyaZLm,¤>^;H}-*8OTT9>GQE_q?n?[IImIY(H--`.!sx/v\rK\0:;m^y,F	]Nr2|MA_YS<>jltF9\\a8(B>~!h\07j_)ow4p/LvfmŔ,G\'W9kd3\'++Z[]/0jS	S։Jywѭxv,XlH2&9M3\0,ߏNɼCp\Z>EjBY4H4rc5ޒp\r\\j}LG11d5~[a[M2u$,FVMc71+Ԏ\"{i~vǚ/y&M;7n]ﳞ;Q\0ʳ}g$Yn5J$,2U`R_cxy5oGw;\r+[m[sJ.~HUK=iڅջmڨ[F e$rUvFEy?ieς~$x.C%Şg6>gLtc[)n\0\n*[vb{Y<TJ2#Ѐj{qj%߳ywO!׵h?n<Sjxoef\0Fh;wDT}ioOVOm\Z~k,-ns\'ɘg=,@,@o|%kT[\Z7W6:Y_}QY֩#M#3ucPܭ7݉:S%K6-?0Η<{]φ=&8#¹^\Zh#_m&`NџJx0~fF\'z+3[M=\0L!W$2ForƳDu\\3lڟxru]e|A+\0Æx޷\n(k&6]SO]bIeD^x^8fO|X|Aɏ?CUo\0\"闚:?![9<BYp2@+Y`n\"wݽivZEQiIvZ鷪>W\0ǅo?\roGxvd-\r{mn$Ė9&/\rhv1\ZtW3|5\n)t%Kp?s_d6x߉<>ֲ>}E~އ;BܝG+CJöoa+U+[h{W\neeT?7Hf5%*pilv劊WjɥyF3J%7:E7dֲ\\zRW3de=\0JGǊ2Hv~kyWSFR8\"k4~+Y7Tװ&\'XP8<rG9𭯊;;k\0F\r|ߪAyrGGudFـ.b9(\0A+ٯpnv??F|Cz;|/B8\Z5IozN\\yqwfQ$e\Zfm#\\f$(I \09$_@|\\4ȿZ.;>	g=.nyr;w&i?$\'\0sЭ4Dv1,Q \0z$I$Whol业ET*$%s[(\\m*8`_2tcʀI??ۣ\'ںFt=BKDܿ_2ĞC\'7⏏YZ+KɳhkcldؓbR	%[[͟W3jWi[Zh_l+w=h%_]2YR	oʸ<LBjʕx4x]6^Y-g*KЍj W2WjJ6ik~Q[Klո2*ԖdJQrɳbnY[w}Mk;2F- \rw\'|\r\0ŨwxjI,E`۶ȡ߼ARknn?!Ǡ\0>̈́QUgEBwhI%{nFi*5s\n++vKdnݮk>c\0M1V8Zg\0SWk\nHIJmz	|U3PkzF}_iSǕ=]JKOe`{GoCֳ5(=:5\Z҃zm\'-5o>.)Gt>k\0iOm6ݦ{=2Mv+w.nYBy9^\ZCC:ʦ9+$g{}^mb,p}L uT\0|#|7+NE\Zxƾ6چ%矷{iHw+[*U@_C\0x/}kxcWCԠ0Grk+.Cc<|ז~1[h6f<+ $^éi ϙ\ZqעW)\0COAǃgk_~8i5;Dܴ4$HPLA$`ׯ\Z؊5)>m-0<O.ZЌ7t+J-un-5d^\0[ƳtV\'e\'Q^\\>	?SǗboo3?4Q^lz5tb-GhS\nQ}Rl~|QEzy׹EWzf?,m/\0	*`<Um\ZI#ul袊7\ZGGBϹ|:|Ek[O[g{xv>K<H\"]T?f/Ú[h=ơ:Y±3n%\nG˒Wְ6s+W^¼\"Tk\r_\n\"vmd?]+z:k=SoPU\ry7mi~[\rѳ*mx *# W&e	Iw:2U(;4~:$>6So8緇nDbF\0p!17U)>Ukl*xnm/D\0GM;E<^)og_\"h\0Z@OM4Q]u6Vxǈ>11Kx_AxL\"dW.%gFʷqO\'?[Z׉Mei䲴$.nH%R1\\QEx̯	\ZjnWK^NVz7<3CG\'ڐ4jUf.j-Kq/=LJJ*7e[VQE˚+e֥W?zO:(Z\0:)\"\\csQǮ\0?\0(?1a\0Z`~־][׉6ZA״].r(*89W=OAOcDrۋc-ٽģi @++QLIƜ\0\0'),(5,'E.V.','\0JFIF\0\0`\0`\0\0\0C\0		\n\n\r\n\n	\r\0C\0\r\"\0\0\0\0\0\0\0\0\0\0\0\0	\n\0\0\0\0}\0!1AQa\"q2#BR$3br	\n\Z%&\'()*456789:CDEFGHIJSTUVWXYZcdefghijstuvwxyz\0\0\0\0\0\0\0\0	\n\0\0\0w\0!1AQaq\"2B	#3Rbr\n$4%\Z&\'()*56789:CDEFGHIJSTUVWXYZcdefghijstuvwxyz\0\0\0?\0φm50юiQE\0QE\0QE\0QE\0QE\0QE\0VocxH\0X-48<=p=O5-mA\0 UV?lnqAwcSYԭ|LҝGQ_h_k>i就Fb\0!f\0W꿴܅GKS-ml,|:&uG>W[[{/K\ZȥrjUɬjz埌Ygyi#G<DsFq\0;\0hG_}E|SᏏ9ӴB?_KN]m2Ey$1,_h\0^מ2L曋6k6O3:qu#X\ZmO(3eY?VjI\0E#>q[%X\'ҽ28^,%i *\nF]\0R}jj(-*Z*\0@ih\n(\n(\n(\n(\n(\n(\n(!dX/$0UEIhJ~	/B+BfR\0\0kk&ς->=>c#8/~<;x-	&eVea\0,⤌5b1i磇_ީ\0c&.ujzW\rkoˀs988湽o~vbf0YS H$c0sjwo?b5Hd&Xhq	qٻ\\uZ5-2ʮneppO w=8\"էw\Z5Oa !Vlr4N2kٴoړG}5ơo|\0eB?G=:l4ۯɨLn;li+ct,4R333#bz4[	\"${Y$gƾ}7N%6)u*ȡ3̙=6^8_R+8u\\iz]g*R#Vl9v-@KxYԼawxrKbgezēkǺo&ubvpid(}J\0w%1i\ZVHĩ5FA$BC	nebY<[)\'(?.4y5(dS_dY[n8s|	!|Aq\'<:y-Ct`\nn+g{yFS+GG=n,`q\0%\0s>:LSդ~3_/577#)$g:ԯ5W<g74k6b#i<|цpxd~\Z|K~,FZѮ<[SĐ?xva# ^+u<lF~FQ]\'8QE\0QE\0QE\0QE\0QE\0QE\0QE\0QE\0QE\0WP/,|\r([ZD=8OǸ>3|JM[^k5\'Ȍ7\Z,F}kxZ5$xNXr0XxqpkrǑu;4y5_N\\I}ڋ$)!cӍ\0u$+\0Fԙ#H(a{\ZxS@[J؞İ*3Wý?$0۬s]\"5Ĺ$u:9xU{5}I-=\'g-mJ]vGr0\\cQXO?(Zk\"X!yOI]2\0t\n+U%-F#Q[L!8wrJmfݴq2IǽTҼ%k_k\"mC]G\0JԢ5CR%HjFиJ|5kq\n\0m\0ϸPҢbaQUUQ\0+7ZV)\0,*@gթEi=|syj6zl3>Rm[dcz\03x~_	UV#&|v}\\\0_w	u?.Z)T\r7=tSI;Kc2W\'Þ+h%n$,HFNx>\n:Pܓ ?y{	9ǹ!|\"Mb#M6hzaԩ\\֜ˤM$U9!8\0\0ӑ5өfȩOxM6k&hl\"YVDaG\Z_0;~1_x.bXy?Ȑ$}+S>~7	+C0(\0(\0(\0(\0(\0(\0(\0(_)/B>u;>h4\'\r<+][jML.{6?~,\0ۢl#Ra\0}?q~t9V19iVݦB~^nL$azWSjV\"nbPy`9ϡx\\tKxz$)`On䟧A\\Z\0x3;Thf((\0(\0(\0(\0~&-aaw_)x_o,6f=ʑČf8R8kk}ëGY5rLC,Ij>YXjsqAxG^u{@@EmAJֿ5Ai/iv>ҰImː0T`_g}u壉9uR-QExQE\0QE\0QE\0QE\0QE\0QE\0QE\0QEyI7XIiפ~׮K˨Y.&udݿ<)\0ד]ܵܳ69r@Iz`#}̊	ƤS?1yW߳l+5X]t\nҿ5ZZA\0Fo¼xn}6#-QEQE\0QE\0QE\0QE\0;*FM࿖W?2sԁluX>>4K&[y.m!!ٸ9Tax3}WWz]ҨXK^A/ق>`x`5\r:jYؖox؞\'_:i[+=9RAeZOU\\^-ZDCO.gu\\/\\@u$\0M}6^>/0O]$w\0^Q@Q@Q@Q@Q@Q@Q@\n2ޣ(n#d>Z>98^`\r>uOx-e9)4v@S)[Q}OϦRA#j^c#II$K+bW+{b;ƺ,c*,RDEʅ#\0yvnO|>B+Tϳl]́+b«Ǽ֬|+ɩjw1ZZS:Mq]Ȑ-:;8U!Xz\0*NOT__+gQ^W}dUkMj0d/WuῈ:vgrPHuNIS	|,ڢsފ@s6b[QE(xImjiH3}r\\ߴj!ETc\'\"U!$VVsx\0^ݥe4p}\0l}^ԗm{D9]F	񮡦Ɇd0$oOG_r~ź\04˫[|Qep\n	@r@bp]9^o[\0?*Mρ\rI\rjSvU\"F&>Dd99go;9F;&}6Y	^=)je`řrXI\'55{QE\0QE\0QE\0QE\0QE\0QE\0QE\0R|;c{5--!IUYP6^=י|JޟjYkXpyp	=}֫~9[ͥj&9%r$~5QC.z|yC|(\0akvfu=[n%<	<5ǪϦk4 zg\r\0֮U+\\h	Nj)\0Me޻*>qּ\Z|;*dυGU>VcЮrLk{`\r͝8&x+-io4 3p[\'}}Mtlz>|yg_ExUo0coTS$?@Y~Uy#l\'n[]JnЍ\0}I$k6$\\{\0O`k߰XC],ei0j\06	^\'mោ\ZFx\Zl:z߁\ZmM+_64T^C}\0G-nY⋡g]x)q3=UI\rkX}.b5Z撏6\0qO^֤kKmJI$T\0\0	Ps>S.#k:kVV*8b;VOߎZī#\0wv*\\Ik$:nvJѣ$%ȓD:moN\nnGcRe:ѥ\nlN~G|m،椂O6o~!kVrvF;W跷W\ZS\"\0%J	928<y9+⇇6vҮf$ۙP(+n9C\\ǌ\0k?-4Xmu{X:eR7amo-memH\'ju914%#..5$`\09K8gv~4	Kq$ɩ5C-)ERr<gWɟ໺uB|c93.<m5?Q7z_\0i&ˈ|kuZ[xeDBxml9rU[ݘ̠:쁧iO\n5y)+CG~ޝŶ6ZEq4F<q:o#pHF{mxJFwPZA <=\rs$\ZP+\Zmj2Ǖ=~^w$?OU~Ⱥ[n\'Pe[3BiFY?^-Yҍ\0#-#D:&o#ColRE\"qU-A#G_?\r=*Hfv`S~55hrL&Gq]-}n彿3\0B((\0(\0(\0(\0(\0(\0+	\'FP+qneG**}Ճ:5Uth]s<z\\Xdm\\U\Z?hk-\0Zm\0\Z~˦1zzu5ib->\\!Qs8?Mj1~zR+?.)㧊|7e}X\0»KI-Ğ%d*##I+yygϻwCLu$m_w#|Hɭ\0~+\0оh??>0ossdu*Cuj0NP.P0wd|aώ<agjP)EC#au* ߡc\nkԋh~TQ,min\0y҆nگ_̗WU$6D%PPHH8l\0LsYDJcZp?²y^&{+J;#Bb?ES#ĪmcEC\\\0t|#+L]6?.+=/|uk_v:Yiڳc\rL+PBu]FWdUқRCE7+Ŷ~\0\0\0j5O4>uޛ}jӺ[g!vVy\nC\r1&\0P\rHg=ioP\\VC8(;d#*FOQ|O\'uu[}\0*my=>xnM?k\"`rQ \\YAag \re@fzE{,];w@Y6H7{\0zz6Y8m=rW8Z\">UNtF=FG]V˯MCw~Vͮ14UK-ỉ6gr2t_\\cE.c:RK_KXnvz+cۻ\n((((((((w^xŴf]/U	pX>zUc?um,@=@z]|xՒ[]g\ZoeTSb͉[4*˱k6쉪>y{o2319?SH\0S+XP˹pz\r$TA\r>BȾ.*6GWk\\lv-zNƖsw-Q@9*D\0?jM\r2غz 8Zkۆ\0}=xoƙp$o2;hXޅhC\0#<mc%eo \0v4ſ?ϫ5cuQ_b~~QE\0QE\0QE\0QE\0QE\0QE\0QE\0QE\0y</}s{͑٧_(*O⸻36һ E{ߒ@!e=y.$6,21 A3ys,tR:ϴsHԒ6IwdiWX}VV85	T^T%1Cpp0֥fy+,q*Z{4Ux&ӎrĒ>/w	\0~j)rc+-ohF^3W{rjR챷kOf>?OkXX\"C7l~u.?l:\r`btQHs\0pŏVg/>%V2wЯjZQV*;>:0OΏ%tE\0YLYҭje^3PX50Gu~WnWö+{ck%Ep^V$/<}Mw$Foʍ\0	桲O7]4m,>;88c@WetϞ4TI?-E:QE\0QE\0QE\0QE\0QE\0QE\0QE\0QE\0Hj3$+\'y?G[`uip}Q\ZHԎFַ\0)EŮ1\Zɹ?<ӏ¬W8I[Hq٫?Ok+ƞ>mƢ7n9FH>:<Q^dQNkC_w·V!Tc4?wQcV\\UT\0\'OOuFl;d5F*iZ4p|ѧoQ58#e0ߑL?M5)ѱ(\".?b\rT`x9%SHt]:i$im0QbB>|t`zzWKdh3+ߦ|{-	4\'\0eZ\0|;t>]ZJ0+>~G\rIoxz_g5{c!?~YC1nk8sv}Jhr6#Exfc[k\Zj@~y7Zԛu~i_^/F\\נH?sNƽ+ྏ]{_M}UxdUӖk3.Y|\0\\袊C󐢊(\0(\0(\0(\0(\0(\0(\0(\0(\0(᯶1d%t=2+CgUJ	ֲ?GC\0ׯ03}vE-]Wm2:W{CfgkYz!/Lt=VҝYCcHY_7q1EW=OfZkem䨍O\\}ZQDEMjTޡMO*oӪ.m8\"a\"\\kIX\"RN{[ڧݷ&}Hy\0hM}\"a3OsM}v>oq|U_\0%Q^!EPEPEPEPEPEPEPEPEPEPX>-]y\rmMT`s\0!x*3Ϲs}:<\r3tmjêȲFcb[\rj#\'ݹOEp5	$cgr\0\"K[ͪ-kc#u5(v7{ta*ZjQ@)MP;+/nUSnƯ%wH$p2Mumq?Srďo;;U-gI~\rf$vQ7(vv>xlc3cclR,ѫܬScꓔ=EUQE\0QE\0QE\0QE\0QE\0QE\0QE\0QE\0QE\0QE\0\0fzrpIA\0\"$ץjRL\"K\Z&\\^Irtv\\K-ExG:͔m[Kxv\ZQPgm*UM2*ww𯗊>ִo:<9%!\\ӗh$id\0\rIEVGݿi~fǭIE pZK2̎@ϦjnNoG0?ʰjaM4}să~,ۦg?5uU\0n?q&=@ܓ\0̏=+2R]֌>6.VeL((\0(\0(\0(\0(\0(\0(\0(`YrI@Gyyk$0gF\nRI\n_v5|~0|wԾ6;KUɎny?ž e%$V{B-_M_~/2GoI\ZŻ4\n]coUqe\nI\'+nM\'D[et	V(z\'P5++놙tFF~S־c|Nf-ӌe4\\omm4螩rzg;7?cf\0Goҹ\ZtEQ>ޟU;{f}Jdʴ|hC\ra\0c6?rkX\nj\'֤V3\n((\0(\0iBS{W<\rm3G\"t8 Fxmudb(\0ǡjӾ=>\r|]]BtR]([GecCfhVVSW<;M^+H8g9gH0k\'KVsl៷vK[\0z_\0+ aI\"QU(#4~#~ogkay*Ks:ۙ۲rp>漣ºΌi`8\0\Z8.OYvNNWk]I{uo~;Z+OV\\⺳e8tqEX~_վx;I\ZKiAn+G99x_\rocZq q}6=W#޽/TjeZŻ]ynoH3r(J\n(\n(\n(<?ZU0M)SW~>$\'˸P)koR$/|ZC.#f?N5c8.R8eRSK\0<Uii$:r<K+`j㬾-xzvܰQܜ]=ݤwѬUaָkC7W_U?QkqYe7<DSk퟿յv*֏o|?|733R^GZG4M9Ak9֝EɿWs>fs+OK$>\0J%jPzPJb`8\"Ѿܨ\'De̘]i<4mգp?cYtUO^OO?_e{~_UiXcXjkS`;?ýpY6#BɱZRa\0p\Z#a2ö;z?ֿ3,\\}6W:u\09<kY#8+&ӫϰ\n(O._-%T7wR_1mE\".U-\nlKUGrqLZm2J1TOXO2Lp<i4kХ敫I̇di&it	lĊ]\0WÑĐC>Xc]-zҾ,j/{\0|q:[[>^5?7QWG,z*\0A?dVcL xR}|Af=6`|TzWSmasl_uc+.\0|wyX^v|A3DyvAbݭ*ן_sV|5|?\'\\`/+j>=SJZ\\:p_ r<q\ZE}gZa\r7ck#m0YwU986\"ye񷅵6\0TVywfߴǋnmk۸u<rlS/׈&tv=:(vV0閫1qau88?iGQ/ufҷS诇_<{\'ٙ\ZP%+\']|e?|5G-I%ͻY#8T#߿EgĤzŜoȿ!2+{:_W5ѯ4~ކ;{W~>>!$~+_⌞ኧgGE߁tۤlAs[ysIjiyی8;~}pv٥KoZ{H>6B\0\0H??_T:a#S\0䏋kz,8NXo\'n[Rɣ,̿k\0{g\0¥ħ\0sB\0.K?#\\sFC{ǭE?/vXD}\0ɕ..ުK?DoF7LMtn=`E~\\\0pG/HU\\xV\"m¨TJr=jx.TV\01K2\0O*+#\"#\0I\0h\0A\01\0Z%_vS\0?Y\'r:ޤm{w#e?~{Dw?I \0\0-ex\'EE\n\0n?/yOM~O|q~PK/D6m|⦯_\rׇ;1au8R+>\'*EE|!\':vsCG\0M\0?Y\0\'<޻bQ>\0<W\Zt]CqG\"#X\0!\0R\0T:\0^>iN~c=ͫ{i:\0ǯP*V;D ={J?sN\0Dn\0\nv\0Z?&Cݟ\0ȵ\09\0\0=w-V#\0$\0\"~t/kf\'!W\'DӨ\0P\07g\0;-/A\0>?xEQ[\0\0OJ+o\"i?\0NGDӨ\0!Ϗo?I\0\'E19U\"=V{^X\0ӗm3q4,ߏAZ\0DCM\0¥\0\\y/~Q\0ɏ0/(U\0%ʻeW/EEu:[(\n\"/_rg\0EU~qm(\0\0tɿK?D\ZS\0↱p0HU@Q+ß_I<;<\'in[Ą`u\0_ZK)O\0\"O\0xIש\\mݻ\09S\0Oӊ+\"#\0Io\0)\0Z?\";$\0RE\0{_6\0&Gݔ\0q\\Y<W.d߹V̮:w۪·¿\n,$9q\0Wÿ_R$ħ8\0ZʧQ[\0ʏe_m\0\0?PvII\Z;O=۽~j\0WW!T&(l%??\0ERDw_I-\0?W\0;}Q_\0O҄𦚑8\\ϭS{}ԒG5\0$\0\0-K)O\0\"G~7{\0)ae_\0%\0\"~IXS_?ൿ>#0x^=:|`Glr2ڋ9zT9QeW^~yq;EI-~'),(6,'F.B.O.','\0JFIF\0\0`\0`\0\0\0C\0		\n\n\r\n\n	\r\0C\0pl\"\0\0\0\0\0\0\0\0\0\0\0\0	\n\0\0\0\0}\0!1AQa\"q2#BR$3br	\n\Z%&\'()*456789:CDEFGHIJSTUVWXYZcdefghijstuvwxyz\0\0\0\0\0\0\0\0	\n\0\0\0w\0!1AQaq\"2B	#3Rbr\n$4%\Z&\'()*56789:CDEFGHIJSTUVWXYZcdefghijstuvwxyz\0\0\0?\0_$rǚt>ΟJYwU?px-|\'[nGx-|\'[nGxOc@\n+cF\'\0Oc@\n*z(@((((((O%}gB3%Qvb\0M|L`KMVe[H3`\0s\n{=&ܨŽ~-~\n>\n<4~	v,onbSE4xķQr4[0=\n/2Xּv6n\0Oew,P;Xh-9=l}T\Z.ot˦|7<=ִG׌]<\0t\\Oo\0/\0tUnndֲ8d!_QD^o\0G9bV:\0f~לּxK;d}ǆ~-& 5Uy,no(pNT6\r~	և[x[Ru+\'Q;3A^ѓ*+E|e.\0^ְ|LԤ\0C=XMqo`\0&Q\n6?Ĥ\0{\0_oǝexNsK\0\\tF*(InzQL(\0(Vi<V&MgP\'w?vՏݮɴ݅77־]g?+RCnh\0m,bML)Q@Q@XXGƠ=PEPEPEPEPEPE2;;y&D(EI|`a:~_Mj?S`CRnF.[sxŚ_4Y-kRtqn.c\0#>үt\0\0,׶h[&:FkƏ|j\0<W\rS^7sHsFu+stF[\'&yW֡;/q&V<D*/\0zW7EQE\0QE\0QE\0QE\0Pi(>~߿>|]yۭ\0uDd2෶Ak	KbB3!\0$sERDJ^\'&\0XFe&ӯR\0=]~|?|+}JI<.`}=H*r _\'/LKo۩:Myuh92J\\(7b(ZQ寥:\0oย\0(\0(\0(\0(\0(\0(\0(\0(\0(xŒyl-	\'ݖlb$?HQ\Zs+s}|*gh\0/s!Q\0b+&k\Z׈5{٤\'ZYf>\ZX7vwF<(EQ@Q@Q@Q@Q@Q@Q@jx#ƺßiy6SŵG\r	 ˢ?r?e?539-|<\0E6x\n_=JfX)}6B}?[EU#iX(((((((((((	\0xwM_\Z%Ɇ\0yxGQO/ԇ`<NlQ\'_\0~\"jyx\\7p72\0vUP\0\0;TN]\rQYAEPEKcc>w2\\Lc$.}\0^1xmC&;c?*m,GNp=N\rDF\nv:0ZJ-#ɨ<\0ϺkoxmT|DZG> qϵz/t)&eqb#2z4\n1sף8ꚸ\0d8+PۼOƻ%𿀕?HmJ~5(/3^W~h[xWTl:mHKwb*լ7ѝYO~Sf.\"dVDn\n?g\0\0v>VүK\0He.|?Լ/%{Vs&]ߎk؏}E:eeNڦqKqWg|\0gO\'|KqmSe`Vsw}#?R^[BKGr]Tq06ab0oG[QEthQE\0S\0ElY3a	*[>RU\Z>&OF]cK{}JZSs[3+C(\0(\0(\0(\0(\0(\0(\0(\0(\0(\0__~㔭ss4c(PWn@?຺2_3Ӓ3s4\0XڬnGI\0\Z\0eG\n((|%ዿ\ZOlc2j3Jv8Ijʌ\\?Op+VյD>h-\0AbGPVf^t{_cJd֕|jsrg,pxяE_(\n(\n(\n(\nڳk5CoM9YL.{<\'>EU:8=:*韔>52[HKu8*GbC_h\'xö֭ukj>E\0?_G\ZG9]S[n\n(<\"\0Ķ_Ũx~i7K]ZH\\\'e3}\0-~)g`Mka78oU|\'Q[aEPEPEPEPEPEPEPEPEPEP_?d?\Zk,RKEu$Xت0Q@֮~?y|&ƕrT8w2H?xW9ޕ+?e\0^^!R\'3YȑY[*8g%3ZeV۲8-;L/cS̎M}ɗxĐzєaFzH# H_Z&gyq/Fc`{W]^.\'.Xhxn8i4l(ϩ\n(\n(\n(\n(\n(\n;~+j3k^E֦ɛk(`=q+JueMEM?gY][~\n|S6Y >D=XpT:S<AnI<?c]\\[Wpe\nsųBr+G$d+#\"YU^_,&!ӳU\0\0m}\0oGtD1Qe0F33v|RZ]auG4.$GSAC]%ucWϩw2Y. IX/@YA8tEPEPEPEPEPEPEPEPEP^\0A+|i--[_mHbg1+7^߄uMPΰ-%O\"a@~]o\ZZE}^g)ہ& 8\0e{0~v\0|x_|r]_fm<;l;$V?ܯR9&qqi\0rI~o«]>e_kE?`>@}a}	<ue\nvp/S5~EWϟQ@Q@Q@Q@Q@Q@Q@|+\0{6&k\ZEԁF{OrƾꯓЪ6Og#λr5Y.5%,M}Ok_~<48C,P/-,jȯ\0\0e~#-|?3\0h[I\\55DUUQP0\0((\0(\0(\0(\0(\0(\0(\0(\0(\0(O*e@YfѴ+ʎCEn1\0~E\0C3i\0kk\ZM0Z:΃go]az|5TQ\\zVV>\0z|#~9F}V!%N~+Ǿ~\Z*t.#Mpq?\08^07@Z|F+oCl%xL#\0#bWxgֽM -p~bt==\rxϏψ$-oa^\0oDAaQr1=MGE=6FОk\0GpgX@\0:_\nshz?;KH[mϾ+E=\\AUo[z{/jkko?ȯu<	tx_B8/4An^?\Zi$;\'P!-Hզ\0yj>h\n(*ͬ-\\sUOrX^<>_yju8\' c=Oɬ\'{D죇Q_԰vh|&tja&2%?m_iQ1aYW}e,\"jx*TܟUߢ	E|!߾6/rb6?ˁWKJ}FxM7fu-5+NEĹsWS8TWxO\n3Ğ&n54]Z)H53YG<dӚAiȳG2_-nq\\)\Zq?q\ZcWOj;\nM/k_Zq\n3+SYRl}(?μ7\nr;Pb}*kWyo,彯4\0C_&&/\"dZ铮pѲ\0~Q/؋N64W-uEWAQE\0QE\0QE\0QE\0QE\0QE\0QE\0QE\0QE\0ОƕfSm\"pyaC\rx κ\0O29Q\\gtiʚF|2]hF\'\0AM\0~5º\'ƙ.qz3;W*|/#|:I}V`II=s4/Ķ*tjiw\r0\"!_#\0s\\?\0࢟w>?^_yPx_\0^XB\n%j\0r|mm\0^uXBj1EwyS$.@8YjlF/Oh]9]|nӵόWV~닉^2[N6bQA׊37)woM0(:HW^l# D1,*/Q_#F\0x/=n&\"T<1fAS\"ey;GH[Yշew|~͟.-ݯm[}x?G5߂~-[B79Q\0iZN=?࠿Uy¿|^a:le2,R$a啕x\'\'k<#ڣĚ,+|xI[#\\`xa4)?X Y}o{{m{_X7G;~Zɥz\nyI񆉣; \n>iYoq7f{;xC\ZJ<j\0\'oĭ?|Eͬ3Yk\0Uƽo4j~e 9ٙHW̃kV*\0ew{uBu7lpʄqa5VEgMrŪޜڧqswVWv\Zju|k\n0q}|l>LzmvZs픫ʡr~9Y7\'5ỵiaЕ̏Kjm}Qx<\0WXƏ߇% ye4	qsk\0O>$~Zݝ\rR~MC*.뵟#ו?\ZoC]zH~McqO!xo.Yt?;nC:f=v0\\zr={}<\0mh~,|[؉Zj1;pd>L4l<nk\"vlku\0I߇x\0&+]FO>+~eNϜ<\0IckZ\0O.uge/x(xO[V*K}a%ȵiI!fe\nvZؼT:VM+>?x<}*Mߤ#)%E|hm\0\'y`tB͎>O62}47>hw~%X_:<֛G[G\ZʒrMH\n7?aߴτ?\'%~k4(\"\0<+%\"co&EmmydGN0zmQ>VN$r,M_c	\'KOMKsͨOWsϦxQ\"J߂Lw\0Uk_|zoOu\r.], WhYH1gO(7V\'OdXѯ1*Wp)\"[+*ş=Kt7Zo#=\\3ёVE|lLZp<?lGqҶ#w㇄h//K&1.,#n~8ʸ28~?s$U^d\\}>W\0w\0P~dwf2YEsg%^,v	]26VΛмwqG^VDaG咜O:u0v5$ז=Uͪ&ތcノ\"S\0W-Kg%rۂU?})\0xRQ8<?_I#;!$%>?pvh%(Kut~QPiڝj\\AuN:8(((((((((?G5wSis,:*izS\\Lqm`CPI1S,$wk\0xh&\Zoap^cPOQbO=s*te5r<\ZcPo6>-V_kPٶnu	oQ$f#t{B!@\0]\0ziw*qq~uhvzVq\Z\'Eȳ^l\0&nN|1յ&6zȐK5P@P<ϩ=kºr	t3[^k>[}gV>wfkY>!fym^bKp`+tQ3\"ZiY\"5qSY!AW -D/Q\\/])5$EQqj0\0>A>b3ךwgBIR[OY?gszïXIk:k($Rve*dXNy+I\0xzچJSJg\nĲUFz_C\0g\r÷0q$*3\Zwⶃk\0	{LoZQNU\\,+u\'QΜ]3?Dς\ZMW2|#6]ͩ_\\~4<˹,҆$;Xw״|~|5Җi|%\0!H\n󓓚?ϋS6,xH(Zĸ/5Ոֱ6z~iWRIJM++.\";SQm\0(ז>!I\\p73S漷=_5->ZG_컉PYa88r+m/O%o2mWTΚ0zKaOPrkͿm\0.\0{?j(bSKfVsXmYU	B-މ|۱?xCq|h:,.y6G9i$v%@\0(Q@⊢#NM6~ͭ+47 HEx+<?G~%xkE-#|l\ZGcbK*I^kݼVH? qu]Wk˲mHv]B-g*/>Bk8lֵ5RڧkkoC׾FKX3<1C<d}KXai<趥8~OL\ZPӭ{nJK9d	<1Iy~ ;3>;w^ sϩ vS@,3_xo|\r&1b&|NێN.UqShO_\Zm\'?.,/-ř[vNiiߴpR?<֭o`c%ZZlF<Ҵ鮜`?~sv(rȹw<{y_CǈWNNv+MxFeٵd*]	RTxٵVG]*\r9Nco\nhz4\r\'$i^GtK{\08\0=O\\ c[1\0AA7$ZN+?=~xV6_DPYwy[dX/c6wv75R  PF+□῅z+\\xDuYp8y%Qrq<qZ9d\0N3*݄I\0*G\0\Z[I<T\0>\\h,7~*nմ+V+IޭLZ0ITe4?:yY+Km!OG+V0|y\0I}}r-?ir۷u/ĭviue)o7EK+ͫ.lp2\0h\'(z<\'M@0V>%=uWC+L\'g1Vi|(`0(\0(\0(\0(\0(\0(\0(\0(\0)\"tv2IE*=3\\|}e^\0\rhhzVSdqo5!\0edU~0\Ziv>*Y	˽|gC9@\rIGZq޽1z`[kOٿu\ZȚF$D#N3\rv^G\'\n_&A͌?q޾?F˦1~%;g	{[*x\02bώ׆|Fþ8E\Z7Q$oriu+#5Afνֶ/ƚ5柫i:G]@Cru`CcZZNcuU:;%}i[,qGܞI\'$I{ە=^<|3f0JUu25#Iϟꃲぷč&ݢ\0/Zt8Iӌh8SbJ۔㌕\0<°Wgye^|<V٫xv-A!VneO63c6;\Z>hY5FuG0i:.5=fa\\p3$y^\"_eox5NMk]1[|vI;74G\0\ZWE\0e+fc|O	O[˙PYyұ}!X<*\nKfKhh9YAtVު8\0\nY\ZQ5Z}6]=|QEOi|L=RQWfGߥ7,gko\\\Zgsk6\rƉCWC!zd4REz\ZmO/sITS??j)!6HfM&B9h#덮޹\\ďټ?\'K;]Ʋy.	1ʽAs_|SĖpEx?YDH+c/v~uG*Ѯe_?rD^0ُ.h\ZI{g=\0Vo+VmԞ\0Y]j$XI	WٝdW|^o؏\Z|Dy/YLO[F9eݙ	`z*^&ab\ZKbط9^^wv^s|8SLtdX#q!@Wrfzi\0y_:sǯxe/Gg\r(ϗcYĐw;y$cx7(޺B}s~.2?\0UsSˬ62#_0g狾+\\AW˱H__}\'>c5.N<!S_ZhFO=H?,۩݊M뢿yGf:%^Y1Fպ#ό@h=ړ?Z(_6]\0~g6\"3RoQ^QE\0QE\0QE\0QE\0QE\0QE\0QE\0QE\0WZ |qm&eͩi;ڏ\0hF\\[yo$3F*tuܮ=AyЪTEZvAMdmA]FHُ/Wh5Ds\0.RR q\0LA_ǚD\'+c)gDm\nv9F9ֺGjV9_:Si{d[I\0M|#FjT5շ	.nn1i&!Z|+oشѿAMtdt6fmE\Zjmb\0oRk\"2IYHs15G˛[\rQ\\Ľ;RVqi7y;wp#lbݑB7vz?uO?PK,|?.\Z$qvg\0<࿅>/MGVz\\`m-gF*I9_-YYH$k׿gGug|}7l}휱gTNXu|;L+\0/l}[OU[q#s\0`5KNmY%mฎ%D)T2:y\0|IoE\\?ÿ6U/-MNZxm؇\n%Ens4ƯCyc,̊xG\"{洎#-lW/26~F_\0~:]牤յ+)0hR}20FpF사1Ey!?>rzגC[fi>P\'3\0-f֯fך*8EcP͏=GHQТg+ۢ=^+\0\0[V5!dxepFWN]ǫU;O&HQnURk\0\"JoBN4Jy=>Lg#*<{$^ͬz9E5ftNGHe41\\O?/u4_\rm]L,+`>Ƹ\0Dة_Qo}k_^\0ޏ\0Z=\\\\M嶣dqR\\J\")b!_7Η^<%yu;ǟ6\\<÷Vwھ0Dן	|Cc4rˡ)/KDoL\\[65[S(G\Zo@+쏠~g_aoZU~jw`:q\\Y^nq$֭h_o߷a=@A59t9p8Uk/+7\n(\n(\n(\n(\n(\n(\n(\n(\n(\n(>5Vǋ<?xdXE-Ŵ~rncK1\"W/K|)cHCisZO2X]s^T/c?wZq#ܼw,OunW~Qg|Ah\0\\XHO*fC?w|fܲS;_z(<3?*\0_Z*z>\';=TmUldOo0+z[s}={{RizI#oF7\0£ѬZi)?z~g5ryƿXt%V2*HD=рޤsBQMYJ˚\'h߈oIayU!<HIs]M.S=ܡ;I\'bHy<kkuZj5*͞pqLi&1Uj-](U\0UU\n@:+C)B4r*8*G\Zu5Ԟ\'ӳ/Q=kUeEe` E+(u**x *?=Yz̦k`>aG>sZ(ATۏir?\ZY~+mkݟ?5Huuּu/onCk?a^z^]DZzM=f#j\\t\Z\0jzC?f_NG%ŘaycCMmz}Ŏ޾1l)YGSkZnSOKM?f}S+\0#Mn-q\n_\'Cӣ-6$U_iJPqo^uQZEPEPEPEPEPEPEPEPEP~|)#gLn`]$i֟=I*?RC؁_c\\[yo$3F*tuܮ=A<e[ٟ]uKxSRk꒐e|:P	X2xofgmQGg{ϺW{/&ǆZH>dOobGMwU\0	G~(x{|[X\\}kӗnؿDAS踦]UmJ?\0^qКEhrT7<3-rѰIc2FRGhj+Oj+N=/ğ\ri44fD\r O\0O~7_I4+^\\GW/:Qɿ4~Sa-\Z(y5ߴI7n7ֵ,Ԧܜr]\04?$Wb&yv/3px$nU8x}_>35?kX|?8fkU+xx\'7&@~vr|Lal1]sscG/vV~Q_|`lA.gVXs0ǞGB>M\0tW◎<k:{{9K]S\0_S}~6f8O%O|pG⤏ƭQPPQE\0W;MB+Yw\"fI1Ԓ}\0o6;QheOGpEEMJfl~̶{Oծ`RM}F888>\Zx>\0;3ufv%ƠcfVmK_\rXku})[CumS[|\r\Z%zY8\"B|ui\0P}1wCV\Zhag{<۽Bw;g\0ؒpUUUQ79)_|O)a;Ԗ>~QEGEPEPEPEPEPEPEPEPEPEPUu\Z5֝:}f[VhgCWF2\ZE\0N\'~/\0ꩧ볷H)5,$*߾<+_-s-qB\0Wawex1_6x/2Ouk\rJ{]B̸vsHH\0 A̰Nh\'pi<Vҭ\')wv{~7_qEW}@QE\r6֮0˃>Z߈\0#^i&u1dʛw?eFVPEp&yz,*Zܫ/ۯ֓59EǀxRCA6\"ݥ\0n⶙i56>[cuDc\0K;dV\nVDV={f~pxNg֫G5{hWZo;ٴV\0\0`xVKŚ -:H~lXKrY{\0ՏkTwW2H%\nxw-ֵ,\0ELMV@)C1X<0\00=XcUEUU\n\0꣄(\0(\0*/?E|h׵Oh\ZdѬཷu	w7Kx]ηPnKM:/RBT36IF~	?H\"tS@zjUoovU$#JI;SbQ^[9_U6Svn6u>g*Ob%(UP\0Y3VQE\0QE\0QE\0QE\0QE\0QE\0QE\0QE\0QE\0QE\0QE\0QE\0[o\0knE-*ITEycBI}_Ei%ҷd\0P^^5nm]=:dlsLda8rKe\\-u^MUz	jvޛoygq\r՝K4D8 #5=g^m߭ɮI\rk	\n~L:YN ;cVܹ#|Jnge<UZ}S(:(\nzuauio6̃w֨E+\0vokj~kG(W?ZE(\0(\0+\'8hjZ+,jy#ǀ	&i\r>3G1FIl$#cW׋]\Z55+-a2Q02	\r3v2ԩʎ.՗߲_|Ky=|}N(:衘.WnUQ5ʴ/)\"e~ux\'G?mGH0@?N?:24SxҒԩF^Nψ]eD7şOF_U88?PpANWGŵmQE(\0(\0(\0(\0(\0(\0(\0(\0(\0(\0*qp[j21**k쭤gXK¨kP̭,ax20_8%JҜ9/\ZhmT+nv/	=ϰ\0KEۻ;#\0imMfO[k+Da#o)n5X\"GEɒp|rmH3V`s\0\\|2uh~+ڼN[kzt7w^Z\\Iy8 O\njդ+yenm:1Q2Rr&\0.ea_X^ٮ@@<-Q3P~G]ECjVƟ\rݝ7V(%h\\IFC+#G9((+\0W]k7ֲ4lʿz6aЇu|Rm-ʌ%\'hq>odh:=$l	bm\\/;efFN5⿊:~y<8<IkCcSDAh\rv~8͎cHfi%tļcI}>Mdr۫\'<TmeHD1is\rD\0Lw!BƜ={O[o5O׋V[w6zf\05dzU/\0^_MW|8F䈥IaՖ;3F\0dEuz,|գbozpA\\F$L[0\r.׌-u}%Ob}	ԥS|J|nwU]W\\Kv%añ*waEPEPEPEPEPEPEPEPEPEDJoE\",uc{$|IE]V\0Ym:3\0=#NfU]Mc̗CYv?V$ժ\'\'vvF<(~\'\05enpG\Zh+>9F>[>S\\5|.<ܸvђ}~w܏oz+;PyvN78\0\ZѢlTnxPڗgFI,4f,̥AkyXLX5i21imfVUJ	|nN@+\'xgA$rOs>OC(.mEr05MkQ3( d03SӠEgIeuf広Kn#>:JVt&z\\o>=k@J\03bBȻ\0dǂOG^$m̦ionq]R(-emEej:\0\noGlp0d>%\n/.E>v2J=&b:rUcÔ[].D+c(4?H_}W=O]6uq*F%KeԪ̷1 +^?lV?\0L{[6È\\V=C?^7^\0L+\nY?Sӿd*\0׼	B/e̷?y?\0^(H^[IT\n9G\0ǀqY^ŨGq,3(tu<0<\\}3EUd8-&cbrk[{ƭ;ފ(Ô(\0(\0(\0(\0(\0(\0(uVpfNHѱ\0)%\ZMoU\r{_\\nz!U\0%x[2Z-wMr֨4y1WÁ\\%Ƌ\\<[x4p,>08~%ݬm;NEmkaUfpvԅ9֎}c5ħlpv>f	i:0EW\'\'y1JҢ(QE^Y*scˏc^k_+_5:ةlʝ?1*aw^\nN@mT~7X2\0u*VVB<QD6?:Өog$}{Q%uaQ,ԈtMCփq|7\\Vx QPtmwSTӕՍ42؞*3e(kKs1rvC#z5{xvҖ\0PPs죢گC0\"׵s\\RTb-ͽ6vQz+%&ه\"O/WG+Ծ,\\y^x\0磮~W[}w+}=1k=ݣw?e_,o\0U?h\0\Zt 2HN_LW\0~Q3o\n(£P	de({RQ@<97}!{T^~+<Cj,Siw	-#;^2=pGpME_՜-1mj\\#$?.AxsԢxEc=E7\rǕui0\0_ROTsES\0(\0(\02^F-ͼ?PooXR׏L)6\0{\\=;{VAmhɝ\'43#wL\n	SXw+\0OcL\0|\ZZͰm<hc?ibd4b*k.aO?\"5:|GkBIE`ެ+lQE 2t} ?W\0AXOMM{B\0QEP-|1c7#^^SLʰF쨊2\0z䵯V>۷\\_-c޹or\0&9[dl\0zϮyzx/\"uȷn=Oqp|_?ڪ?uG]IRH_ˑm|~Y𵦭o>FY7G}3y${\0<³bYc?\0]mW/]}9?8?C]@9&wQEhr\0l>u(ܼzѶ%Oom6+{	oQ\\#gtzZQ{:\0BNVgR[ftU,?Z\"\'|§jޜm<]ng*;˕yGkS&ݑNvESHԜ\0Bj0*;o5sS?jۻS,N*|Gٿ*E}	_<&\"]߀\Zܻ_3N6\0P+]ޛos,nc=x(M3~y=j6-n9WS2,rʺ؎Ec*vfѣut{UdxJL]Oԡ&|NYc7_[:?fw떚g<sЎ\Z2RZ.;,SG#G|˽ySa{h8B-s2xIҨj߾x6n&\0ߟc5`NTBЇ5l(, .]ڞ>:7i};_wַ,:H/zƸگ}ZDxfe/tG%Q^m%\0G5Kp:*^HʿEb@YW,j?7v |sZ,Tzz|Fԭf{9o\0\ZЇ⦊ۉd#2+hփِt0hТ(\0(\0M!+q87C´?LOo\\uMOdl3vŨ@lZGem1HP@W\0Ldk=!ɝrCߠWc[vF|{oƢV xA=Sם_\\j׭uw)x=v\0Ù?}x\nw0\'tԒ{~kͅ[c]&4\rc(͞cEv$\rm53L\0OCW4/o+G\"G\"ZԶ]ľn9Awo}GWZ^\0Uk36n٥}6?jJ&nyKjw.m1O0,y]_\rQ!9eqП\0}#uem+Stj?bp߼~uxee؅:Z$*9AAPXGCA#S\"2iǟZzv߼ԎU*4bIYTwWqǺFڿάIdHN+׵OwKxq#{d^j6znh*Tg-6fM犞mJ;x#i(cXM=R\Zkd`\'R~?K/:?Oo:p?3eS-2o\n\"T\"lڔ}袾P,v?b*՝aE\roJڪY`sTs_4+*X22N7\'{r_gY\")7ljKJr{V:ڬ&\\j8-4k)qo$}G^yqk4Ǚ#Ў{P뵀`zޱOYc;V^ͭbj\'Ⲕuhqυ7#2>]ŢK1Mbem\"}:\0}3,O~V<3h4,OóFR֒%OXEs^n\nB2zqׯkC(((((\nF=Ӎ\nǰz{ڄ;cN\0\ZCmkj7]42G~@o<AzD6@r{9-쯪KK]?8b~V{G\'oxs־X(.G\0tv;KH`Xcz*[r(Ba5`3BqO0zkrM]Y2iK,M527dvB_Pu\'\0\Z,尸hz+Qqg\\&FZ/;xn#\r¼\'?\0ýBI,5)ő!AT5GRxGRi6w_g_qЎ+tVY[YC}5J0{s,9mW*G{?\'̖QD\nּAIn-[[ǱA\ruӫ-r΋,S]B޾?+(k/E&ʄe̎#R7ڨ-\"O7\rK`	\0ЫӨʱ$`A7cg*qsvIjg/m^0Ls_{g_BO\rh6iSalyckB4U8(#2WKPN+c3}tkɁ1§c*= O^N}E!S߰|.nII?jO2>#kZ\n((m(\\CWUgn4ŻzymB6zg)RJES$(\0(\0(\0(\0(\0(\0(\0(\0*p츌6>~@nHk9IW?xfmqapz?}AR⾄4i$m0gU{KSZ Y~ac##t\0Jyiskc_>ovk\r%?\0\Zo\'aKN;	li|B6HcM9qǡ#㗭YBy(s)Or&imoF^Erba{H϶rVwe\0IEf\0K_5M\Z\0W<ONƥxYR̿)c̚K#3sR.sK6oޙ>OIo}+}Ma,8g<(9?3|/G\rn̻f\0H]XRd|UEv-_gYEW~X˦ǖq4Aw!-Ҭ9>$u?/}^%?S9m[[xmH*@8((\0(\0(\0(\0(\0(\0'),(7,'G.G.','\0JFIF\0\0`\0`\0\0\0C\0		\n\n\r\n\n	\r\0C\0\"\0\0\0\0\0\0\0\0\0\0\0\0	\n\0\0\0\0}\0!1AQa\"q2#BR$3br	\n\Z%&\'()*456789:CDEFGHIJSTUVWXYZcdefghijstuvwxyz\0\0\0\0\0\0\0\0	\n\0\0\0w\0!1AQaq\"2B	#3Rbr\n$4%\Z&\'()*56789:CDEFGHIJSTUVWXYZcdefghijstuvwxyz\0\0\0?\03f\Z,*zELb&1QVAEUQE\0QE\0QE\0QE\0W=⿇~i_lgA$l.;\"eo(Xe[Z@:26K-ˍ9Tr_ßZ NbԤN?$5\\<&O(0q^87)=)s!Sn=ORjm.EA\"11ӱ\0\nZgH0hx/_f_J>_\0WzɏM6vro|	<+B]ZP_1oHxk0*	\0\"2Қ\\EUQ@2(+iT\'JSگQ@ҜZҮQ@nRQE\0QE\0QE\0QE\0QE\0QE\0Q^G`џ\0|ZnD b;:ݕʌ\\*=#~5kTyėSJv\'s_5n\0m>{\Ze Ot\0OSƺy^Lr\\Jdc{Q6nqsʣzTqZSC~.<sϪk\Z̓v),K!VąlpHTֶ2ެ5-Fe|vP@\'h\0(\0oUo]gEQmJ>xe# 6ubetg$~t}?~ |JIz-m.jOK!u542tAs\'<Z#HpXaɦd8Ho8xE%GlnnY;7?0 2+.>?@iA4O][uF\\P*9Fy:\n(\n(\n(\n(\n(\n(\n(\n(=Jw{V]RFԮPt\'&#lTb쎳8ҾxfX֯atz*ǠQ=+kyep\ZQbsho+_.++v&DcO?ƨ (vǠ`3=L>Ok0\nOGRWyO߉loavp>N[x,~Q\'<}cj\rxmśw8<rsڹo+ƍox{|bi!#\Z0:ֺ-zlՔHSǿ8]y~ՅIdpv?3gkF^uP6® {1Ɲ[SȐY[Fz5/S@\ZyXkחnKl(۸yCqn?\rw#۟1vwێZ|Y${Km99\0\\uq\r{u֞\r,@<6PVg*~?k[N;q&ֺ_Q.>\\d}95kt:6Yof_S=\0@k\0ĥciL|\r	/4-ZYx\ZDbb98q4K./6r8AhG[yP{_m=_j*MxrQ~U\0z\n\0?9Mb{$䀇\\ov\n	ϡr:sRKK9c=0GTo\rG6ll	dY1ĭ1բk*ۘ aHG1\Z^uj0YOiunHrDáV+`];mPI/?Ԫ)gwMyg[+ϱ\">ך}ͮͶĺKPpYpG\'k[;u8n-kyIۖE# :9~G7\0xyC%ׇOr,Pa8QmNM;B1\\=(\0(\0(\0(\0(\0(\0~\'TxNmc^[[XT^\\?dzN$h\ZM\"o|7^|M2!Qfs_~ e}j\rq{}!vvU+kO~:[60i>Cߠ3|J\Z\"\n(e(fyF=?futM}\rV4>\"8ln,\ry!K#WjMJO=5uMJk߼2ڀ;};\\yI?|x=*-{Q!lprqƼi@1^N@*r6\r]7o:5,|=rYlٿz&x[4*F;[d0kӵkXqȲ7\r;qT-CX=4l:\0cagI~ʩ&<W㵴V`tiG*OSY|=:qȪXT_}_mfpd°&f ih4w\0מj\Zү5d܊ySБ|)H%/p\0vqu)KK&D\0v\0\\q]yJ/͋hc8xr6sKo\'xabG@<7F$Vr&Ou66FWG(ei\0WӿL>7q OtxiaݹGG\'|W<?\nvq%4FpѸ9CUYΤ9~Q_;ȿ̿ul쵦i5()RN\0]1zƩNP|\n(EPEPEPEP]kXuy2B+}Af\'͏Oh4ǤڳGٓŞtg\0W_P_]}j<t?M~}V5epTչQE*ps+J*kF1<VGj\Z\0|5g}^5氍9_m6ۙCH#N~ⴭ&y\"I#A$̪HKEw_{Dt&+=B.bt>V\0e9V>6J-y̐ʬc9RG>՟hdo/$UYzSG^q(V4!m\"Vg9,Q׃p=jo?ek+y_^dk~!~|>y^v|oڻ*[̅%\Z\rrSӡlSxYeeUW9^k]TB\Z~-nSdfhUG;\nO½\"@\\\nWtH\"\0~u>m-ORm2k]\"+}*0K\039ybˑ=\0S[F$ʍ)5t|ڿoq\nX\\+0:r|/7ۜ	-77ѓ#<E/3_]*kF~6\09TTyIǈxN767+ɘ(lR>גy7LֲrbtϮ1<]x^>GI\re|Ƕ+tUY\"*>`?\Zu^\r0Zܧ}T6mrf?P2\0\'I!!х\0Sh?|hޱ\\gc$fFTxzsx=鿇|IaR-n|SǱA&+\0g?w\\Bm#w\rvOICZSg.\'j?Jh\0xMsH\Z~^Xve ;kb\'mQE\0QE\0QE\0QEr#§=\r}Jm[f|$ys۲>j\0kMMMPuA FHl|}K}}6{5ĲOqp,;niKܒse+*jAR-n*12?\\ʣPJԚHa636x$|Sc@3cR\0:?gv}CiH\0i3=Y~>|Bl[Y-\"0O___OÖ:e|\'\0dy9:T \r:+dKt`Ԕ-ilx`#kSpuy<B\'j睫CoA\riWƤl^)M(\0b\0ϥ_TQpT\"PT`\0:RE\0QE\0x/OHmllmeՠ) UK)|(~uڗCqZZ̧W߈K- ,s {WASkDor¨OF}޼3ߍo<!kږmpd9p{H־]֢>R<y1\\BG+A G\\>׮|m<\'o}w	\Z!T\'LڼH\n(>\0c|N-o\\3[nR@?\0kZ\0}ӺB$Vc*)\'T\n(9B((m\0x>mWRF$L玥*#*mol3MQQ\\w\nEoM.2\\4lb>nĒzpF*̺(Ek}FC,TK&&,Dnwsl:__\rxeAqoݿP|FR\n˪ڻ\"sH_mW_37>+V.;H`!\r\rs2+Hc-ob	IGhTO,:udt4yhS\ZMnTӤ_UB?x񃶂SW4h2l2!P@QEh\04TL(\0(\0\'x^֙GC8p{jLf5nm[t8+n!SΈa9|\rxķZVufXa0={!m??Мt}4u:O-~i&hafY-V5A|{\0t\r;um3nrbl?_Ax,Wp?\Z\rzƚiGሶԄ_DyMd8t4\0\'\0\0^_!2	\0nM~LcO1?V?zں)lyX|(@(\0(\0\04椪lu&lvc\'\'c+\0j/_O4c/>@,fGm)\0r3.jkaٹYycY`\r<![Uq硌{\rr	,㺞9EKP< w;Zk$uկf8j$\0I?\n77Ƽ4\'N^MBlΩBOszfӉ[CX#\\uD\'	[kj6\0;\n߷`z(2*]Y~U:jO?dSėv%!-c$ ?\0\r]i5ƃ}-fCyr9y粱P-l3I$8r\0w_P:ZRk]g1jGXϴ\\r$r01iW75}ǘM7/OO^.J֖4Ekotf9^ \'-׺[\0|q3M\\n/.$<[Bղ12)7/5tkOc	CFl_.+y]\'?jo|J~uOd+[-aPx%`	c(,*h֬S[5Eӷȿn\"-*lr|dϡ wר\'FYZ\0hiko|t{>X\'q6km_]FH#Y+v@3+_WhUQx4~]/4;p$ 0wyNPSo!&<\0֕&O{uf\\/8$i46rivw\"+f[yYryxz^τ[M}{U1C-Ā$b\ZY	\n$\0	\"uIl<ZCX\0-k8TSכ\"<??5I_׮l^vCz;JG0=Eoa}o]]hndkw1ۗn8Rs1	~~#WV译s)wZ¯\0UhkO5L2FpH>9lkTUW\Zksup:aãwVy\Z5m#qFu	[Is\0}U@v#_p6Exogsѫo!A\0-7w[,VKOCЩM>yC[̺q7D$|kt#$,YZ\\<٥BZǯ߭xu\Zdxe-pdk#O})i|c \0XIRGYMspyX\"WOZt\r3$;aou)N#{(D#ů>jQTbQE\0QE\0QE\0~}\0dIFmZ4-Ǚ\">}^\'mu%,2<RFrk)5\0i?+uVq]r):9;.~xK6@h)cÁ?(+\n0؅$-3X	#.`X@asxl ?bXg]$;ָZ>O񟄴R㽁d;Nv2A>wp8a̚ޒY#\'V\0>R|.+kʚ=U3뚧MV^k1yvvrHqx\0\0ؿ]φSkR[>-խ{w$Z9Fa6V(1U1!`ۤ=NqZ,Dq4mژ⢱wj/{u?1\0|[?x0xn͝qBcUTd)$M~xFEtbK9]x_ ?xc:?dw?^iꊃ\n~Lۉ185KV~ga&RݯV]YWYVk_R#PNWʽ؎6lD_=yQ׹V7X3xSj1r{]\"nܨt<f.wQOIxZf?cֵEo9,yAm;rYGv͟*go\rCNּAx?cbm<5q0i$fR7uH_kʙseά4/2Mth\0EM.5[>-. \"|J%ieHS43oqё̄6+?Ǎ>鷚<AO,N2ſ}8ݴ*J7_NnG7\'*&B:\Zͳ)žV_׭Ό%9k\0\";Ŝ9#Υ6O}IB\0Ildk\'Qa#G=#~/ra0^0^&|^/\ri/4呵MCZ/@Wx4ß_a;DiGN9\\A_txfi7^]210=;KY/Yqh,N\0Ԛvͫ^qq#M4͹ݺ_P~\0֭^ht30H0R/UlngRyï\r7>h:;ͤdTEx{QE\0QE\0QE\0QE\0mNYfku!HHqpI=xE~o?X]Vծci_M}iv̍z2~;[[Sk{ÝK⟊ctdi]mĊ9f>ԊzM׉/Ed0CnFE\087Yң*t{y$FG%KۍpeשVٷ}TVVUaW]ć|DNsrV}pVE(Yşo*;sJ^Lq\0JWƊdE>(GSndf3Lyl^[O6ߺHXG.\\Ͻ*ZyPVn\"JJIH}QL̇Q8_-?\05C-`HedNkAcnO$.̪ێFx?εbB<>~G?i	[+ncg\nAi$FPI\Z\03E8)%g`?nW]|#VeQ0v!#IPpA8 Gȍ#U,p\0_]\0Mi3dMj֤\\ikJe8\'ڝ͉Ϯ(<p(\0(\0(\0(\0x3J\0}KOrt###jQ@mgzu5.ɭfY2	Hp	9q׎m<GQMZi% OE<v9?ßjoiVq _G\n?c=ȯ˟=S\ZVjN~U;*<M`N[~-5&XgPe䑒2886wFmçB=E|:)j7dZM!hb@W<Bk|,=MvzpuJ\\Rц^Ui+}4ľȺyW5ʈff\0V O\ZȸjTA\ZQ^-	\nS\r,w9abMY>P%A$.TF)5j?h/SjCCc$SC˨]Q}h:Х]RKw\"[hi3՟ZH/mvTUcw}A[pPM3U^WO[|ܪ-)=\r)Nv{̌Y\'|ֳ^.XUP[hd1{{W	S?kZfi$~\\b5\\k\r㯍<[{/ZyWyM5ݖ\']MoYE(wW)GE\0W:-ZG\"CpCKu	D|Mpz\0WwQퟌ5۹-xK20d|\0$dWQ*P\\=g\\|/GѼKwqk5ځGٔnlFF+ިhR\'7\'yQL(\0(\0(\0(\0(ok,e,|}KX#\'>ΧXuMn.I5ڑ}ko3|(|6&VJ	3ٯ_YWYrU&HM(*ߞGp\rcQ;S\\=O.\ZWW	|ǷO\04=Rwۍ0y?`7х|j?WP2\r{osk7=摬GG$ȃPOuQ޼<\n[_Sb*YԖ1Ȣho6itujjE+u9#-d78#5:t.HU\0\\N^UV?á^N*K&xuH\'m0xV2Li]z΋%qe޺oEIl4C>_~GWW/,x*VHmպqm	CՈ<s\'EQ;ۅIMK״\\X;>RqǧQz}Adls;O\0+*iE/8OUۿL<4v.r}zޔoZy	~D]7K+TtZ\\>3NnԠ\ZbI5>\0g:Vy3xY<36qo*,B3_/i6Ur2/\\{W\0?aS㇋?Qo8m<h~b]K33\n%Ώiuj,oSKk4/,ϏeIR-j3JwC?c/BPԵ}*Tos!@qng|!Ngٮءp}<y$\'	â6b6.bL竻Y\0\0*#íY^AEUQ@Q@Q@Q@Q@Q@Q@6XxC+piPk;C\\hck7z)@zk[uG^ckw*1]÷oʾ5Zo/#8SE4Im{ӫ6\Z񬫆PЊ\\ݿCV(KfU\Z< \0jP$U_QJ%ROvQMO-}ISL	G=oF˺\0y/ҪK\nEU_َWyʹyeePGI<ס&_|bKo:J(Т(\0(\0(\0(\0(\0(\0(\0(\0(\0󯍞6\0aYɆe?r<dE~	\Z\0QoB.w*ģR9g48,#H2r?:_M_7cf]ëꑦAs(H#cv{}Yሳmqq\0?2K\\_uE|?z}_}ǖi䍻K-|3RmFчGdڧq\Z94\0go}Fa{2o,\\2\0ORAgV#$JI\0~(2}ո9X%Xs\nszq[*¬XftA뷓\\j3,[rv5IUek$o4\ro̤}ꅗ`+#Q񞥠|@k1	N$g9O5պIT}~l\0> iad ee<M}G\nּ*3\nQZj#;Lm狀i5(7)QĜ_9$wFm =%D3\ZG+m\"ĉ5mTvl\'?a4Lue_><諸\0(\0(\0(\0(\0(\0(\0(\0(|Ui_lˍG\Zs\"/R\0IWZ\Z+h`oK9Q2k;$ҽdg9~0\0\0Vfƥy*\";#2I?Ŏ\0!Ez\0\ni\0lM{ƲmxW@KPG¬jyҽlc?_!*jLp~_xAGC_\n[=ϴw\0-iy\0tfon?zN\n^LU\"\\\n((\0+mٵPk_\ZiiY|5X\'v_W]V[?IW:rcǏk2aȥ̍RV|Qì3GI;۞J=+#J4cN#9`z\0\Z\ZFZ[{8To400<B A\n_~;X;\\-պ^0ꦺJEԭ\r>EГ0dSTl\0Gl0T^e4o&X2?\"# @\ZQE\0QE\0QE\0QE\0QE\0Q\\IuK\'BTe\n*:[OkB;XW[sjU¼^۬jH=؄p}k强k˦iryڸQ\n\0<EPmn=b{ŏy KCRdrGVe;#,~RWYPq\0>џ*2hB(`[wE*H>͜2?aHXYl5V<fE2(ׅa}QoɞQt87u``QEQE\0QE\0*2ܬ0A)hփ«4n6H,aꞃc&Ƴm7\'*rF9lw$\0\"u\rGOCZO}O`8JZ/E\0<1~Z/\00+ϟ\nQWwY]l\'ifU,76(⤬\0i\r!;*H\nM\0zg><If=r٤2{C\'Lz(@|Cc9n{v;w#Fw	4G7\Z}\0Emfaʺe/{AnFl[P(D|Cc9n{v;w#FwQE\0QE\0Ajv5WZ7I4z<Ƹ_x[Vb?`czt}xN>yωoR?2yAѠ§a8$E\0OgP鯣[P=<8*\06\0(\n(\n_4\0@~xWE7b\0\0_(\0-dS\\A@ͥ,z:8ޛ2;6kiLb}3>hw	~\Zm;|)k_Fdks_׃5_=_/Cwʃ^7~#O\"?;\ryf\\p~c08UMkv.MI^5`W82C2]\'P;iqeXcgf\n2I)|[${G V8ޕV4VcV$Cygs$MqWyA(Vf+ylֱv[\0劎8Q֩k65_ʡ`r}I&E{{pү-@+`ԛ:{KcXf@$dUREXA9دrVuPW\Zz\0\ZT<U\0\"ƥ\0^\0/E\0Sm^mq`N;|}l> ܝ>a2\0ǦPy8Q^V~!ӣ;&A\"688#WӴеOiX1䁶Ɂ345&uώ麵pGqx]aR0\0z޺*\0'),(8,'I.G.R.','\0JFIF\0\0`\0`\0\0\0C\0		\n\n\r\n\n	\r\0C\0\"\0\0\0\0\0\0\0\0\0\0\0\0	\n\0\0\0\0}\0!1AQa\"q2#BR$3br	\n\Z%&\'()*456789:CDEFGHIJSTUVWXYZcdefghijstuvwxyz\0\0\0\0\0\0\0\0	\n\0\0\0w\0!1AQaq\"2B	#3Rbr\n$4%\Z&\'()*56789:CDEFGHIJSTUVWXYZcdefghijstuvwxyz\0\0\0?\0g?᷇8$\n`WjB v1&1QVAEUQE\0QE\0QE\0W~_ǃa_٧ş<yzl9;Cq*ג	\rJ~Ȋ:eH\0\0A?coq[~ů1ptx)lYB!a@3\0O\0~\04}CFXJ5d\rIy+;Urt0\"2	a\0F?_?ਿ_|Dn,lY|?`oz ˟B0,@P>s\n(\n(\n(=JoО\ZV:?/sJC:0)$$lU8#ڛ?i\rtweۅFSᕁMĳFA_c$yq_PO89G_ƿ3s[j^\Z/CʼLҵ!H#!\0xs{?h:Oݤ\r\r^\rNeH\"OQѦۃk\'\'\0_-o0C%6^@Yބ;Tq_R)E|MC|JM{ŌG%ĩ[]\0]nc,\nҤ\0Ǐ}\0`qTûOҺn-\0rUv\0ٖ{Kե](\0(\0(\0(\0(\0(\0(\0x\0\0tk}OO7ŷYjXOy*U6v|NR&~YLt\0DE|}Aos`pk\rح٢w;I;)-\rFPԵ)g%ؖff$$I&tf)Z&wwm`M&9>ރVY˲E*ηA<v~\\w\\t}Yw\\j0pcrqҔ[s$mP;QS\nۿ\"?lꖺq7B2GL\0^iOo)ǸEO3XI i[NMw_^+SMAopba cVoe?\09[pGo$޸\\-|ᔌ\0t֡t\ZI{VU g\'<h$VoovFXbXs{ғIu؃tV7~\r?i-4},.=Xs09V[Vֵy[(myAEg-U)!X	\0@\0\0	mJ/\nzo-#2bk:\0\0|\0YYhzF\nu߃u@Iπq&$4u2bVa=fhz擭h1XJbh2H9VV\0;U\n-\0kKRkcMRŬ<B(E]JFHʃ+\0(\0(\0(\0(\0(\0(\0(\0(a\0\0M\0|A~,Ӯκֵ!UbK!!\"NJ\0~R\0pkozmm05Oc&ەMNc٤\\8l\n}HŘf9$~!5WT5-NK-1gI$It\0hdVSJ7$e۶5\0YQdvud\0޵R	\"9G\n]7,$\Z>B\0*icibhn`Jڒ\0gKc<Lk֏wH(ACE\0XԦGXخZѱWpFUIUEKarmCoۦw.>\rU e\r5MCi t//\r\0i_O/)?u8\0|Gwvs;rdTgbG<ڿ{-XPە#>\0(\n(\n(\n(\n(\n(\n(\0xN\'u=sXOtkIon81ꪒ}\0|\0\0x	7?u\\^¾p!rd~E2Kʣ.e~o:o C3[iᘥYPrXff=\0\n\')ωPN%n4*&ao: $#9>l(((((R6q֒\n(\n(\n(\n{\0R\0~2kh<OjzÏ\Z}̞Ԓ\'x1;bKs	^\0gSZ.Q]XLܘWlX۴\r\0sTW~({_}*,w5>kkrLr}U>@Q@Q@Q@Q@Q@|9\0\"f\0YXkZmSi87^;u\0\0@;?WC/<i]wXUt*g?\\l\'l\0T澊(XdR$޾yyd$h]9}kfKDk.(Գ\0:+TX8F~xxT^r:_z|<.{ۆӴ6ŦaDyQpY\08irEsK>$ᚸYXzoGĿc_|TxCIb˖IF9ۑy޽KRӼcoӬzHf7n:o8\0 <\'v0@~?k]OM_:XmXK<RF3gl3Dd,rT[]mo[9c\0wbK\n\\?|y4袼	=2KF\'w!(\0\'$s+\Z9*yyՊ\\9_ʉ7ɧ$d+@AQdwVַZWp7rPyGǦﺼ?Wun#(86}pFrK\0a&\'B:vGhqZvvL\0,AH$|سt9u|:q}~Q\\8\\GOvgpY]mN?\0`xZݬ2rːz9؄eyd5{	CRo{mndeL#8n99溵X<(m?,4j~aq!vѫb<U~]_$VɨF3@IexTiX{[\'(G㳩93ErMZpˣ	)s)^K޿&eA	MВ}\0irkKD[?Ute*gz>l(L)o%#c\0\0-f)mhW~0hfQцIAF# Q~foU=]xo6yWδ[%Ux@d8$`_d훨M|V^4|v]\n`*[̴mU2h(\0(\0(\0(\0(#t߆K\\Möwӑ0CI#\n4~ٟ??mڏWu5Ʊ=VkGrg	lCl1GeW\0\'u\'EN[o[|վ;vPEsMѤԣП>kYZfcB;\n]wUͅ;SՓ%°W!@R	=yT纷#nɸuܯ#π_-+n&eG\n6ؾot?V}^3jESʥG9v~FiS(mQEAQE\0QE\0QE\0QE\0W?S[u\0c\0JP݁\0g%3\rg_&+!	+pH]~!PF_Ǘ`N7{_ɧ..Vw#OZrLٍ+N{VLm.Բ=+\\\0K¡ae.[;Ios#Լ[Ycڲ꓾ą~$пാ\rkVwJ	b\0=!Ǯѯ5SkZ.)oQE\0QE\0QE\0QE\0QE\0m	E[hIO\Z~0\0Ǣ^9\0x5O\0ÿtEZ[d܃ڿ:\0*5sBFy_S&́&q2\"Ñ\"v1$EtgT]Gj$ubxCkkK5?yT>z]Bo/^DWGЦ#T{/#DhQuebOvH\"Y[|;8Mn\0XbIo\\joecM4p2I>\0ࠞ &k	H6L_,HN.!Im?g|S%v}YE|{z-==nkXqE8;X祏RX\r.9O^C(np煤)*ʯ4Ϯ={Px7Vז\Z5ɒ<IreybAYH=֙[k6uG̍ʆ=ͩFtݦ=8UJIٖ(\'\\O\Zc\0N]:\0yH͇+nPGCȢoX۶JxM6H\\<X1xz\"e%v_o/<v.=&=ԟj3\n9xS]7BzoԌp:W}<8(iekq_J~U}=OĬmmA8k¼3\0%濎^ȭ$L,.89S9$c5zl+Ya6ܲ)~V8jΜgRɟWZ\\ItaR8 QOn6*qڻڦ\ZmK6QDw}7\0Pq_RITıTU\Z[Wga5M\\̾D9X5@\Z_K!ղ{wg-rg}Hۡ\r~>>#\076`|ЭH/5_d)5?Kx6)K^{1[	\0B?(\n(\n(\n(\n(>=\0ϲ~GξxBs&,wS[v@]_-~oiwEuiwC<2dA_To؟Q\0z[G:hsJotIm lIS@kpַ	\"9kU\nDѲOs2.$vRxG*eKb*(UQ@>h௅E\0%uYZKp_\n3$grIZc\nq%(%}E{ze柧CwG,lB2	\r*>iӟMӭ|s5̚Breby\04NV,^whf+P\n%)%ʞҧ.vGEh6z|ΰn\0f?=ön˕̈́[md8b+?o\0+x/WH;KG+vU{U#+jϕp~ET!ugm~\0W-n!Io2\nѺRpEz2T46}Z>wY|%V]\ZoM~7=_ۢrR{Y޻r	%Kd9c5/9gJo^3M\"D\nvJm->)~?f?$]kV~3xnZl<[Gqm\rF`2G,kqrD\0:HA\n=vF+E|U&Օ&ݚNufQ=jO;zp\n}Z\'Qӓk\"Vr|Ox/}\'I\'o(*AR\n9xW׼ekPO[|$j3NҽQT^?\Z?]N}o̑摎{xU\"8aUTGbkn˦ˮoA\0f94[{[kBHXK;s1BԒ}\0M.%3*d-I\'k?i?`)OYx_~j~!\Z<0xz\r@#Y5d]&sl(~ȿ\'?o?Z&+4صUFqU#r_d@\'0oQwN5ɩTQ\0ze\rVg$w-zn69mj1vN:	x)<EfOCw\0,c1X|:\0<v\rE#kڱ3^8P;\n*TMѣkI-V?\r:o,5շ}**H̻=rOVk2mek/wm_cY줒<\0р\Z<%tt\0#/cM~k-sbv%mLgjR~IZO(ST\'K$J״^5V\0}\0\0X{]w>	YL| A؞u#\\N/%tLKK>xeiI23&qbyݜ<GQE\0QE\0QE\0QE\0QE\0WGi\0{\0moƟ:?ďrŪXG{De@9kg\"F9dp7>?P~lQ$[:KZ71͏s\0n~_?5OCn?:,6O%zk@Hw#^dIpkظ//=3S+}|Mƿ	a]a[ȧ%l=V*v\0-مo?oT#S&Ψ.ΎaihO]l#%~AȪZ+$4Qy?\'*>J;pkOZ=3]|S |%׾nkk\nz0y	*Uf#crry4/ஈ\\2}~+m׎YYV5%t,euU7oVp-J\\:o|nmIu\rG[4YqjZ*QEPQW@iϻ}Zra^ve\'\'vvF劲_\'\0*mz?Oc3E,K}ʯ\\G@\";06ߦ?u2\'*t{iW^_\"[0#hu\r$ke#/1[UFMjc%i+L\ZRG-o_ɣC8u5Ϊ~XӌOi\0/W6a^:MCVl>z۬b*+M+$!@]5Wʭ<?w鱓z5}\rbFT[crN2qW6HF{z`3_g?}/	\0o\\RnZ*Ǒ~Ѿ2|Ay#kWgQqݻ覿??nϋWߎ1=7GvNOԱ9_q],?4.[,N7j~\045[i9>\0V%4k ois$Q@lMEi*\0ֽ|\0/??\nk8!`[.6=y]7w4?GoX\0<55@O6+[q<?\Z)~O\ZX2Zl1GV\0y\Z҃T (\0(\0(\0(\0(\0(?\0~8j?#ޡ%ƗBҴ\\qг%r~P~޿N?|)5/\"Yo\"WBml0,v$nOU7~<GψWm$X&ԥ(ee!ER8Uc\0kI?&I}3]%#Tv\\gԓ^	\0OwR.Y_RΑ?}H^+yQ_?vl3KrWm\'W4twߦZ\r\\pV|Ez,-[S@S/yU=\nvI\ZNdfOqjE7qfk٭\n@cg\Z1jmqTzY[+\0Z[7ЏCSPPjSooDVJ:\n\0^4ɞ=JPiG2	6	?#ꇆ\"rB\0+k\0;VQGƃ\nH߁˖?}w;]zv?7,+cii%ݻ\Z_E#PY\0:~\0pW/?~^>ݟtY%i5?Ou*n\"d:Әʅ1_\0m\'O<3I|sӦt7\re/!ޫݕV-\'\raP@Q@Q@Q@Q@Q@Q@ƿ~\r,WQZ[|nc&.7n*T0 GJ\'\0_|1/\r=giἺ|Vm,W;K9\0]~ϑ?skbw\0ŒF\\Fa#r\\S\"_%~\ZS;]}N񖒦Hݟ,;V\0`Jh<\rB~K{+[\ZIl{$R>cA3kc߄[6P[uHa@Č0A<O{W>\ntB(dL{!N8Q6@:ʧj\'ZpR᫧ff>Ӳk+{uKyU\rgo鿏Wş\Z5*kj卿_[nZ\0Y!SKehVr}M\0:{Uz0k\"O.Zv2Zۢ2SCDo^b@=ψoR|&8ލ\Zl~>ի}7~Z=͸dd\0EHl7r{d\'үiL9{I8M\'Ư@f*>1E^VA\ZFPUCpGTZ\\jܪhkűiryVYGfhRkX!ۆ/<T?kJoŪiG4h\"bT^:~#QqCq+F3&J N~Q!SG1CdqW\'*a:\Zd~]ĜEGJ4(Emѫ/+C<O{ux~OVo\"\'fII\\\"L)E6{x_Y~|^Cw\0قI(chKȎK-I\r*#??-/OmQOk>(\0(\0(\0(\0(\0(\0(\0o:gR\0.#~[T񖩤OM/K[ໍ#4䪆;>\\ҚG=>.h>.u}JEM,DcPe\0鴽{I=R-jdnGAdt5_ES\0z\07ŝcGԂX}siaVe~Ͱ,NЪGδ>x/Rfpm|F\'WwхzO_>#/uo\\Ip>h	!G?c_bhM+12Mף?nZӫ~GG9\0ӯU>J#1Bz=c&I&Ke7(E\'qU[2b`l\\A]זwڵ㹐#]-y<0,=85#Ob4_3	V\'aZIS]_\0ROXooۘ[Ύb`[/Md,$PE{\'OgÝ5}/D>ʋ\Zݖ|\rAݜc<c<5q}gxU<,r_O;	䏕|CCºk=ծ|Gó;\0<MGkosIfេN|95al\'\ZgpNi5>Pl,L؏eBq{SJ</MPk}ժ{HZ#eX3A	$Hn}MA1\0Z_|U[l&^gVf?cF\0xGO\0p\\\0pZ3}Iuj]<QE>hJC4LUu )_އj^,==SZìjZ5e<@ 8bF;W\0?m?>\'뗚^bkX90;@fe,B(((((((7\0eqO#\'}k̟_km.!~&n;>ȯΩk8~0|1ж{tvسBqoo,(\0lEh:|Ohk:Lk{c{[J\r @\ZՋbNJ	FCJbkO,sJO2SO	=TS ;\"1/f[-CPc=[cAڌ_rkp./k?\0gnU%>Ң:Z5\'H$ߘ\\eORAQG64C-ωd?vbQK}jr\'\0XouXjէQLU%\'y0TlǢuQz{GgI꺜:]ԋ\rm41QT\0&:~&xo>յnnZUV<Ɲ*~_g_1gSkS5榐F34V9\\~x\0mwOe]CDhĊas|YCu<9?aø^Zn1U+G	u~o~g\0\0X/Zx_	|/47VhjZakl+ؤ&9$/|+\0>kVp;]ěC魔6lb9\0;S_F%7\0w :n&~ǈ[D,qC\Z\"$>s\0d\'?m]/WAB!;I$1̓K#e,z\0\0zMPEPEPEPEPEPEPEPEPtSS\'|WBڏҪI\'EQWf\0W sOI?e0/yb׷vsgu15,gFT_7ǟC#qh&h<	GcciiDh1ա\"xOj\0r??7CaG]bK-3~0!rvZ+qwZ/t>e_\0$xd\rBvc<!_#>KIF~oOZ(ʴ6ް00QJ*Ȣl>ޣV8)ܭ#`uEPEfnGV4\0\\HAX:;?jϏ~wuS\\0$ۢY\\ڑ1\'i$un=դ	B7w&6mZfW<֔T]HuC*9Rv~gdZ3?ElvbOS(TQ_F*1Q\ZITհ*\n(\n(\n(\n(\n(\n(\n(\n(\n(\n(\n\nF/\nx^ftM(7WY2\0dҾ_8ڇ?Zxwۿr:|;5*yKz=/[ݎ^fm滙\0ֆ/c_VT5]<~UM+\\0ƢkV]d^\0*2\05o`_zOK\0>K5=\\ğ\0\nXYNwǫX\0ATPLL#$ǨQV*>|N|B;_qC?r@2\0it\0a0{ji䟘_[~bñvO0ȧ{~\0P?\0__->!]G.s+mU)=B&OG!f5_ex]V],2P\0-(@B(((((((oK\n\'OFk_?j\0u-}diSx59\0Ꮗ\'=񧋚<&GވzV|=lC\0u7o[\'olE*JdqE~!D\0>.kUχL:z2qz\0#A&eh8~gǹCjQ]ۊ/jg(}\'\0F_k߅?ğ^XI\r[[H6p_̧wwş~ x)Z.a6\0sy^\ZMkʨb~=5	ƪХs^^ZmfWk^.$J\r۽ϯO({g-Qwʹ}^9iG r..$I$bw3$&+^h[uٔG	F~}kd\Zc_qf̪`?aviY=:p-\\-|>.B\ZeFY+[Kuut-t\0#u?ҭW͟dQE\0QE\0QE\0St4mߍ*aט^ɧI˶H[_E|E\0=F0z84*;WGK;oBW_Zv>mtMbwڞ$EXc\0m>ᡚ6Eg:M0ttmr=:<6껞^mUtkg?t^WsuFDyk<֣&,i(POB瞹r?\Z҈5mV8t(;uh:)rۖ-mulΨQT%ӒM=^h<;5\0&a2F.+p5\Z:<hyqLٵNzuWڟ?ܦt/Q_\rmnc_4ޛM}B^fZ;{=|I_|=o4i:d灚1^7Z/OBa&\0џ~Q\\5Oxs\Zh۾H\"X1(Ac]uyj\n(Q@#0E,*\'x|;<o]tЬ*\01>QF&FNHc\0|]}oZǂ&8z=Ee\\aOFV5K+yGOvz-NvcGzKv~_\\曥Kb]I,v7`40#~yA#H\0\0k7_\'tv:g-|HH4h$Q,*F\0WY_({eh\0O>G8/qyo\0ԉRI/+-#I\'$<Өҝ8S4[%_#QE!TuZ\"mGCqW|^WnϪkTךv8Kk+\\5KhdaTע?V[1&A#OЃ^ge\0EْO/SZu\'ċocqm:-t&30YGω3cF6ETKdk?U<`u}?4Lhgsz?6I\0g-W,_)EC)ܧWQǕ2@cq\")أU\0P;s:ڳne9VIT?ɫZ}<!oMI)mUF\0s\'c.u3~BB}(uzt0;\"x\'=;WI\";0UQI\nQCjrpXW;<?{Wp?4ޟ\0o;/K\0\0eo=u;EHUL)?\'T}f=]$`ҹkݿ_\nЯ<\nև{\0\'\n]w~_(T\n(4-gᏋ|CcT޿bw[Z]]C2\'5\0?>t,m$v\Z7q>V19&C_W3*Q?y3昜7g\0E~ȿW\0ۋ|;=\r/5-1iNxׯWcG~xNGK~$_̴l&1O	3ѐd`Ul]}/~|X\"\\oj\'M#1!b\\/˯Q\0t\0:%ϷG~gQ_6{G\'%GR,xUo\\yv(\\%ʈx&?Z6\0*w^\0EWoЅ/u[eW\"Qm\n\0G-|;\0/\"+Tg0\0o\0B\0$Q\0F_\0H=Oxs0\0o\0B\0$Q\0F_\0H=Oxs0\0o\0B\0$Q\0F_\0H=Oxs2;b=cpDR?\ZtUυ>ނA.xՌRѭ{馦T(ɦ4e\n\"hˏ3\0EW\0?~fS\04e\n\"ߴT[ Fo\"(ψ1\0 \0X3O	\0|@N_gw^\0EQ\0\0cC\0X3O	\0ї+g\0?.?W{\0QG>|C\0`?&/hˏ3\0Eї+g\0(\0>!\0`?&/*[f>λ_cީ#:]k[W+Evz8\0(0(PAGkd{}cWUZ^M^d:4\nꪌ\0$\0&(\0o\0B\0$QE}b4ϝp\0o\0B\0$Q\0F_\0H=Oxs0\0o\0B\0$Q\0F_\0H=Oxs0\0o\0B\0$Q\0F_\0H=Oxs0\0o\0B\0$SeDzc#K2\"9<w*Ԝ&fujIAQ/֖EƯ#@? TQEu,\nT\0>sC\0'),(9,'J.C.A.','\0JFIF\0\0`\0`\0\0\0C\0		\n\n\r\n\n	\r\0C\0\"\0\0\0\0\0\0\0\0\0\0\0\0	\n\0\0\0\0}\0!1AQa\"q2#BR$3br	\n\Z%&\'()*456789:CDEFGHIJSTUVWXYZcdefghijstuvwxyz\0\0\0\0\0\0\0\0	\n\0\0\0w\0!1AQaq\"2B	#3Rbr\n$4%\Z&\'()*56789:CDEFGHIJSTUVWXYZcdefghijstuvwxyz\0\0\0?\0U0(\0(\0(\0(\0(\0(\0(\0(\0(\0(\0(Ƴg2kBw=īQ/3\05gƟ+\0ro%e9}r?+	ϴg*ZJ>֕\Zϧ(p^q4/g\Z[{И<?ி#$?`sPڕK?kF\n\ZF_cҧeYz\\\0,xW4z׉?IQݔí>0㯈VïxŚ3\0WWw rUlx?uே}⟁[`7\0,ٲ}W<O\0\0kev=kb\Zi5ѷmYO\\\ZN7~[\0GN9/pQ?d#K*\0q#tk֫!_TڳY[Ka\Z\\iwyܕ>R/\0ðfGgkv~ [[gʲFFREZwV7\rq뗶ze߈54|<E/HFq|Șʹ/ں)ڭ&\045?_sҊ_#^3CpN96 c\0}z¯83<CM/7v	\0Ma>a\0,kNϳV\0^\'\'Pu*+kc5?h#.t봸3u8#\n$4ӳ\n(Q@Q@ɺ}\0$Q}\0$Q}\01E\0QE\0QE\0QE\0QE\0QE\0QE\0QE\0QE\0QE\0QE\0QE\0QE\0QExouw_Wk\r/mZS[^7;Uq#NJu4Ju%vz玼{2޷RElW|wv\'$\0&?j.r]ϡ#Ѕ15}V&Ǧbl\n 4}c\0vf[?1hr>L\'q\0x\0\0\\|>\ZZBծTB0wm:=>2⪵&]Ϩp毫	7>.}+Ś7g;Qkzj.O|u=o1=6\07\'5g\rc㶽p<;}k%j\ZU8\\ڣ _WXSᆻu*Ma?	=|^zl.	J7ZGG·]FukPcT.짡\\5=?-}!⟁\'U3|1<OF\"/~ʶU.xY}Ōjqn&x9V3;]򱤨ui\0yZ6xOz3Zm}*dlv\0R%u6[)9Cjg5\0[q/6tǺE32&ev]5%֟dVqu~Vgc9\0vo\rd:9?jT\'Kg51)-dզw=PO9P\\]4ˋ;\'^q߮c]kq$\'Z\ru-nKͦWEy/)xڋ3.溡FwsN15o\\}}m6Y5\'\0D?\'|}Oǲ[Mil@QVEFx|5bX<7wMׅ|Du\\Ra{9~\\H$q\rkjǿ%NBu`p|b;a̝sZn٥v<gڹ˨%[=j!XfFʹV_M}\0U{_GnZSc\'g*t XΥƝDL33Bバܫ؎8i[\0&+MڪCuVǗuerа;[i~Sn*HuR¿!KHDp=>3Ǜ\n2270\0taEcr:g߯~F*?~<lU\nU\04Wfmw^YDA<2	#6\0H 8 \0\0)O\\]k\n5%ƅZ;1]I??ciw@VV	\"2:0)\ZL6;Gbpң+=(9((((((((((((((((l42 ,@I\0*\0;kG-DǢڎm&uR2\Z(}~ 8}<->y][}.u߷CB/|)-BS1%kdBiUz\0ĝ:푥ZǨ]I43Is#d%sOV9$u󏊼uq|=Jae\'I^~^&/&x{bRt-/HAع?c*VKee-_Ɨ񼺳X+w=J3=Ny`)s^	f_||Ho>&]zh!\Ztc|)̾#ڠ\0׶\n|#9xTi>ҢY\077O˫,=p8U\0+at}5Ju}3)/t]:JldQD=@Z4QZ (\0/_g4}7VKdop8+Q|9%}׉G6-ǲײQS(F_&T-mI;],={x$oU?4\08?l?\n?(~GQc	wP9eܬq$W\0A0x.*|m3\"x(z\ri*\Z0[\"i0}lbk\'efl<U(\r<LM48dۈ;P \0vP9eMmj#5%t~P_Jo|mS?|6mְ\0/_B2Xq%We%E9B?#C	X>7_\0晬i67w3,ʶqy5q\r-QiWW~\n-Zhp]b3\'-m0\\e`\0ğ!\0OLXm>9^nOV3_ɲFQ^*MV3IЫӷ4!jZ5]7[̶K{Ia5_Ϳf|VJR{%0%BA>\r\0|0}c{Kօq({:F0Ǚ$\0g*Y攱>]VtuEWpQ@Q@Q@Q@Q@Q@Q@Q@Q@Q@Q@Q@Q@Q@WԿt\0ً|mt[R1ڮX/_FPH2{TTE{-YQc>\0\0D/\rw\'_jgUG-biA,U<<sߐ:Υ<LgWw}ږLڟo%#pHc1S?gCqu%ި塁X3yf,TrO\0TVXt_\Z8_gІ\0??\04Yo^/t\Zl7 \rnӹkG<=[ZXưob8EUU\0\0gcoV*䜓NjZQ8xr_VQEfvQ@Q@Q@Q@Q@Q@Q@Q@k[]w³,b>3˽bl˰_\ZwmwV2Cqais<\"{yP\"zM|[\0/MC1>]J%\\yEP^zͤjZ.\'`KU\0|G\rj)\"?\"\'z^!z9Fi?71DMuK#͍{o̴a\rw[ZjV˝z>չ\\TU)h4F9g?φ_xvKC׭##O \"+9UɣxVC^MWxqBIOW9AtqthgfT*oQEwEPEPEPEPEPEPEPEPEPEPEPEPEP__RMO[t\0T\rmoM]PDz:׵_woe7݊4R\0M=\0!?\'x̍uRY?zˌ\"\n9韘cTc\0%{Yϟ[ntku(;jV\0hA7h֓\Z#.-SKAB,߅Fk&l5%̐޼c\"{,jۛ@~lZ.kg0i\nCQG}x[>+^HETQE\0QE\0QE\0QE\0QE\0QE\0QE\0QE\0QE\0U}ZJHⳆ&w0	bOXr\0~*B.Ko-5=WO!чvpկi7\Z[ekxΣ;9\'v\'MsʝkK6!c5WiYBc<\"`xZQwlﭠl\n#0}0!\\U#m6>bQd%~|GԾ|IS^R;EC\r|U{Iuo#;$@A|Mt6{HJ^qa8\0\\<q4Ik6VQ1fve\Zp!ӯ,<_#pԕUOB(((((((((((((\0g/u6o+ZvO̐0/tw_%uZZ=m>rrYA{%~=?ిu~xoG:Z,Q^_~Y\"x|עŦn(i&\\2x?畝|dHo>(=iGy\nqkeXZ9Ayf<}+ȷ\Z\Z&\n2s\0*K\Z221W4>uQTt\ZI?GTj\0BQ?xg\05\0Rԭ	~T?ٖϯ(jN(4&*\0Oj&-+4j\ZI[P65NH4-\0Ǽm B\n\0tPJ>H$\0v2?)3}9̫jÙv)\0h̿~q+ZpP}#5j,2W\ZyM(Y[sN5n1>i-MnJp☂(Rt-ЇܬXenve+tX2XVD[6\n2j3I+jrIBWr|\0д,	pw};VT\'30EU׼=Z57Q/;\0J\'7;~ښNqK_\"\"e^⧏_%Ŕӏָ/χ?jzm,IlOXgGWׄ4x8^Ҍz(L??\n(\n(\n(\n(\n(\n(\n(\n(\n(\n(\n(\n(\n(_Z\0\"|An]n߳nș:\'ev8#O/\'g=~̲hGҹfV1>Q}WI_JNRr{OДTW*zWnڗ-\ZeA&~k.;N0hnVi7:׏Vv5hΑN<=_NG\Z\ZUQ@+)n{{n(S&,o\'H>r@YrnZ|cl.F7rEg񏩗\0G#\0W,{AtOux֗7}F(}ERߨG-dVS5+ʖ?Ҏ`.QUo⺐\0?1IG+\"j*yڷF\nW+Fb%\06M>B?wup?QFeܵEQYJ0\'plQE2O\0k2xnR;#6|uà۷16ᩯ2ZD#\0pk?n/^#Ӽ=̖ZE)B+P[?A^#Yomնvmszy/o\rk {|ۼ Yѫ@fk)r)\0d1\0$\0Zs&oM3\Z??|?EǮi%c&W`~?n٥xWW8zҔg\'*JAEVAEPEPEPEPEPEPEPEPEPEPEP^ggkm#]wtLgwL\0?<ԤVX@Pw3B{`&R9vO6ǚoãY>Zâ\Z\\M3gAVY)7,wG݅8RG9o#_kɺmjcg=N1VMٮ+3->R߁ꢿ2GN\'~Zo4V[7vۏ\'8[n:U=C_RT^CƊQEAEPEf\n)2~t\0(\0(\0(\0(71[R\rѷS @\0\'횥/+$\"Бᕯq7hnkyw6P7 1X((n?xNU&9?ix&5?9j7\nů6k4{@ށ?g)vzbړw.N;Xʀ>\0V۷j\"c*,Z\0\']F.43bʌ1쿍66tX\'5@Ǯۖ?@k\"Cj\0\\ޟ&*^zQ^Q@Q@Q@Q@Q@Q@Q@Q@Q@Q@Q@|\0l\0|@\0wk\n\0(\0p9Z&aS/gV~=|:!ћRMH)HGel&+<#cM~d~~/W\r59y\\@{y쉥\0f|WKi	1Wt~gTV{$QY*U|=w	kccY\'$+C3B?IZj\Zkhy1*f \0m]5ņ$Ġ۫wt88%K#VITnf\'Pc*G\0vs\0>(UXВ^#g7k_@xcI>#YF!p\0r}n\0\'ui\'p&@>P\0U!mY\ZY3oZf5y&IyXx7\'ڍpCp\rO<}FNrsNc2ȺXh\0ü&/Cv3b>KKkhܖ(tic7\\)$\0-p2~n=+\0x/#Neߑ	\0*޸ϸ3Fu y\'W~i\Zeiq̅_`\"QddN%jqK٧gQEE|Ssi-٥`~˰J;cR\'#xbkdY-cn&8\'\0_xSյi4Ƹi[r,LJyԹԌM-5U`)ڬG/@1+<#P!3jR96Hy#qe%36?E\'Vr<oStnDY.千+FáůA\"~&2u{~̖v3+򑽣dU)~y-Tk卹%O9a.9]GgaTIj|u`z|r:`\'+\0֔e\'xۏ0`|ˬ~{C#X\\,1\ZLR@1ּS5/%YZȯ\n8\n*x<VlsաZǱkEy_õk_$y|\r`¼\0㏆=<NKWA5zr\0bik\']+6u`g9׍#L\rr5c.~FzZ\'(MC\0,>$|/+jVN472D62fEs޿f\'Ƕ>i:1KUs%	?ak]?BxZ]?l.P>wJ;/G8x4Z5-v.bHn Jڽ8xU줯,gveiZtv}EGgyg.C:	#uFAQRWޟQ@Q@Q@Q@Q@Q@Q@Q@Q@Q@Q@\'b|\\<ǆoƗxY[eS#*ٝ8=FG\0ÿ6coKtk+UU|>f_E~h>y?Ĉci?.<+Hx_Vx$OhSo#F8c;;{f?1U.pmYZl8G>QWm+G.\\xs[VwA`~AпPoZedltylO凔\0G32IY\0h\01Dy W:\'~|\0i0`\0F>TU\0k^kB#O\'Κ>݂a<QxŚOtaB(cMǰU޽żIW)mGI$ڱƑ2{s&rih˖N˩Ǉ?g}[y~\"oy2Zæٷi$g\'=geǊ/1MRRT<Hlq#\0q>|+mx7Ty|1uo	.$d8U}BUurNkf*#*|]W4,0*`kvZßcgO˒=ԪH{͏V_mc$b;	_⿉Sk>?֬_VԵG[,HVId{Ķ\0]>04w^-;	h\'7θ̧\0|~SŗNU):7d<jxѫnyjylL\"~LG}+L[s);@^%\0׍> k##znekK٭u3o(Ѥr`x >w<3~mkyV{ixhUt<2Y=J)TKG[?~GgIћ.=տ5sPsFǜao\Z}+W*:r}I<cb\n{RW}Fiw:l\0T}zXm%<kbrS>^yfxǭd50o©\'*?\nkk%Ѽ֬n?V-pTwgB<\nx\"]S[]Zee$H\0[\'N=\\޸t	ZXH#.~Ǥ閱=Χ}0e	+\Z\0\'1\0g?&<}GV__Ukw A%ƥul\\\\JыxDel}L+]:Eksͳ8y,<]--߷cw㏂/eu\'l]jC,gЫ0#ڿ~5E,z~kD>i4ا,cbGQ׎E4?|Z}+5\n{k@J.bYU0]<l9 vៈ+u~ +vV\"!k^҄gR2=W>~m)V*6U<!yb!Jx:ZqXE.>hI?C]G?RNᯏu|V8{hobܠa%x#xk}2KOqRX\\6C\"	2i}Yť+l_C\0cFn#jLLquy7>j:OƵxt$Oc/B3ֽfZԧJwAX?\"<=yʭ>55בXyZ_?-+◉a+ULfC~|uK=IR$[#r@$\0ibq\'q	XZм:}!m0n_vYc0}j=wݚ:4JuƘhB?̓\r+ԮU#bd}^1\0lڋl.G>kѦC\'o۪,päȪ8]P^O8\ZQ}\'%{b9pyqIrR~Wj׀e[9-m?λ:S\r.[izU.ݻLq*ctZjSR\'\00+S(\0(\0(\0(\0(\0(\0(\0(\0(\0(N\ZdoS<To߶n%\0ǝ&RT\' /ߣVK]FYPUeY?_z!i|缎=|\0]\0Rŷ??PJm~׶_J>*dP\'ϥ|{J{,nz\' ?ξ|&Gn5xnld&Ehdq_~	|+jccXW#~/_j:1tT]~EUL2HXR3T{j\r3\r1HM\'r(M_ٲ,gp	cz0Z<{㿄sMc\r\rQ,(I.=L\rƷ,wQ٢[>J7SZ	b<|TQU>hɯ5ZӭO%=\0Ioj6:׋<7(./\"WmDd!C$d_悗ZCcԗ7mp3߿mq{4W,}B\n]ki~Qu\'uv>W^h6sr>w+M;\\oi$\08*\0.Ծ&xn\0q2jz\nft4H<r$U\':׺$׌wC.[:zFsS6T$姢F4r	ʥ:kvtߪ\"}+L^Ե\07wV})ʹ 7\0YMy_k>nGPMSI;\0ȵl?o-\0,[Q\Z>Yzͨ\0ԿxHlF;ke	ipAk11\0Zuq$VWyo?_~+:Lˡ.F6VYɪ뗿nu IQ;#?(ɯF>-i⏅;zwe4Rt <rƌ2;H AUFh.΀}:R$\0ǾSfxfqO<*nZ2ݭi}\rk_f^$,|Yx~^qیw_	?\r)-Qz\r,,w\rH	*2ɐ1fBƻF?HLo>7ᶸ]ũ.Gw_hڂ%G>*,ڽͶ+*N.p3\r]itQ1*X;}Ƶ}}p\"XZ6nCHsZ>|ˆ_!(w1ukOM7EG\nTItKC=H/ԕoz26U׃jXhfUs۠ꫮ^//\0U5B@4w =+<M#?w=+KƟ-\0hGc\r(uD_9Ѫ#.ch9CPퟱCOndMՄ\ZHf\0ɸ۰SLӼUunǾ~H-iX\r |.	i{mF\\\'ӿjگ42g5[v~_ׅ冱zGwwH#Ƿ+ؘR\0\rNcu\'o]EQ_Q@Q@Q@Q@Q@Q@Q@Q@Q@Q@Q@\0!\0Z\r\'ZtH3M>{U@)d{:}\0=N7մOB~:|BvuA[]	NJ?\n^\'x¯_>ۃqJkr\0>i||0OޕǸb_<8:ej6y4	\'1 nk~~.ƺvx3:>ֺ~].|\014O[?~\'UM\nGG9.?QsV.ZvaP`3i/;zbMEFÓXZkiϷ+ַCT)NQ[o[cM	ۡ\0W5͛{hҶR\nд(d;ƴ5|k)~#W-3uvG^\\ܓ7ޑƣlRҰ_kճ4=vÖ{֍68TaT`ANv1Hy˚N]ϟ~(Z?\ZZB4kZ\ns\0\ZI0榙_	<aq_*O5	f?1\\2yH}y_hH\0߶ֽՐ8\0WEKcJs~KCMkѓi#ޟJڈcu\00819b/qˮ>Vcj(3{`QyMW>^{JjbeBdwЩQ\0JδͰ樑\0«RNv4[I=Cv|᭾5xe:Kϡ8?ξ_cmGt\nx:W߳Qw-CōK\0}R(+-(j1w4egs\\\r\'&\"r3/&er@ds_|H~ZΝc\0ږk[]F\0w?~Z-;=:<[\"Q_Q49N\0~\'q+(/C(\0(\0(\0(\0(\0(\0(\0(\0(\0(\0(\0khgueRZ5Ι!,lھt?o#_xCX;o0mq\0rꏴ.W={,{=>e\Z/%鏝?*\0f[\ZPNgѤ=\0J+鏍WmGI]Kj&^WIc_<=\rcChqp%w+jFefwë\'O]%yXn[`GIգխ/?wk̵EWIQE\0QE\0QE\0p>3Z\ZLw:)=Ei;Й7_H6]],UNsXʗxQEq/\0	.l;d$q~5ӣD쬥YN#\Z~9<G5-OJo׸SrxOc.$WV<tO#yHw.1onVʥNeQEQE\0QE\06i&Qk~<6d[<<1fzǟ\'٣oOGsWĞ,U,EKAw=,-.X\'Ƿ6=/̓R<q} \0V8|අ5ɭ_D>.1ϖ,zaZ|1ySĐ[pV5\\v,wz׈lycyF63l2G}>YqZFkqusVkT-fIY\r_7~><Pvvxn*%{U&5}PxE\'~cXkp[A% +>l(\0(\0(\0(\0(\0(\0(\0(\0(\0(\0(\0+/>[B]ZŤsdT3}kRRj̨ũGt|3=fEDjMxfY4N2䣕XqEq:6_\0-O;x/lT:;m#\'%G~k?jo\0,6^35bOލ2~a_>xF~*XIM6vwOVZ\":#xzW,EF~ɗ#Ƽz|U| d[OIM9{G;oH:z\Z4ƚ_.SPhlY]},\0Ex|ܳh~^jj^Gqӆy{UiK,}GQهvVwk{l\\g]Ԫs-w<EGu%Q[EP;h*$UҵUѥHyO~\'ZĶ4G?uƱFT`\nkJ-5\'@4U.CI8JVW1*BFM\0V~NQEPQ@Q@Q@e\\·ˍ~q:[cRƸysX֩ʬ5ww#>rpOq-.ۮn<\08X\03]m/%Gվ_MqC.~c=)KS7h_	xZeu&cAbM6*\'#[Kܐ[|/us3\0pF>+wƺux&g$pgn\\}#B?URQDxRE{-_՟F~_Vvj6vH[3\Z*evv,qDaT\0ڟ_PS5%bkեZ[ɷ+S(\0(\0(\0(\0(\0(\0(\0(\0(\0(\0(\0(4^\nԼ?[7T2g;Sٔ \Zg7\rVDg0\\_fQyA+Ed1ao.e\0סH6.ko?\'h{u,\rNY	ny׿~y|^OGi.qynqՆq?:|ji<aX?cxqQ=bmHmIt0W$Vo>ǯI\nO-\\>!Fmc,Gk4\'hv[^\rĒ[75HeCXK}~4eeeӃIEhnI:(8(\0.XH4^V}$\0_Ҭx_t0YGo,ѨQ*ۀs]}:<k$R5\0_xW77,K0N˂W|9r+FJWSJt}Ux<y5\0yJ\01Z>\r~d<LpJ085jf?ԼMm\\vQ3_R|l>\"P-y9w[hѥYr.ϯnٶ*s:_->2Ne&i6i\'nʑ\'\0QE-vfƥCYIqp#d_a\\^7=G<AѤ54sfpu>,~>/M%m\rkqp=p0{2ΉQFd}ŭ{l{[{Dus	yey3JI_&&\rږwkᘛxRFI<Olx\'2GE{8~휺^ܢ+c\n(3|W?0\0\0Jkt-.\0n9֪xsáOD=rՋ#\nWeMz^	(Iq\"?J\0|+ů~$_h7\Z6mϩA,ѕQ)W99t?n?b}8נ44:O\ZX\0^\0k*FkW83uL.S<D>&վm/f3|]6Y{7S #?.w^,vcxCd=&C2F[grg t㯴_a\\-\Zx\"(5\ZQ^Q@Q@Q@Q@Q@Q@Q@Q@Q@Q@Q@Q@Q@Q@ooMII}]GۻS8`OZ]oKh؜m?kDYQYX`2͟մ	xwUS09_ƔUyɯ;üG?\'er/,tffXl.~ֲwC艌s\\s+/U_?^Gʝ8yطE67\"aN((\nzt\05ek}nc!\"DW3g	\\h:yx23@RqOr&>9~.xᮮWtMݿ]r4?㾽B-?EDR1OS<gE]kN!\\\Z<>\Zh?\rLY>.ZG\0yؖ?::sɼ7%]x:է_l-HKn:}ֽ\'_<!%_{MV^K \0>O]eG,JN퍎55UUUQ\0($(\0(\0Q]\0Z[kvhgҶ	iR<ߴEM˵E^m`QčwֵLRԊsi}3Gc[$ˎI\0[iL]Jݗ\08RívQE~~LQE\0QE\0QE\0QE\0QE\0QE\0QE\0QE\0QE\0QE\0QE\0QE\0QE\0QE\0QE\05B?jۅComۨ钾L߉,\0\n5߳ZxGpJm*ȹc1ʋ_=_m[\0}WV3{M8ec\"\0J赔4\0L\ZVp\0+ncm_)~y5>^rVVt[V\'w[X0U]4xq֏,\n((3~ׇ-7]{ᆫhEJk0YorGH;ߋ%_>%imY<;<<Hx~u=?K~$Rrv\0\n+P?\"?S:otҘۿcXMd|a\'@/<uaax$@3uN\0_l|\0>0x+LT>k}vڬR4A8vg\0Yּ09+^-Egnp8x:5-эoT*+s??hOR\\<tټ_xLLNq\r}Ӯ9hjTV׾	YϓM#X`>n`]_?R~kE~hj6˻`tګ(>HggUodc\0bJy:&E\\ds/_RUs#V4\0ÚoJHċ A>\0%uψ/_ů܀$n\"IkhR6NFH#־GO\0\0-\nvQN\0\0erk*h˙i#2E%wio>e,BG֦y:V_ïYJM8I\"W\0t:t+=# }O5SϏċ\'I|\0Xrѹψ<]\"¾U.\"-Gy_E?y<e<+u}y0O_n~{iQE}aEPEPEPEPEPEPEPEPEPEPEPEPEPEPEP\\?~ìZ<rtp=ֺZ*g8gtJS;T~mxjsYQum&y4B#9bƽO|=}?/ۯ|:\\T^-nG\r\0e#cRI-^skrhZ̿2u8,Q<F~C4F>.[4|HўxW#:zP\0ta8?ohzJʳ\nQMXm?Т+\n~&$-㺵|Ѹ=E\0Züs%ȯ$VRr-nNW }My>\Zkfү!U M\0kk\n+hksaR:KS_XnԴXϧ؛5QXQd\r<}#6>%֥-WW[\'kP(#	P\0^?*it\\z<=\'LF[TUcJ?l\'kI&fG	<Ir	<WƚۨⅦƾD]ƹ%ҭ`PD\0i[h\'Ϟ=Ymrem&ȒvWxCW4\0vq۩{Sy?vkXʣlMJӰQE8W;;qE\0<q\0Uo]]gI#U\\IjlU~y\n=oҹӔ{#>V-W_}Ji\ZE[k$ \0\ZwKKH[!(}}+\"WSMl.Wh9Xw>\"W%;ptgc^^;֦R>hpA[vq\rޙo5U%x1:zT\ZcJ%c,v*xDM-((\0(\0(\0(\0(\0(\0(\0(\0(\0(\0(\0(\0(\0(\0(\0(\0_\0xnGխau(Z$Y\09s_|\\ey3AO\r\ru-JCMK*t?A\0Z[_|DH;;;H6鹳!>^GLWf׼I}\ZS~M<I3n{iHP\0x{\0:՚ţfʝ?Ck.tk}U\0ڊ?ʺOZ/4㹴*v#eˤ?[yo<#=E#1=pkb5qTfx\0կRµWnEV!EPEPEPEPTTiV{G\\ɴ.۵yJWFӯl~o?Q|#EoH\0ϥWGൽJ:{מ\0i5դ:Icmz{Qܞ?T\r_sקEWE_> grll]g.gvO񷿠ym/M]2bH䑎ZW=XSRCǠ\\B$y!̓08MIY6Gr~|\0\"+K۞m*yr5V\0ǁ\n럳~Oj1+2>VQWW\n\rN}#4챵iv((\0(\0(\0(\0(\0(\0(\0(\0(\0(\0(\0(\0(\0(\0(\0(\0l$8Գ1\0w#oxR#/2*I?W_?|<t{TQj\"FƯ9E|_ثԆt8J*]_*Z}\\|$7jzGi94-Ž}qϮk4Pf,	e=pEz7|b5|[m[>V$\0	?/;IìZ\\H?n\'>3f;[ݛO\\EL%*Nغ^<ߣ=Ɗ𷋢 Xux {!5%x%JrdQEQQE\0QE\0QEVu{m*=$~ZKV8ŷdO$33U$[ᅼ4c7r,wJ7\Zt|}vd@y\':Gjvw=|.So{I|3oGv-ߠ^~L6:}VjG\'z60q[HEڨ$TlǢo*RrwgηoFrA棢;bbhR{neY#&\nG 2:E}1\0YZ/-Е\0%~#_ ڧټuZ>wci\0\0¿T\nwu7que]ޕ\0e}i<2$lX{Rןgq]֓*#n?(랕x_v#fk=Bmd9`?/px`QE\n(\n(\n(\n(\n(\n(\n(\n(\n(\n(\n(\n(\n(\n(޷m:K<Y:=\0hktI..$a]UG5w ٴnK7Y\0k4Muˆ39Xg~\0m\"?\0*ǘ|b#>-jg9|$\'בW,\0|5}o6^\0Qpk฾ӭ5kp\'R-?(>+_\ncco\rorn\08EM0Os[\0`VRm|G૖mF7)k?ihl7;FLw\0~xտc{?J_Go䶺3==IfEgeMh}n8\0,օ܏Onq_#WͤZ\\Z@\0J\'4z_[J\0#\'}M6}+bsOF_ST־}\03K\0*rx?KCcoij\0}J,I~5ɦӆ;ۆ2j=;	S?&{M7|mةЬ`?OuGLaSd-Ӟi1??3\\ŻBV9\0-2A\ZPG@-C-M_ODWUONU.L\'q^+K(\0t}1O??sm?}o}+dYrsy0.Ш59<6퉏jz\'1~-&0[=Ez~\0ab?o3+kS?gfǠ9\'kWض\0¿F97iA,-uƪZ\\z<3w<gl:V>4d\Znau+ú##I\\<;E#	&kC 2=\r\\_AB޲n7aؐzA訢QE\0QE\0QE\0QE\0QE\0QE\0QE\0QE\0QE\0QE\0QE\0QUmZCӦa\'ho6K+\Z`\0YGv\'+~UϑsS߀ckw]monѡ	mn\"C8쬬G}+cXJ-qG=H>](a<ZOp\\N۵y\nS#\":_7-INq^^OI/aUnc>_;is[ŧ~p^+f4j+|ivnU?trJ[^jwd~ 0(3\nO|axx:tZ՟\\}QXo5QA}ZEIN>\0t~D\r}41Bȫ$r2ʰWe4y6~C<}+HtBUc@.LW۾p7*lnT:mƧ/mo5\0v4,J4o֫;8ydx%[_IVpÙ}wu|!zҭ}NWr4>WUx6#}zU/LjV3Gy/n[\nѱ֑ް\0SR7ͽtU3r;H\0kJ~<\0>?1z(C\\JƬ*,O@+}{jX&ڷfԙspH}9īw\0\n6(_?߀⻫W_d7F~ycZ\03\0q^VˣhAOξLMճֳ7<;k?&OWYm?҂S :lgW/ :tF|]\n/H?!\0y}+(\0(\0(\0(\0(\0(\0(\0(\0(\0(\0\0GCRot?[\0\"TFug+xuan~f_6249KDIn~xw\Zǈu[MC$s,QI=!i:7\"K-dk+ppPzqw⎱qxxT-ťfN$)Kyb\\𖚶~`U\\\0UUZ~N	_R.myc7QXrƭ7!\\^5y\n_qxervq\n{5d<$*KF>+mVXd)F+*cVKi&l.\"T+F7O>sClqg5Wh\\hxqX#W2\'N{ߨ֍jQ\r_3B(2I5o7ȭ\nVG׵T]_yL~x{hW/k:k[7/_lSDBVEn ?F\0߅\0\nEfHءX,jQ)Tw7Iiyj\0:\0t-LUzu-A	tUG;RP-s2ƿy+o\r셦?V6VE0)ՌwrB&IxR?k?\0Vأu;\'^, ok_fÉdڸ\0n(;tVK8Hk{*s_^hZ%4,m#X\"(_qYC5շ?Cӈ\noAe^ůyxֳkl>`$ooA_|~NkF\Z+vsUkcvc#h(3߇	cR2:#+WZx6\\\0beBU\0UjtJ7/WU~eY.\';+yvnܪsP@G<UB.Ou	I(>2g\08\0Ckzq\ZNo[\\z+SHY,񦋨Ju zoF9Sy*aS+B=jDq\"RXdЊZ(\0(\0(\0(\0(\0_\'~yxwI}*\\7\0\ZhlQystKF9?ݘ/zA\0\\^OzByߍ{f\0m=Il9\\4|;T#9£<Z~~8\0m\0i?ڎ,,OZsxLVZ~׼O˩\\n/_s]T0tGg\06|)~-kђ;lЪ0?~\0o$tNTid?UU5d5Zߞ_R79lxt,^dXaiU(MY_zVy~\Z\0gKL5defv?3Mdz7yuqr݌[Lַ~(ozo<M[iV.I<ߖY\0~)K;}[|UȅS\nc~@\ZA>#OPKlᰳ90wԛ(򤂊iu5.<B5wv_j(;ӿGXвe}~eKUSҲ5o%FܯG\n=Y>Xpw\nKG\"27A\'rϓu\Z\\vnƹ?K\"Z$~\"紓e\\56֒h^!e*Lm_n^SPZ?Ukg\\{\\;y\0ѱEWğlQE\0soK\'?WPjC>2b0TJ脮Z6<E6\rXֶ\0\\{$.Sjq*doS/$#n=GETblxvjۿMg-rzѢ**QR]	(	\n$i7^(qu*\0ÓK>O\\/\'n?{9Y,n%C[\07\0發r3^wSSgë_\0\Z\\nLs#鯩m_WoA_ӧEB\nh՝Y,{KeǘQEL[XV8j-\0s]fg,e;ayP)QA!__xP?Y̵OpH?\0W«g՛.V-Kc<R~.Z~hδoNKyk\rBJi!`xt A\rGϟJ|\0|tP0ִ\0Z\'{W?jEďR+o}ݐ=7ֿ\"j:SU#?\0_J~6ѯgeֲL!az)VxѕՆC)5crC$܎U9\'*Hc<i}iyeq~yO0_mхg>\0Ⱥei\'62`+_2	\'4mQ컿?Qߴ1IAW}Goէ#hOgQMtdHeYNAƝX\ZQ@-!fP}ϜhqO\\fQ=|j6^Z5\r^Oq{r՜:Ϣ1\0QE@t?X4\"BlrrG\'ު3bK1ޛ,kvvj}@I砮Gni?o/ߒYQZLSIf&k,ga??Z\0	iz^㤅<	Yzyyqs$>(SS\r3BZݜl?啢>(?}Q\0[&\nAMGXPZ/\Z|N37o6S\0ڿ@˹t_\nE?+]BAl:<ו^~Mmj˧4_lwaNGZΣu\0NZCvW{IYJ(((\0)ĳUe#4(.KB6<yo߆W^O%(3G~Ԏ\"2V |VRSg~VS	^8;~̖d:zT|LT6m2v9;\0[WYҩGѯs4~}\n(\n:1!5ETdӺ5Mn$xY;XA7\0茓4Iki%#\\簫~S5mk{c]ʢ[6l ڼ}MMEHQE6i1­\0hoCoש\nBơR0@s\0\r645vy#_ƻMAkI.VûZxUk/^/?,㱍?Chjo<WIii\"8j֝kU\n0\0Nh\nXGSY^apGpGgQad\Z}OMUF=J\rՊ(\n\0&ĝc\0M׼WϿQ\rR=\'94eozi$caWO^&(>p(\0(\0)N$G$lYNH}iP|\0m\'h8,\0-Q.;),w+jMYJ4>욆0p\'\Z1y\"˾VڋX8G	C\"ȃ\'y<dբzJga\n?Wb\r$\"o#Wa(ㅐ\rQ_Oǉ&5e- h>XHdm]?EWlQE\0Mb.ߊҬceVpHxO-`=̟_9kxgPכyS~5\0,z:ƍ2?2*S]]W\0<mFY0\'M +1j}\'ןg\r`c#_1%G:vm3Uff\02M~>UkUl\"D2ᘖ+\'왭Ceіӱf>|[\0G\0s	iPF\0B|$\'e$O*0W9ciOC\\.fvsl$)nwʡaX\00\0KU87[/ykGv+\nWzj}\r\0|-\Za7ߠK^Dp\0:+A	p:ǎ5mu6\\4N\0+&e%di=Y~\0$_~:v~h\n;fDp~8d>k4ߊ_̡kQTdXO\\~Sߪ{̫\0yH\0yr_V7ѧ.h%WP\0iM(\0CGLgO5ThYYpEdYuɨ{cΡoo/ѻ?JǍt\0aY\"5%g]aA: yZ?yX?\0ҨlV&nV_SЗ+|<m3G\"rFvSE6(YlזQ/nv>xԱ4n) vyO;X=\03>SҢ~EW}\0QE\0QE\0QEQ/䲉+9<)]7WǺFǠi<b4m,1oy=rR43S\0ZB?ꗞL\rX\"lO<8q__x,>[Rpݫ}z煖eo@`YrI_E{}l\\K1/Wvڣ;4vh4[ہ?C/ÏzM{&o.c+S:\n\0skdcO+6?o	ɳ`W@|YwpUYH\0\r?2em<gzƾVOx\Zw2l8e?vU;@\0ǖNɡcBnP@W\0Y/\n\0?\'͸	.ᶱA6\0Y_`W=t/_AQ\\x#P\05х5h3:ҵ9?#(>|(\0(\0(\0mƕ6C\'l5/Crj6lϕUoq\'ZK%k:ǐȮ7sS]:|?%ŭ2T}^}8RϡQVR=ޯ\'1\r\Zq\ZTd֊װƍ+{I/&hфB6x|đrI>kQRzEP]t\0ggqs	2@~oCwګBIƲnt_Λέf:d^ѿ_-qrX\n+_\0lvq|%\\Hu\\Y9kJojc$0&[!@=r+\r֭9\'ů\ne}w0ӵHƫlЎ|b٭s\'Pf[\"qH]?)^yɲqR|[6s\Z:\rdy>R?/o\0El(ˏֹ*E]ud[?H^g4{\"յrefz˱f%II^2c<EovfhQH	0;\\SA#B\0|K\0~O	ȶv$[gޖӌ4r=	^+<kvz0~ߵ	|q|gP\'2}cy gǀ	QF\\gA.|Ooj{:CqsDUEq&:鴹1Ȑ\0-?y\'qH&TVY,#3ul2j~]YjIi4Ok޽0|\rN[3/]1\\ܚBԏ_p*zk YadAe9Vƾm&qz[9YYO Gw|Z>>TshA(:XOu;~xcv~-i&q<gЏҴ%f2!jqXZxRU]?*akF\'ϚhW!h[w>:}1\\~7O	^T*nџx<qAEWQE\0դwlr?IE\0c<ߖEz/@Dc\0~%EOQW:n%p2f$l~f#yNUV}_{\0|?Bm	>/%0\"^d?⼗]+&涳 F\0ʹw]if渓w95.\'U2sԎ+\']T[4m.Ҟ:WDQJ]	EYG\0Wkr\0O1x7Vm\0z\"΀&wU5-wt.k%ުݥJ]G|w߉z?7}֩ygpy:<8\"%ಿ|4qgMP\0_\n~kk$|#Eî߷\r\'7^1\0%koPZOEW	`fBk89:,TUog\\\'h\08wȁ3N9O-q_BJi?n_׏]mg!a1FZW3N{MEWxEPEPEH|¯@AKS-ċԐx.J7Lgy<dp&^CJu-fXw;nx;wW4wV|-p4jt#9GzRӽguUa[F-c>VT$Z}SHݭ288訔w<n(;B(|!GLז1,e;x0OeT?Sgn/}GZ{(4\'\0̟Ot\r?I^I6=ݲk8,[5nMחw-yvo\0n~WIm5\rhM,a`]JToGTA @$ׂ֏K\",VT\0(c[^SqxŞ2ԝ.[hg_.i[g1 \nơbKcan-W}e>ttp7ony4YI4C\ZJ%RSz\0cޑ\0V\rb/f\n_Oƕv:HSϘ?WV/j$5yyqsQK_>>is-Ki`{`U\nƳjʬFAqҟ\0ms7b>íG\0.W\0%LvVȽ~I<潮6\0HNgnLAvH/q=N~WQ)sE6`KXټIhev\Z$Zw09pGl?zU*wwNϟuS]^g͘]G@\00-co\r	qEPF=3^_E:|r懮xsQCL;;/Dߖ!\'~j΍<ڵF*}kBOi񇆤T}@{W:4nUVSj^LkEUU_<&7~vN\0ϸdy~WjEW\'EPEG\\f_\0_^XTuMYKi+?FчEG])<E;Ylw\08{ivhn\"4!n(\0<׀M#Až۔Wi/Rjβ`g$9:׻J\\GˡO+I.!\r<\0M/gֺỄ5?İxCLTUE2(PIIjWM(\"%2,|z}{<5\rv˶85U>A\\/)@hM{8Y/f<Eg$\rwU\0w0+m\\NtKpЕkl=5R2Q?65|^־=U|aj]NFvG48DP~giZDdT`{}ESE%d|w?xi(֟i\0wxVo|˩΍_%g|\0y W{]vayu&kjlұ}V{*g\n[j䁓gxsa(Ɯ];*~(9((u+I#IJ f:20~p{TTYyK\\o!i|7C<p?3:{Գx;o	E&cmq&!\"gg:1*:8NuMcRVz<Wb%\\5T,*¯-W5Hz\Zj13}dd]p3fsFMq\"'),(10,'J.J.','\0JFIF\0\0`\0`\0\0\0C\0		\n\n\r\n\n	\r\0C\0\"\0\0\0\0\0\0\0\0\0\0\0\0	\n\0\0\0\0}\0!1AQa\"q2#BR$3br	\n\Z%&\'()*456789:CDEFGHIJSTUVWXYZcdefghijstuvwxyz\0\0\0\0\0\0\0\0	\n\0\0\0w\0!1AQaq\"2B	#3Rbr\n$4%\Z&\'()*56789:CDEFGHIJSTUVWXYZcdefghijstuvwxyz\0\0\0?\0g?᷇8$\n`WjB v1&1QVAEUQE\0QE\0QE\0QE\0QE\0QE\0QE\0QE\0QE\0QE\0ɾ>3@wVmUm1F@\ntP{{%t\0`QE\0QE\0QE\0QE\0QE\0QE\0A 8=OZWRCodZFG9:wawT*Kfi&$n`Fzf>WK}Xl%NeA??E \0w]zMoڵRezΥX^F|=J_{}\\?|J|-_jp>rߥ|$Lnn-abcӎXMsu!䓅(m{*MUUh\06U~Ȳj:0ENJd$BE2]^1Ey53dn}=\rʠHkG_\0e\0Zbf+ȓV?S\0>W\0\0k\06f	Bln0β~/<QU/\"SVVr\03\rʿcX\0}ֻk Ya9ce]r\"/ǺǁnalƏ\0yO5axnJ5Gf\\	F0u0\Zj\0Jϰ,cFk{i̇\rM}||e>#uK]=@c=>lK8čյ&ηc%ʱ9@Nޤ}\\d?4\\d-[yypkg*|w]5Erw_g4f5K{-^f+K\0>?\'!\ZKye*ѶT28lPEPEPEPEPEPEP\\O:<-oj)qm\"o,WaC)Ns]=y#aS/n.\'uP;j\rN3@5OռO϶_ZWVg,s\"a{?&m$gzqq8r>Л[a[{o4mK) uzM$xyXS=?L.9T#\'>0o_xg\'rˎ/~\niF&#O[q\Z\'Ոi]UT1\0u3ie\r!\0/,jWפ|\0A{M֩{c?/\0_*tI\'yG̔_--|+¹vʿZMݼK﷟άQ[)lyu1\'0*F0ʭw^\Z5)OU)8Q(./H}GtoѹVRȯGr=b\"([ư=L.d嫷sKoEf^y%!A/$ykyZ7RƠ[ۖu0QoܾuZ?GAJ<u\0:١6{uèj`g0<t[Þ֝aݳ2m78B=zowZ&%|Ĭc T7:q\ny+o)OczIsGf~#R\'	5]\0%ƗբGB/\";ۀv?v}k+_Ų麭}4wq1>e1Z<U%0`d澘E5u; GQE\0QE\0QE\0QE\0QE\0QE\rZC2O9|MsLеjWж\">ϸۡ9\"ICm<p}A~Эhu\rvmI=KmʺƝ\rcHSЀ#°w \Z^a^u%Ǜl\"	>biHe.#<Ծ2|\";dccøRW&Qhg?DE}ݧxOaJdg7[V6>1uRQEt QA8\n(\n(\n(0|i	\\k1KW+^p=<`~d>j{G2R鱅[3C2}AO0[d.<מ*:}Vi\r-ldF;u+r\0>_GB|Ƃ_wsY.A$g}\rciC[ta`	\\{B*?ۓ<_!_R~u/x:K-G3\0fr̀g?P~pzQ@Q@Q@Q@Q@Q@OMa[VhcYhC.N<_ڞ\\Z\\\'ouC*\0yXGk\r__k:Eڌ\rVP`퓏˽\0gh:{],v89>UM?+Kհ2k*}p[mZ4c3}]ph~	ң4M5C=kau{} s+ZVlWR4!{ugAU\\Kpޛ_5Mc嶷TgZ@?wIBVf\\┫ȷ06U@*s{t7MP/wvTNES (?Se2(Tt%9/m)\0=l\0Tƹ-^\0LTGj_\"ZF.	u\ropw e$N\0֜3նowQ7S:#nӧ\\Y3	_DiY!js<gҪl}r vf-{_W51蚬\n1.H\\8Tj-&ɮ#3d>W&gK\\c万8[U>@WGWB֭GZZDDު#T\0QE\0QE\0QE\0QE\0QE~\Z6vť\\n^VfYEQ8>HFb~ kO\Z׈tT;xnȐ-ds\0<P[i+I5+h[Q[k(ڭN񑃁@8Ob;OjXG,?K\rt5]a۷?Z56Ү1]?\Z1c[\\#RY])KWʿ~Bo{-#/3NT_R{W,uKmNMoq7dWZMvR~[;BPaU\n\0I٧ӭgmbԢfLe<kߣSM>|9{k=4O=f,kucڛ|@u]DZGyh10oBH\rq.-COaH:&q0?Z_gW[oܨAg$AϵtaKY+9iM[G2̤+\0JpAWgXdC[O6O))(y\'\'z6nBOs^.3Jͧv>.̣4bbf= Xivr\\^\\o\Zwgsm[:c5wV󍌟gRm%67nuF\\6c,!,Xww6]<=:%yy2ތvUa.P:,C#9I\\ NN:b13\"+\"w}z{yc^uփAbP︃cte51%	r!\0X潈i/vos<l%SK3-$x~䐺֛qU$g]Gcv2J\0\Z\0o,i:k\"{q\0w#W%QGcM4\rbS31s\\9NRs\0{Y{lTiV[٭_U]nO/Kc8UO^ʪ32U,sҼouyMZK~I~L~j7\Z:NM\nQq$=A#uͫNeFѾ>u\0dҺPkpd\nOͰs+gki/5(#\'̶l\"=rW0$9Ǡҏt[d!ej*P<[\0(\0(\0(\0(\0(\0/gڨr6\'ֵj\Z&dhmB)U c䑒kѿjmB;U;X3eOH-t\r..#eLmwxʵKV#RPQik$\0K?]ZłVu~YG0WxgH[L$B(PvҺ_GVhlh[	s;pIW	}vv~ͬm|>Ӷm;2+_YݴjQ<Ä=\0W%	-,O̓y\0|y}O~7=/E[ݢ\ryAi*20d\Z\0/^|OdE|l䄐q{q;,1¸]8My/ǁZTEKwvWXនitV=w%;\0CfCB^?mnuk;74-ĿZ֭lJorb!\0bnA+CS|d_3o<Mș_q,a0 \"ŝTҜ]³OdI?k7݅Tf0^5-fE|u~t|<aA3۶ucxx%E<8`zG=Y5?3g6c!I=mWRNY\r2S*bz|JPv>mU^CW5?gI\Z)O7]Щ2.AeFG=+\0~7λ~*hc[vT3#<n+bVM>߶\n~J4\Z4Z [l$H9\0mO@k7UKi۟>,h?\0<+\"4oZچ\0\\FQ<z-F7ՙ֭ɢM/r($#753KK}R2\'\n	+Qෛ\'T7)XO&iw=ܮFFB\0\0ty񥶕{׎G>1۳1\\y$ɮxy5ۺ_[5/e8+ڻow<5#p ==}O&/ÝM6Iӭa>Y\"MבL־`ӿ_\0>)x&şeMϲt\ZMu9+$p#c#9%\0OƸ~,hwHO:( Gp	)mʣ+>wAY=mg4C\Z桾RcYŶ$sk\0eڞuo;|a{\0J.p\0I\0@Mf<[O9C8(+<)>=\Z=Zvq:N4\"w*Y9>n2:޷gt\'^ӬIo$o`TF8Mq&;7M+%ͱIr9#~{Vlq:$<js c%8{iS򌮋*zٻiס/4{T QE\0QE\0QE\0QE\0QE⿴QS!Cc5f??E_|<eOeةw\0e/Wo]\08k<⩄f;a?P2~Us賊*l;\'z\r7dc8T0|AZi tI?ι->pN9IK02VN?u?<\roᎽ&_g-!=O~gS|U\Zq~H8 ,m,a5c(\n@\0\0\0\0\nߋ	5o2s]Ms-]x`n2V40\0nk4U{{s\rz%f\ZglHAR&:\\+F1a\'tm\Zc_?+o\06s?7Sgz=?Iukcu#݃fc>/\n?ǯG׌-Iѯtx~RKbSpXX\0a7>=vo6-9G>qwOsGG74ˋieYlfh-F.l2+[DQNԵ|+?\Zi\Z~xgZnX:vi/\\&4 \rn@,zGI4v[;}k~\"_G㏋}|9,~&@,m7lzg:;筊>K_Hd؇o7C^e\rrZ!,ZKܒp0q^i,VSoh.m.Ye# ըˍW\nu3+Hxrt	<$JT\\SꖭoghI+V`Tpn1^a~ȶr\\jWeq	a<\\YD44.v $YWr_,$Ҽljhxz6{.hWcH,*[i:ޟ\rՍk-N$heYXpT#jeF[QZK\0_I(Uô{}{y+imz/`\"GgfɟS_k_Z4[mZqoqF\0ANX|<Rr9\0昸EB2y/<YZԋm~gO_On=?n\Zn=.qJIV\rl<7&WWĚo%6vP4#5ُ@z\rINo[/e\r.xώcZow*[(pسvCc8g\0W]\\5OB>%^xE7v0x[ZSX_4,yY\'|2$20+b\rC֌K~V+F._:m2t=Etnq9 5xmWKlFuXG[ a=?+#K{eX	)\0~_I/4obv\0#(IWE?8E7}OEGi?ڭcz ofNvaEPEPEPEPEPXmJ6,72\03^/]-<YYDjÆ#5}4/hnqJx\\z5Yol*FP@yʜ~]1_\'R^n,7-ZxZmj[oeg3?$\Z*,C6zu薫#D#\\?k.a-FhU\0\0^V\0\'<R?q\'iğ_^Ѯ\0<]m H.aa	I\nHd,7BJh5\rZ/FJu{*Ć2F	Y\"Iw\0wVm&G\0Y\'_}j>aS]\0Cx\\o\'|5ku	\"K{B+y#p@Ef_Í7jI&J[ZP\\Md$QH0Gz%!s/s_Ku[BO>]:Ox,ss(B\\ɑ\0OQ.Souk\ny\0!UB;z}\"ʝ=:RҌ_瓻ԻE:(yTeU˝kX\ZBy \Z|ʤbكe?:ky>1OrzK1%r\"sYF>\\#>ŭU6REmXdR:npR[}k\Z(dvN[g\0w\'^ryzI\0\0iE^==\0moh\Z_<LӨxZ㶕OHOxv?z=Ifj&唍qe!V5ܬnaH*Ĭ:JUz2x=JOȨ^ h-IeV^vOpzɸ{d`Izv:ΖaR2\\6V-85uͱahQm;z\ZOWmc4r?#)!qֺ/Kp;͏\0xWZmlB8i 4pמzSM5ŨE,!DQzw^U+[G%kBFn\0ЖP}*J(Z+7wvQE\n(\n(\n(\n(8ߍ_<&~k9my-}\rij[N\n05)exvpKynO,H[p9psW]OwW> Y+0HG#pO:?_Jh8Rq4;Y%iic<5Ǝksvf4jӍuNZh<\rLyP\"\0u@WAK}$c\rޤoAک΢wKcXRoYhn|]HZ\Z\\*AsY6WnD?jߵDl8f3-ǡ%*J\Zu$@ⶵV3tθV#m,f5G 2)\0Ҹ0H̫5*$\"NoBpWxݷoˍC/#\0!&k.umO<Sx\n[g\rB=>MMZcII\nc=*NǱG]m3@7?)ڴƊS%Bf]Ͻ\\ng5^Y{\'r(00|i$siK\"8M#?˚Ι[םTsl猞?4[x&irʹ=}9^sZ}aܤIZi]+:-٘\0?`NB}<!\'fo^*dw&1tu%YT_}Rфӷ[QE}aQE\0QE\0QE\0QE\0QE\0QEz\'˩w=܁흧b\nnzu\'t{a&6^@GM|wqo&w$R)IrX_tykFuo[q\\Zw]MgT71ySgVȿvE?\ZwjAh!ӖoNSZ񆝠1[Y1-~fOƹz^Nֶef$d\\pxjYlQKֽJ8\ZI&<,Vi&ދ屢\0Amnhk.Ex]hV1%esek7c+\\\\\\\\m9 aZֱ}ne{~ueE\03<MK(zZ\063ֶܘTgӖ{=.\"SC<#h66\nl*J1ck1scߡ{J{{ޗytwU#H`?Jtv8{8ns|,m^E\0-Ѯ\0o$>+s#˚[a^oi{OerْxcG?t:ky^6>I%U7Q! bnMbLn\"ȣ)?!j?]\ZӭQ_v\rn_\'/=X/˫=ʻ!Q79#r;5#ƹ?A^mZ~N7Ocۡ_SMz?xn\0B?.+4|Fch1\n?Bߕyҙg=X?{:,1纠$-\rE?iwG򚋫J+.zQ_Q@Q@Q@Q@Q@Q@Q@|Cx[n\rH-\0O+ok-?\nnqpo5Xommo>sb=>gx#RF~hkr-Tm#PY+ч;u62+f*sIҫRj:|uqf	۽>6qZ񿁾*hFItb$(A\0q W~#nɾ#[koExmwysNdM%/#<x0gSmJ2\07?5[\ZHyW>d64\"cI</o&Mt+g#+ߔ9ͺ7/ b.n6Ad$?Iw(x˓ZL-w8^QbT^Xi_l1П_e$>Y=b}#OaEхB|V8`\r\'#Z0+7ŗ?fЦ?kJ|{u{\0?5ͰsV6FdbGv\'g!otpV ՛bO^M,|<$WQ,;w{m}/7^[oO?|oft߻\r\0iQE\'Q@Q@Q@Q@Q@Q@Q@6xEWE*!NT|oܿ<]5̶C>CMKkIj|kO#ynG_	BwOCᯊM[rbsLXZ< ~U+_;u_QUV-^d\0՚bg՚]cY\Z\\zlQR♥:҆>T13@P;T3oyt_V+K$_ǽMETbJҞEUsh{oA\ZYϰg^)E\\\0ڽwog>ZWE\nd!у¼UeK?p%KH_Z-4k[TcϹO[%d~A)JRrQL(\0(\0(\0(\0(\0(\0(\0(\01oZz(oR	j\0G7xI🊼_m\'\\[h#7ڵ.#aJQHVb1\\9v,ĳ1\'|VaK}oR\'I|)5luz\0׭\0\r=Y9YVnOfW\'KՈWQN:Qu=3(;~0jrWA}TɚT>#Z/˫ۖIEsZS\0VoV*Xc{Xw&9~!vWt@\rU>4Ʃ;Vf{hw*9n!r6HX׺k+ZF``v:#EԄ죣km跌?#51BB4&~ԵiIwJ v짭l|v,[g\0ǵό৿?TɫYį?FISE4K,-Re	\"IwEVt\0C0Zc~Y\'M\Z_u\0\0e\0	W?Zp2èY5\r\Zr3{wĐ9\rYHcgEPEPEPEPEPEPEPEyMc|3~>\'IŒn\\֣ 0۠i%>\\Hۛ.@ӮFBѿ6`Xgo:\\G¢u#y\ZS)E_\0C_~*r3&5~ۮjaCfFlOu?gZ/\06/ar(.mq[Om[V5MFV5$5=Bq<##bM]\Z=#QEk=O\0\r>#_↹}R/n|G|<4i//opke W\0L__o.xx\\Z]+X1cv\Z[rr f{Y[?Z70(ifdQ0aڋB3HZiZ5,O)bnC>zn,a]XdxdfCKSW_}~~J6\'̔m8)YJ1V08 s\nskZv.$8w\'TNyN&|=z\'/l4=ZBc%ʵ{Z4:%*)o5cSzB?SiQ7ƪWP]D\':}ῷ<;̆xC?L{Q]FIhgn>V*Xr\0o_F/ʹ>G灏5rYsR1ʷb0Y|e,L7= Jug[nVoo+\0wc\0xR_a.H\\4Nc)c`cgBT0~~s5ߴW8x6\\svwe\'DgL,p?\"\"^n\05wI!,囁ޏ\0ȿ}\0\\ӊW]L4gs+?|Qx^\0Uh@[\0,ql2Nğ{\0	_\0x^(>5 rt3ӎ?\0̾4}׃񖘥SڌKеΜ%C짊`\rVW>~>\\]}v%6t=@۱TRG##*9B(((ڏ\n	c/d^WtZk\\U?݂-7q~Q~rgGំ1G=~;\0\\\r-kkpb:Nb#Jt7h#/V,&//C[Z-wAd=1<\0M~Ysψ-<?8xvTYD9]C\nMmJu*fE~[x\\վ)xo^|i˅&I^;\'ʌg\n@+1 z)k6^/<co^4񆠻.5fE;F!(#U\Z(IIvwF**\'7[\0vP?ehT7Iڴ/êЏpytu \"{wX\0j he5|hbo~L`RsE~[_\n麼:\nOO98-m;% # \n\\ȋ$r)VVV#ҿC?\0Q4?a~mb鲗*Lth6Oơ? .Xzx~ƮfiVv{$:ż$X2HA^Kq<	$Sheڮ4;\'JK<\Z,a$RY~v>K?.jHE鞡@<`M@qml?Į,Gjz~mɨϴm?~>隥wgqݭhdG*XpGiq^ljTt^Լ9c+x-|I;7~yvڬ3,#n,0/V>?wpRJ9;QҲ\ZFյÜ)z\07ʣUdfVG73SPs{㳏\0?+G߄z:˾\r*^SByj\0h7t~ M{O;|\0;(*iGW1dZ[;ۯq,~!φlW_񖠛l.Gn\00H,Ef~c\0@5\0>*ExQ]׈\n-1C}-cvv\nCYxs:Smoû~ KPc-%e侚6N?r榕zm1ƱE,j\0A^/6}{[3ieօ>8mW]J*!5/1=G+u_cB(0l|I:<OkZ=:U띭Ђ8?d8_t\Z6ðRǣ\0*\0\0Kv<5=:ӆ50ď>\0ϿŮ[h^.\0#XR8<yP>nE}C_ŭu;[gK\"Wqoctqq\'Qu,&rE5uy\0~aO<-a&Q_~]߀߶uWQ<;]xiu]sO4LkҾϮWGM;3\0[wwaO\Z a2Zid^wdgc3{DxVO1$̶V\0#lvV+hdrrI+˩n:_ԡ[MeK->YE\n`2ĞI<W袰`(\0(\0o->ѵѼjj(;#n_.X=\r3Wa4-nr`]XrA\0gu<|qd\\?G?T\0?T]0|-L\ZNrm}<|0]cXx9]eaWgkvM\n\"6NU=\0_Kڃ?7y\0xxN)^]KBԭٶ-͔͙,4`#BCqTg߲ؗgWREu;I5Ϥ,!Tjw?8}3⾵y\"=B>g/\0lIj+	Bɫױji]Xq|޽G?\npҍOKPhx=8S(ͨq59n/Bv\0Q7>8\0<zc\0^Ϸϧy}r\03cL>$jn3K_]©j\0uk1A<mı\0SOQ`` *_ۃMj=/Ěֺ0ELIPyfޜ>\'BY<3]/V7CZI!RFP\Z3<US`&\01cԨo;/)*|=h3]Imn伯K9\'޾:\0;xCkxQfXH\Z4eÂT\rR\0d\ZrxV+O-=F-5qE\0u`4H?.{Rn}kWj֫//dck0;PEUUUDQQ@U\0iZ劷~g:jnԆ{..of{ZIds;1,XI4*fRzulثN1Y.da\0,~UXcUU\n0\0*b昆!#({պQE\n(\n(+zUc%v\rчGk޿d)Y/6T~IiVC[p,#azGW\nLSդ'),(11,'J.R.','\0JFIF\0\0`\0`\0\0\0C\0		\n\n\r\n\n	\r\0C\0\"\0\0\0\0\0\0\0\0\0\0\0\0	\n\0\0\0\0}\0!1AQa\"q2#BR$3br	\n\Z%&\'()*456789:CDEFGHIJSTUVWXYZcdefghijstuvwxyz\0\0\0\0\0\0\0\0	\n\0\0\0w\0!1AQaq\"2B	#3Rbr\n$4%\Z&\'()*56789:CDEFGHIJSTUVWXYZcdefghijstuvwxyz\0\0\0?\0_$_T<Q\Z|J9m?O:\"I߽\r~_֟mKU\n0(g?᷇8$\n`Wj^~\Z<̿/`#]0-WzaEPEPEPEOY\'(ú{[+cZU\06/+ڻb\nRI]O*\0\r?)xwC-/@d542IS 9}Z^_xw,\0YI:f[?r+K&I&f/$ř؜Iyɯ\"j%6{\\R\\ݼɪ\0\0I0P2X<	.Qұ;a%E\0\Z5a%>e\Zkn[=<7IzW1b9\'0O>2ou\0d\r\0[}CÍ$``lqG?F@DI\":}qj\ZcN_vZU`<3W\0]j//#1i}ŵȎc:WЕ8$\0VOa\0QuW\0?`UlK\0	ǂH~(y\r+l\n\n1\0>u;M}p2\0(\0_p(Νu	>|E\Z{_V;OUl2k\n)Ԍ4֣:R娬(\"Zu#ri1<Vgye-zfj)?𐺕MrY\'F}һ\0uGnxib~X\nV\"XL\04FڝQE\0QE\0\" vQ@Q@Q@Q@W9:߂֗íh<$@r^s\\V(Ly:{\0\0x/	x;k5 ǥy\0v0$kiڻ\'N<Ux7@\'vGm1(UrII\'xVկ5MWS/.i.v,I#ĒI$j;}:I۝__5J]eWՐLVog$Q]Su}nZFaVG\'EakXjnrQ=zW?iV\\#jؚt˶9[vx`YO\\zMxMpS|d&M)E1\neϷ0\'Skn!C9Zש~imLvW?;|~!iDcpk3Z*g-DF<h V_OaUYec9+[A}p!\0+O0EjU~^fͫz?GhDo!4 ygu~2X6kRC{3\0ZN6pA#F̥r?1]8t3iT~\'IޢX\0xG/?c\ZӼYzJvv>,:p#pP\0R\0~e>;+\"&\\t,6oxw6wqil9Wk\r\0~^WqTrwm3xU#utQ\0|⫻]7GWH$4	N\'OH\nkׄ\\8\0\rk>4It۵KV EĐɂX8Ưe{2еTeO(O+:~,g:σMyܘd tlF5ׇͫSQB֝Q_B8r\\Qy4ĈHԭ\"l|P6dnm*Rhԏ4aF|EV!EPEPEPEPEPEPEPEPW\0	6\r-W62}܍X2BGO|iyuJw29,;fbIbI$׳[4x\0|[5⫽/KI DdQ uldׇ	W5MwrI	{ݴgכW$Y\'_]|b4aF6^y/#_!ZήhZmR 4).4K-v([BGX%dcĐ6r+\0p+~Vzg/jM.il]FO Ca4q9|dp!+E>ZDcvm>>5.\r9KoC\'=Ϸ>I>+xg7$5dt\'310]+z?\0\0d	[isc6ũjgfyRWwROEge863q\'־ygTiA˵ݽ4_,VRi|cG\0|QWZ{o==2ƭ$jWzɝ)Px/_K\0|yx_Ea)<E[C{y]V7	o1aʳ0ޛ#\0\0WZ<s#PcxV]t}G&m{KGo3Fő5W_q~&-=̝kw\rơ6\\ktrr-GtcrGb	/\"w!iǀk͵V5;8Kؼ$ț\\{]3Qy\ZO2BZXYZ\'9yYCe{hn޲s]OUe  h_X?՜=??(~>;\'i.7Gpj@+2+2x%HNg?H.(k\0aI 9=\0g|Hkz/\0\ZR &Kyf~0IcIka.|1S_mumhh<A%s\'b,OWs^꿼=M6EeY<6<ch72\\^\'^M\"s7\0gezZΑmɩjƫ.%E&q<+ 9\0#\0gMYkZ50:btѓ#c\\&TQf?ki4-^&ԼSuylΑǛ{ѱ+Vw4J#P[ho:a_\ZxOXG+륷/v#@YJ~bK|Q)*GB;WF8|U?v&JU^UTu}Z\r֑\r\rR&=8x^eu{ƿ\0|FȆ\\,5Ou3EfMܘ6!_nj\"ẹ8%@NN8v\\G/gz_[qeo/mH;m¿>apMs]v1إ|5eQ^Q@Q@Q@Q@Q@Q@Q@GuuM$p\nG`I$\0ԕ\0;\0D$a@|={|d6喔>0.$ӻTT.z2QSS3ߎSߋ^6kcŚcI-丑;`Dr>hA5w\\|ٵ]r&&?FdN^(N63^\'=2kƸ?3N@JIcL\0K31\09[\0l7_/HVZmkxG3S4c1<f[uwݿBK{sѷE\01\0\na+_0\Z|EBό1mג7A CZ_f}Oz:؊Uݞ:4.J1\n(4\n(\n(\n]*Zcs^FU,aZ6Kr6b+.H\'*VtJ8\04o<A?YXew\"ld0 Sm?Iivǩ9&\0yFv5rkO	hOَZn^,Wjd\rw#eH10|sOGgYoְq]WZm5K10Ic\0$\0/_rdЫ\Zᴒ9j7.iX^D |a&|\"Bd}=qЂL`#U$O%;VmCv8xqG^elcu ˥\0ja8%Nzkn_׆Ec\0Xj]7nmݥGtwȡj|3\0/P(>Iytn\01grZd)Mu>7N;QZQ@Q@Q@Q@Q@Q@)?rQ|{\0CDj#\n[s\\9\\lSkti/\0&xO/Dn.2\n.8\'2YY\"\\E}↽]l>\\(nn\ZYH-#7^na%\'\Z]޾Omj,mA6xK22LNaTq\Zq./jZ.:5*K.mvع\0~*~z.{OxDD8P̮A9VsF@η􍿥|>>K8r{饟>,7rj	me_ugaEWwQ@Q@Q@4Չ|y5EaxkhV3;ꍚEcW\nOztU*EƛNuNmS%1Z۴+*UvU@\\j}*gfxψ>>C(,*%v͂VP0y+?Inmwhc?L־\0\0k\00mj;twyR%=;~^0rXj7Π}98yFzo|&3\\?u?U_3\'UǟKih͸K ^?X\0}1__e\0o5Ş,xx^>Z# +־/^ٷԞ~H(<ࢊ(\0(\0(\0(\0(\0(Oxg;;_xd\0-㶶#d7%~U41Zx\nG>_x_ǭK	;C1ٕmܜcd%A?Icq.X~}~_0:x._3*J[___N_ς~b/&׳ a$l<ua_{{¿voƺRwMڭELbL0TO\r\\}\\oV?|i&枖{kM>ZRwkY|wTQEy@QE\0QE\0QE\0QE\0QE\0W9KUcOwf>~\0Kcl:+q?MsZΎ>IȿLXWſh<x%n _3B@U\'b\0_e\0rwo{xB-J9l,lA_9sMnTo2wI-؞UW|y&go\ZCOR-cJn!Ѯ.ccn:i?oo\0X_\0j:>by:rFTTxI#nnX~nv<*8.\0נQE0QE\0QE\0QE\0QE\0QE\0QE\0tZ\0\rn5+Þ\'XWsX5:k,XLwˈi7\r,֡.w6Cg +h4\0z\0Hլm5=+T%dRG\"0*J 	_-W	GSvj_<u^q̸6bcFr.ې9LvM_9J?Uϭ?`OZ9W?~9/=58c6HՆBnʆ`H# \0C	z>XGon$j\0gbY%bI$M~\r#\0K\0H\\Ҥ>etuz|L. I8sXZW<\0usRws\'Ԓ|1xjI\0v\0kj[tbFSC^}W\Z9I\nR?շMh]:ෞ25ovO,(gy&N+GhonoSpYQ&E\\p?heKYn~Q__On|{xPRua!\'3pT÷^մovYZm	m.h\'CHHa\ri\Z|0㤑:8V©oh%jKiaC$5%\0\0dҪ4o3u;ҥ~Wi\0j.g\0b}?7R|Fף%6i.L?rF\0AH<1\0Xu	eQךp;RaFGꬺlv=5ǷykYCF6ܳmr1`:ZTkxN9l^Vt1qd|,ݬRٛNWhҸ?Z~ʏVύ<\'Z*\0JnClpk\'Lpm\0qﴯ(Ρo5|cy̑<H}yC׌]}\"hkX-Kdˡ\\k_/neo(]\Z9JpSkﮭu1yyeFN6 dk*WSSk#桅pխ\'}]4j|f\ZK.NBvpF#\"Ktdgn8+_-y^8u?ZX_iϴ}f[O*sb? +(((((((\0RƗǪg\0GC\\^E\Zyڈ|đ?\nj}?[:d9 lbrcm̯38O3ߕG\0Ph\nkᶉcXT(aBlc+R\\\rkE25ƓLnc\Z.N8x5IFя~59>\0.v\0Cj_3ſlQ|=]Ϛ[vPʊ1+Q$~i7Zů\Z.텍pICz\"pNxg~5kɫpXf^83	q_;YOaoi<I,,]2{\r/~#k,ʿhg0Zxi\\|\ny㇌PMGG\0lF7y#gk\"Ŀy\0<yY;v %.i[٠YICʱs\0S)?\'O?7VkxoUZ4-<aQ0w0,|8\'\n?©<?W-oKmYr\'~_-ۆj8qRK7t]w>ӿ߳l<;Y5[,9m5R+_x\r\'O՘L4\0<z\n`ܖ*9\0yQB$xt\0\rx(Ktk纏MH.pȄ2଩\052$Ӵzq1`:a;mVلwHHHw$v}L#9lkCb)^2WM\'j}\\A/뉄cmu,y~YDdNs@=8o|B{JTIK};\\Gʼ޸~_-\0u߅o -.;;4뀛V)dm3ļ,Y4sSC]̭w	75[fԜiX($\' 3ڣ\0wQW֭n\0Sߛ8#^j^._ʾ0gK{u	r$#˶w%\0^ooK\0/d7W\\Kqyym<r-̌rv.<X\\uwVhͦIe{d\0MBkkXڱG[k7  $\0?\n17u\'_>QGcIct7\']@Wt^ƭ/_5vs鶫\Z,#hab<l;_b|E񅶽4ɼ/\0_ĖSEQMEĄ62BFB1YLՅ׺\"e\ntj;iGe\0x;-mGԴtVeernTcQ\\a=mZe&\0Q3\0H}oǫfo1ʧ\0^dwc^RS\0xW\n?k<͚펛y;~35\0ҿm?>,6x{6w=Q..Ȭļ(mZMa͏._ǿR\nhzMuOx{Mkwu/U2xގm4̉|v!fǫIGYƍ7~_Ӌ>}}%~͞\rg??t5KxwoWIes#;1X=\Zo\nAkcP8Џ,R?#QEQ!EPEPEPEPEPEP^`ii2YMc\0xl~5F\rø<ͣ,F3A\'<ς[\"Ɏޏʚ:-d𿌖o~K-I&m%]O8 4<{Go#rCܬgP1{>G~i%%}ұQ\'ɵ\0ՒK>{wFc<w}~oj˷6d_aBlp+H\0\0Dz#9bVʎޖkMym\Za#*qvo/K?!ki,|+fxIQMi~cD\"!;(\naouKY.4Mki\n$k\Z2@.dd`kt]OL[r߃Y4o^I٦BPchɕʚ9k:u\\25@H\\y\0gjb/&Uğ#hmpk9Ts=Kԋ~,!5\rzGh~410lvU,a|nxO\\Dd5\r_0$n&jEf\r6?t[ܞ؆;y^^L*xhgR)Y]R\\P]^v6׭%~m:X~!h)/dYR1+ aӠ +gݺ7=V_O}-\0dtmFYǼk\ZC3_[#FrUaJ}+8ny7S4?#?ZuCG\\%f֨_^\Zt:[FBfy%Wp/fkbǜ%Ģ%9E$zӠT8$?zcQ]>kJIs(Yw&Jͼ]٬dȱ	bʂp8Vo-pYLJt=m(qX/cUYHa>\r<7\0*Cx[>;S)7Z6zq}{\0by$w3q&x7;HY@X\n,ݤU\rDF S^\0o\")-%Kʸϸ\\k/\'eKYU(P(\0(\0(\0(\0(\0(\0(\0+\0k>mOJ	Hpzr\0|)7|ukj/GԌpTSRݦweU<]9d3\0z\0hV\0_//wQ0TVg]/CΧQ\0#q$#w_2g>}]PJj\0x\0Y:ǈ0XRF/fںp[ncQoU.M@\\i.NHT>)?`FZԦfw[/Hvc\0%2kAA\\)7$c>\03gj.ya$U\0\rL\nO\'YW$~-;TXrG V07C$(ſ2i\0ڲ\0v\0\0k.?Gmotl PS]ܼSpA\"x[3XF/FLs*O.px$ztU${:wlGܮLD e;\"3\'v\n$\0yjVO\Z֤ڟƊ\0t\n&!O1gUGH]cyWAO+ٗ\Zmq/c9uBq\\WRk<#aj\'GQEQQE\0QE\0QE\0QE\0QE\0QE\0QE\0QE柴m/\\wjfVa4gip8aѸ_z}#\nj~3Im\n\0Zr}wc\rAG?Ҿ0hT2wkJN[?cP%8־dz֧c?7OjijnC\rSҭνH海8O04୼uq[xHິ{woۀɀA\\1ϏoXo&e91qhOKan]A\Z$~ O<c7c{Wί\r,mǗuls08\\a)r+Impַ\"9W\ZOc\\tOL1Vv {x˂H4ec7^Ii3Vbu,Rp8i5}[\\r4m/*K+YjK_Vï7_KoTUTh\0pMjxɪMdWny=Mjh>˹}\0¯U+\'.RمܬY5{_A}s]RG}U>㖫Rm(F6?RODfg~iz߂N@S5۬Qt<=mpN-6yk$vq\0]~GUfoOTc*9;^@+<(\0(\0(\0(\0(\0(\0(\0(\0+h?|l-v;,~9>q?\nRwuYW$v#-Fa_;gSw=}G	<c-~BvŌE_hPɜ7pj|	NUټ7rX֭6(}bzg5{&kGiqzǗ	@_~	Xm462\ryν^?mr\\Y!<&$29}[%\0Ew2C%+g+8\n&ڻiz,kM=AkMy]/A2[ɝdMGr=N)Лs[\0__K$z|e^\r#n-\"\rs߅=\n|ž:ui<\0բ$RbC\0,z ZDGQS	V\nVFU)8thVrH\nd\Z9j$IϨ*y2nጎԨ4UQT`W17/+yAku4񯫹餑bU\'V/)u\rdq+|.׭\Z+?rjb)4=&=EM	~QE~%&QEQE\0QE\0QE\0QE\0QE\0QE\0QE\0QE\06\0|hUϔo>\"詩N3z2ԕ9٧t|As/^hm\r2l]x?{[Zu&?+P/p7׆Ҹk[mc=}~W}_*\ZᡊoҢ+o٣W=\rI7&sn~\0\n֢)byRF$js0Pl~H9VXev^̓}ĝs!Ƶ\0ZuPQEW(FC}f	6\Zd:O{}?:[cn&־NGȀyongmt\\v+ퟂ:/ϻs}((-K)=<>-秃#zMQ_x~vQE\0QE\0QE\0QE\0QE\0QE\0QE\0QE\0QE\0v6M4*^I($\0sRW_\n}v~~\nxþ)Ԭ&*qr\0dOonφys#68yZ|n?Hh:g߈mz)ZL&$nb$ן6ƬPeu?t9Uox{J[-+Cacenv#PW7\r$k:kE\0-CNaRsR}n\03l8amʿ-<vU\0JC)ʰ#xVt>yC\'G\";~-KxEhTke=`:(Q@V7<Uh$Uxz*1rvDZ>yjd1\\ ͩ^yǞޱEW-2zCcᗂm>XLEl\0t->JgR\\ڧJ_YEwP	=_^~-n}`\0ѕE|\0P׾ |j[M[/W%͓9[yx)4i e3_ARM~x^K5~Q_\0\0Ch8|GgjR㹅KXRpIWE~iTH)f~O^t-PQEQE\0QE\0QE\0QE\0QE\0QE\0QERtWZYizefk-ugv!UG P+\0~&G{oBJM]}+yV+\0iH]i\0Ѽ_O!-q&G`C2Ep)CgCң*|Ky\0\0\0sU\0\0m^#l̞?#y* $;gKho\0xkr,~\"7-{=rH3\'&\0xae>o&10ʏ3K#+zW,DVRG,piF;C|4/ř6\nNe~ky}kH+o\rj-<@\0| (i&Z\"eH#k$KU\'a\Z(m~71MWo^c&E\0{ڸM?T..[2;\0ZoWtјnq`7>|l3o1U]~G#O,r\\qS]쮐3o=1^c}sTEw7hVA ֱn4_BĞFP~u㈩\r\'X<=WxH!<\0G*\ZX[č&??޾\0ǩN56qxlί돤Y+YlWwL#noϠu\ZֿqϾfs\0A\0ZTI~\0uih^Ht}L/AMg(֫ڜ0|)Ēw|<4{^5eܱC\ZqQF㏠\"[xR5GU?K1PBҺTdyuSQ7DpCǍ]lTGDagNxMl=SC\Zg*]W_;\\;TBN]b0-Z}ZGKOWķ-çgs&q$fbF?v:??\nw{±kxQKU\0!WѿN_9W5|Q#|Vio\\ԴmU\0(L^Mol]W]U\0\r񝮏+[_de4f+qX\Z@8	}a_IJw>29AYQT@QE\0QE\0QE\0QEWuk]LyqB2\nrIP\0	|/zO4.?6Q3Bԁ_P9\rc8s_/A~{b\Z/\0?~3\Z]j6v4\Z-m/?ǘ`8+R{+=_~~?v?~>ީ\nczȒGE\0=Ђ¿l(\0ƏۛRmC●5z73m.ZǶ% `o*\\\'ߙ?~O)v{&\0c#Ӳ>a5#}9Tu]h\\[yjQvxZVN\rU:Z#BT׿*#\0¦\0	יpJ>XfO#r1x\r[u˯z:\\ʽc2\rmYr<qrrFV^WGL:qq:Ge׃?\0-|ekvGurFV]{\Z1XJX|6>GMۿ+۩ Hfԫ)}!/V>-$vѻc^7oZB\Zy2\"Q|N;&G0B嗻/}Ũa)>Xn6}	WA$k*meVSkޝ(}ϑϽExWxʟ<Tl]m2*ŮoeQn̮~o\0fj5\nZNWifRZj\\#`ӰWV7R仔ұeK$ɮAϩ4f-rbqMWԢ?<$m\0,P &ni\Zr傻g\">y%<JFRz:7m??t5=BUՐ$P?0@$uGNEt?\n~h\0h]SVQ^ο$Go\'WiC#7+uc_[nZ]͟-qkAС]\0>_\n\0`~*k\ZèzXU|繑\\d`^*ʚ\0\0/>=\0n\0+?F&Vb\0ʿ$c[spwA|߱Ol.m\n؀ؾ,FS\n& b#}	$8\nRT\0vU<*\0z\0c:EӾ*hbM׊Vݰ|ȐMOḟO/|A${_ypђ#*pGp+ɓoOc]6c<x?Z`^iZJ˜bnS[ GJx=h>W?\n+\0ZKƇpF%So.ь3sZ?ྟ/-?]ȺU9f$,R}^Bϗ8;u>΢HVw\n(?\0l;w\n[/o|i()~-ԋ`=k\'\0py$SPҷCom:s\Z\Z+ӲKpӎޯ(=\";4-v?MMU\"c+OT|AO!JFXShh?/q>=0?\\	5vY#[WeM_~W\0IwݭsO1pmI\'11+<k.(.Cs/-*;H~va\nSkTyZoᙼ(;~`\nk$IOVo m\0kwGs>Fa@c:\0/,_v^{?h|E}Ql;hȹQ\0j?\'ּYu/J..<RԷې_c޾O(kk[`	]o.{~G\0˅_@I][ǹn#Uc ҶPѧ󇹐|GaNJMV#J$Sw<m-\0$!^O}_Fqn4F;6~R-[t_se1Gz\0VGټ2冑_(08+?(?5MkRAHQ!woTsT\0AgvmEYZAf\ZU?V?Z/Ik0ٛRVw]1b\\L9$~g<ן/˞?PMƚm&/\'MXUء})kNtch6Di\0Q_)TrE~o}IMM*ND\0v&kV]Ո4y &oеIt\r9pQA77vLeVcAK3r3_taY*꬧߇̫R;djG\03~_X.?\0Z-?<Ɗܟe<V\0(낊(tmyjj(-ɧE9rlopu=*ESm6xUVΫ:74;tk6Q=p_\'V<ougs/\r䶱9x95c\n\\O$\n(̖OH⨮JrvvQE}aEPwkݗxݷVwI:݀uǭWNQK=eExrE9Sʏ̍w\n~\0J质6ZF$	97bQ]Ǟs\0%WM!nhl]H`1+C)5GV\'/J/R>j}&+ib>3R(͂H[\Z(۱xWw\'>E(('),(12,'J.V.S.C.','\0JFIF\0\0`\0`\0\0\0C\0		\n\n\r\n\n	\r\0C\0\r\"\0\0\0\0\0\0\0\0\0\0\0\0	\n\0\0\0\0}\0!1AQa\"q2#BR$3br	\n\Z%&\'()*456789:CDEFGHIJSTUVWXYZcdefghijstuvwxyz\0\0\0\0\0\0\0\0	\n\0\0\0w\0!1AQaq\"2B	#3Rbr\n$4%\Z&\'()*56789:CDEFGHIJSTUVWXYZcdefghijstuvwxyz\0\0\0?\0D(\0(\0(\0(\0(\0evvM4Q)wwm9$Z\0}\0\0gZ<-.4xFOi*+6Aȿړ>>j/An+8G~AӠsZ(\n?JR-k.. eAh3X9gk\Z|X(˨vB4Q\0 qymk;]]ZueHBG<p\0Ym9v/ڹ~\'|OiGk0CJ_tv^y8_\Z5g_x2ۮ\"F׮lB18\089~(ưQE\0\rό<E%3ZxH|ATxJ~~y<$v½?XY\0WQ	$т@Fx#\'}E,5Hkh@Wş_(O_*7QhotA#˸,\\2R	\n0\n(\ncüMGؖ!ԉ\nQ@Q@Q@Q@Q@Q@Q@WZ,ׂ_\0亚K={⧉mO	xg~Zy9QwrKH!s ~ڿ\'mc4,s^(ϑk(;\0\0_?\'PogZ̧Iv@\ZXR~ΙIRگtUŚǉq\"sȊ8a5%\'E1Nseqz;p7.JC(#V-Y٬fTo%$ctBev~Y㸸f6Xdrǵ{Wٝ\Zo,_:3X?&0>\\0#*ETJy\Z53TZ\0\'-Moma_9y逓ׁ_Kxn/^Ɣ:m[Yw6嶤89\ns]h\0DӅ*+J>:6`wZ(E4=*<?\'4hWXtֳc$` z2@׾\"o.k=Y\nm\'Ќ{\Zg\'ۭ\\ݮ\'3 K<`}֒vgf6^cP<싨o.{T.cFR5\0g\\od)fT$akQoݵo;#[׃tbO%f*\09\0?J4}z17F\'I?hjÝ*;_÷y:\\\0fg]FꬻH+P]^-?K_G\0dooo~*Լ,YʉKܖ!wG dlr\0!\0(w~VfCM1\\݋TUbOP;͝mqk[%!#)]HRdURVѽ?WVj|4Wu\07moƟQ`ψno%Ѩ?\0~AQE\0QE\0QE\0QE\0QE\0QE\0QE\0QE\0QE~|3/|W?	_lڦpqbIڀF8DA;*H<I\0&|gctė,\"VxGPvs|e^/(σfO\r?x,Vaaf珕@vSK[7+=CU+vwy$_kQӆ<]q$D~S.Q$0r?zG\\lnoݝRŭW\"TT20I\rK8T5K=:9vVv?+\\1oz\0P=?j\0ڳ\\qyi};6<+	KpK+,ARJRB@#>ffk7I!vs=#\"Q_=RIi(hҏ%8ze-70wvBԚVZH,(T\09=>bϙܪ\Z GY𕯆5+Iu]5=I TQ辤E+np??gnW{l\\3pmH<W}E]:.h;2kQX8TWL/\ZմWZLNTf\r\n:u+{K,\'Y!m/CrK\0ix>5Yn4F&sg??}\0~m%/m[nU_q>]k6֓\\֟*]57̌dYH9db?7[T\0>M?ŗVCaTc:,SD\"ʌ@Ux%lY-Yu%}ׯ޾\0Aڏ\n/_l].∕yܺ\0,cΣ@rڛ|H\'Q|.ew,RttmyZ}tEPEPEPEPEPEPEPLI\"%.QG$zO\0෿߳c׋d6xV}&`p\\j|R/K%0?)g\0\r\0	QY,<U-{ha1yot柡V8hi6:}k?cρ-Gnۈ=x갥OKuexZU_N|?\0gCtM#4jO5vx1F+\\BkRSlZRMY *\r((((t/eZia5fi*|v\'|-&<4\\H7CDwsL8|q]CKf29WKhVv٥}|YDn#89~?>\"bUUkMZj3.\0r~\0I_-foALYdbyZvWՕ\'\0jZKOxf7Fmm緶RYge}EPEPEPEPEPEPEP_v>\0`U;|Sz5P]	F?Q/_uU\0iHXሯxJ#9AԜz|ѯ@}C\ZO~hsuƝ475,KgäW}>x~\n9I,:W_G^p\"iݯC,m\'kV3suUEPEPEPEPEP:k6:+F&1Q[|FB9N9ʞ+SYd\0hm;rxoeėqbTЁ?ssҽIՔ/PWXc/\0oǇi/\rh\ZflSPBp<(_/e;\n|@_x:om;[jY=2FUǀ	[w/>\"z}VEԴ+Y&\rF6س\0yZDFÈ=Z5Ţ(`QE\0QE\0QE\0QE\0QE\0QE\0gk~)H#Z66ed#	d$o*IYT\ZFOv}\\}\0>R񇈴S:݆r֗M״K.]ehYQx`A74\0xc↵x_▝.s*2I撗+q,Ӥ`W{\r&?Agu.=A].[k=莇kJOvHP}?_s_ztm[v9=~ںޤm	,#_7;km^z/6_iW~}#̾`͛aۈlם\0VI.!ψc\"?zrB\'+ŧR<ЋճL-rTO1E\0x\ZoT{CDO1+#w:|[K4J6V`ַI(1Ig\"/E\\>;_SOjE6y|?3XCs\r\0ME_TtK6O,~FvՖ()?m5<GK>k}A#nn|7\r5T㜅+<+x__6,\r|\0\0e\Z\\{J}x}Y6e\rC]YC<	#qxoxoV,̱j3>f?8bc=\Z	?@ɿ~,V?HIqk4щ%L|̊[a\\q%qOL߼;TS2@E!\0o?eRmG6w^7n=-C	ug,,{e\';(h\0\0nR厹n$5)%Uo4Qrrğ?,X(QE\0QE\0QE\0QE\0QE\0QE?O^߉>#?ßx^;oÖw׏Ζ6q`Np	3_wǯ6y}zVH3NؑQ\Z`\n\01dxV~4𾥣1y~k-gZE\"uT_w_:C^;\r:G,LѓrA<VBjӫޛ?<\'MCK]Zm̖r1SW+v>КEo2=2CyK~:|_\Z}IЙS9\0K2**U\n\083|Tjӧmڿxz|y애x=ƹA\Zv\05nʢ\"*a韲>|>9bە$88.gd+O`k7_5OǑxo~ׯmmn$sT2H ybޛ|n&.sWݵzy޹\0^z&j{Pqh~nlq\\Pe꺧-dH`ByN^R.#T1g//4ozx~f0dTcUF\"υsOeğ:>z&}5ַF8hvJ|Erp$$]g;AG\0xg/tѩXxk⑤6YT\'s>y&aj	wZIpۖ7*|6y%%8fP{yCT<9;Gx\0WR~GhyuC\0\n@/ӯ5g&8-P;;T\\*<k&h4Y~0jWqُ?J-\'vuM7ӼFX`Z|P\\#U;\r/.\0-\0.{qM$AɴlyXbƭ20~^K#j\"G14\0	f5Gll[:<ګ*4v&*vC<u#ԣ<}q,U]o|#\0tx\05KVeuvYm`3pr2s2kxgǾ ]FMb JrX(QFqֹ\07Zگ/YT$.[$eX~rwGcgp$ue$:*sY+c#.zFL6[R>Όb߷=#Pm瑬ط\\ܰ9Irp+F f~^\0޿U?\"$%qC^-vGʆ2,9aOּ:s^ڕ顖y*Eryʫz38+ݳV>W\0wh7.ܶ:dr32*n?~:GmV9i5s	L\0vFW\r5Բ73(a\0\0kxx@q+rVy\\s;ׯZ.N/-%~o+O\n(\n(\n(\n(\n(\n(\n:\0\0gDktXz0r2?XXS_\01|3Y,|kgL<3k19oޭ+ͨL4Gøe->-~4/Uoۇ^per]>Qk$<1uGu? t*3﵏xcM־.RK6m_gPI	3:(}9+ҿd\071/ī.\Z֓+h$l+\"!\r|\0?1+HW,P_t_S*o\Z2+a֏%Et7Gor|r\0.<-x_èOn +yy*Kl.HٳS~_ϋ~_WK	xS\ZA(cżch7dƸN\0|c*tq3\\G&R)Wo\Z٘Q\0zn8/U[jGhjZ!k7áPf=3b=\nݥW]`kRTw\0J]sqH$hZl2!H\\8on>6i\0d_Y_0_Mi5\rfO\'6m4:|[&!fS.⍸A?<a)E?ߍ܊+PÌpj޿#\0q~w_ߋ6<QxJTMa\Z6̑YRs߶LQk>{;᭞c7:4eU+*hfwƊ9m߬O7}Ek[2U,ޞ>$)_VGemx_R6+Tu	5$+/;\0Fo^\ZAYqxZ2Lp(lvr?&7\0xO\0~&=,SkefI6R6Br$k	FQ`Αk.΍Ĩ[ܒԒM{7RK\0|TpCD\0(\0HꨢB((((((\'\ns\0Oϋgo\r^\0\n+ݫ\0k/Z\\_k];:#	1m&\n=gY\'NIfohJ;3Wݎᛩ[Aj7ݣ$~pzgxa/\0:^?i	m}3U4&) gQ@fj+_4k1hT-.$<Hvvd?΀$Zki>8\\e\0-&D \ZeI\"m\"%(\0gU}iVۅQ\\cS\"Yq@\07ycu[lnUA<qL=Iq<\0}?\n(ݯ\0\nsǁӆqV K~XzrQE&QE\0QE\0QE\0QE\0QE\0QE\0忶GFmsE%cd.ОBs^ELҝGNjq;χ1y{yexm.MrżA\Z2;HBH Ts^NA\0\08xG$״]boO6~͞\0ə\0X	~?*-{LWkap\"0RIP:>2q=k}\\3K,(cUv1tվW{CSVe>)[W	&T\n-4]lSƺo,C֯P=o%t%OZWq4GGֱܷ$[IS؆\0{\0	M-1Rēkn`<|7=w\0k5Vr7zg?ZܠxoV?xvP?S>&62H9=qZTPan\"W^UE:̾\0,.7\0^է6|{jj*?jy?5$.f|!/ҩ/1i|y7WX.h\\[B |{I\'p=vZ\\ˋQCWv[u\00fkG3mBPݿViVMTy 9?}?cس?76iZ©eJq\n\n$}[xj\\sc+A{EaEWxEPEPEPEPEPEPEP__r|!DxC5^/[B0}ZbQZ?S4?+x;8|k|Osl $\0[mpfT=Q[W<Wl)\0[kWiXC\Z.zm\'5u`s\\MZ4pjc$EzgsҜTi;\Zמ#x..ᷚk1vVEx/MoXڔv3&p;|\0Ʃ-KAJX˪P\nqXL(hs6y1zTo+ŉY_O k[,8Y`Sj׌5j\Z-̒n\'u*@8aSvkkYݯ\0ZσQK2N{zn\rݼ*Z)z{?뷑uoIȧ8	 潫ÞvƻV5w{nyXtaw-0B\0OO\nW.gaOrMQ癶6SjW$\Z.摉\0w$bW_G\Z5ν%Py\0G<\0F\0A<e4>vωu2v^0Gp =z躾 hʫ>W0릯B(>4(\0(\0(\0(\0(\0(\0(\0(\0)FFʬ0AS\nM$\\~߶g3NCh{@{4GǞWW7?v\'d42\0z>?UJ\0\Zrj.dI,cv(\"`Gyt X7BKzyt]+=̾]\'rJEt\rf;nlo/BmK\'h8u ֪S(tQNv=je1k[6ϟcs^gHY/Ifs$񞹩(TΚVö1*\05E^j皁nI{NAb<>ѭxQNvHǲ(1OjqM\"e%-\0,ocIٺُ%Ok\\/\ZO[n}:+X֘Ұo]_}hƟoϩexLwzzt((\0(\0(\0(\0(\0(\0(\0(\0(\0+\07/*4\r.Q-	5q4dV>ynXnC\0|Dr}MB[7qbkϤǭ\0$}gӓN}a~>⭣2kkiUᖵ50\0^d\0?|E69Tr u\0QE\04,j>RIcI~tbgoTuү6g|c(ji	v\'/9qW}v|?Ww\Z<\'Zs?.,\0~\0kV*\0ϣ7ɽQ_p~TQE\0QE\0QE\0QE\0QE\0QE\0QE\0QE\0QE\0QE\0x\0]<}Ua4tpwr1)Ǥf̥}˂G *)\0m?4߅~/<Tu\nW3٥|nqUkhg7t0z\0p;E&U0\0uVNko?Һ\nO(Goqc&Wlz\0\nc~J\0\0OA\r#\0;GqSQ@$S[|73#dp[ݲrU(C@G^	~-\'\0 u,rf+a@=ȯ+}:X$xj\')-)[5oB\rVYeXrH2 \0C-h Q㏆ojϩKE&%?D=x֦G3<5iQ](\n(\n(\n(\n(\n(\n(\n(\n(So/~2[ڷ~8?L&Ta);E\\,M!y?_A}SVDDf\'\0ʒcnՓȿࢿpn	=SSLW,k>\'qGXG>x[ԵK˭CQ&kZY$cwf$I$s,1N~އd;)IWū.|/&.常I̒I#y$I<j07I)UKU\'zoIv\0˟xOX)U((((GOKP~0OʸEYC+GW\0ɥ;\\ZIjy*9hoO?~t_x7THp\'NTdu<<n)ᕈ5!\05~\0|!R&Ҽgī},`~`E1|Vk-d8dpU^_K\r.{6q[?~GE~h~?q\0]\'Oxi:ѓ(y!N8|\0quo:$weȹۑ_SRHi~gK#98єXvTר\0LqKfI=\0C~SiN~\r:>5Q0jE\0je8|tfc%Er~o\\G?	2#K^n\n+2pΜ%oP*\n(\n~1~gUƞ1\0^A]\\u(dxE\'_\0n^XL<N4\nA.oy<q^GxnGnؽK=ZI.Ě2#\rM`ݻڲ_1UTޗ/_YoYo\\IFPC۟ZQ9峸`\'8潹xg#G^4Wc87ȻE[wv[oI}w{;^|_g]zm*U|dozu6.OC]Cp01͢JaS7\0o?>\0|l7&uOk7rǔXro$l $\r\nƚ׎/åogcCF	cǦ\0?~\"jZƦI,F$\0>%A$2k\0t?j\n;dod*He\'s޽uRܦoT\"40iY7jIt+¦܎xۓROڥ[TGE \0S\0-Ū+_r~bi؏ݯݏ$&<6PF?zc/_\Zy~{oؙxP(Q3GQޝ<aS@ץW\':U-\'uH?6tQA\0U{ZL][uǇ`bfL\0dULnjOsF3@޽繲ȹ迨:n[8̡!^kUUU\0\08k˵s[]mQnFx[OۯOc]:ݮ}g$+x߂9cms$FES+m+ֹe}ǣxmndmuIuY1<~`V (3asOn#_)8,Wh9pkmmccXB\"(¢\0)T:T#ʻet4(b%~Oz.vMib\0anc^KT<y&1Z4VԦ	5uVЪjIy\03O{U~)Hok[1<*}001\0?xFo<;z}-ĎhQn/Q^3l3+6K_򹗇5?i_x~~P\0oZ(뱋\rIjĤ߭{~!z\r}m;ae=U0kُ\noٿG:|I#AR4JTZ>EɞEvͿxV\r\\\n8{(?__x$~7V=b%ѯ>_?ͧ,\0 \0\0\r|O\0ϵ\0Gӿ+8!O#wXA\"\07q\0\0\Z?<}\n?o?_~Q_?ͧ,\0 \0\0\rs\0>7\0?/?B<xښx/UmUak!\rMn=3q+\r<YI]>\ni,73vbO^+\0!O#wXA\"\07q\0\0\ZyB[O_Iҩ^POw:b\\a`GH 2<SY|;KŘ|+ԭLrܺY	4Qxfplvz/\0U\05|*iւR_~k,5ZrFR\0&q\0\r_\05?\0k|W(\0YpGҔW_\05?\0h\0\0\\G6+.\0R\\idmȯ\0kW\0 \0E\0]c\0\n\0lW(?\\?\0Y^^6[jh[Ъ/Ek\0z/\0U\04|?\0DX\0®?A})E|\0E\0]c\0\n\0z/\0U\04cbA?(\0\0kW\0 \0E\0]c\0\n\0lW(?\\?\0_=\0Mu*\0\Z?\0kW\0 _ˀg?>E6fTd<;x¢XIv%[Tr,3݂wh\0IccWm<68?=|%\0=/&Y%^G.Gx+2|`2>$,o(G_oMRmۗ-r#4m&0cBQqzWWD3i\0Dn\0\04C6F?_>Τ5\0G)xT\Z\0\'G\0\0\rͧ,\0 \0y_\"\r\0\0K+\"\07q\0\0\Z?!O#wXAC\0a\0_\0\0%G\0\0\r9?3x\ZoIsCtV2H9zr9\0k\0E~\0\0\0'),(13,'J.F.C.','\0JFIF\0\0`\0`\0\0\0C\0		\n\n\r\n\n	\r\0C\0\"\0\0\0\0\0\0\0\0\0\0\0\0	\n\0\0\0\0}\0!1AQa\"q2#BR$3br	\n\Z%&\'()*456789:CDEFGHIJSTUVWXYZcdefghijstuvwxyz\0\0\0\0\0\0\0\0	\n\0\0\0w\0!1AQaq\"2B	#3Rbr\n$4%\Z&\'()*56789:CDEFGHIJSTUVWXYZcdefghijstuvwxyz\0\0\0?\0g?᷇8$\n`WjB v1&1QVAEUQE\0QE\0QE\0QE\0QE\0QE\0QE\0QE\0QE\0QE\0Դ\ZNOJ?tR<oҧFn+J/j\0kbh\rQ@Q@Q@Q@Q@Q@Q@Q@m~̺DQz\nZKVv3IJ!13؞4i5M3EIJ\"N\0\r3^HI8,F:7˻:)5~\0ckuRM&O&~q:3\0w1\0~<\'8Mi7\Z..ZaFq|9A&x_{vV#1Fr!Uhw\0{\r=/I^\0Ts\0Z>\ZZh\"	Yy6ׯ#ȣ2d@n/\0V)?(:n|k;m.\"d]\n\r?Re,q!-1H8ƹ珮ގ#X饱$YţC3x#xDb-g-ϵjxK	[S5O!1q5Ü&Up9Icu\r[j8\0\0\0gi%S*0^\0_p}Z֯ozuW4(51cw}8ǐ$95u{uોcbOv^>-|9ćm떼mخyX+7\0_x]nqk1ɂCq\'O#\0.ڇmIbǟ1ړH88&\Z8U~R#+(\0(\0(\0(\0(\0(\0(\0(\0(\0(\0+E#V5Ǹ6وmo!`(\0]|\0;+<Ṣԗx:A\rh\n_1nUwmTuiF<|Bx=r7m,4IZAOR>\08Yd4[{v$]cQs&Q>+kj+mN;\rCt10ɏ~=kRcu\Z(L^elC?.9!񼒭Π\ZHy\0*	8y\'_.{g6 3#Im3ZAfKEaǱ:f]WǍ+!F>lt^eȶ\"mp}Jǟ}ZWT$K2R2SȋfglN>ǧU)lTo;qʬsC7R\rbH\'\n[(\0)L̪dQzp;pqZr:hUm}~cGu6HrX9\\NO[vsN%dH:~Eyd.?,>*yYJHit{]\\	$\ns[__|Xtd?4LɓAEdxc,<\0gQ5i1%!\0<j\Z5cy|\rKUu4<U!?|셗޽:X,}&IVx| {JTkhk_Phz$W`i1/ey;ھIn#ȹ4QEzG(QE\0QE\0QE\0QE\0QE\0QE\0QE\0QE\0QE\0h\0(c6·}2P[S62c-<GI|j6p(D3z1|tc˭?\\\Z֗qIp.c\ZHd0UGTU1 _3*}Z5\'-{mT;moEak5^kQ2M%6cI9_5n{d1#KvQ=FaҼnu	]X-ckKן?¿ι<u׆e7h7#4mXmugFO<jʌ[vGeejjs,qp@=r?5ZPHVOmuoZ\r~$iZkj-f˒YhA:/$csZVsFwy	TvPF	S2Cngs~E*ͨ\\4ϕ_\\.x%պcY#4\'$㿯Zw>0.Y\Z0ݐӽjQzETvp#$i+ҵn\02/dG=.$Tpc#oVZ6)D.UO^	q~5n9vt`TLh6SI-UeHSj${χoU񥬖,N,jD\0uZYX lĭx\\2fO|1h2/k{**eqJ9*F}r4O**;k-Y\"CʲA+O(\0(\0(\0(\0(\0(\0(\0(\0+mo;ÿW_^o\rk{M)֓iL?;Y *A\0Ѽ>Yŧ8Գ`3@2!2q8\0q㫺TmC>y_G\rp#st_OI5i018?OJz-n;XdO9\\o\'8:>g]ihIcӟjX<kjGin\\ H+-~>8yfI[멤[kx@nfrWv_}\"~v?G]TEUķ_%S\0}O`<v24#ݳrj[hs^ߍ4Xc)6a7`N0sۯ_tH;;;[TWQ\r#HqLOrWmM]ZuϴIXhV\'4[KE޽TЌ2:W[2>ӬبY䩐!\'#vy9*z1(.(OI~zA|;\r^K۽JGЈ1l\nF%)\0X7\rO\rIo%;-&=ZY^4\'*=ڔWds\ZVLdi;+1-&xG̖DBF;Fq<Qk[DYF|VSNkrn!eS,y	)kܐ_i2jֱ})	y#/\0?2:܌t~9hqԥcEbSn6廟߭vz?/%̶;\0J\0=a\0DYjqO^\\\\\0p<,ۏ06\r5^I_5m$+_c?+գ;(ew8;.wi,q}/5Oö^5amHQ7PWNknyfU&o{DúwC{K^o/i[}Kq1er6\0>#9-j_\rfoE1~2;o1ģc_I({<M>ZQ]8QE\0QE\0QE\0QE\0QE\0QE\0QE\0Wo]ۗŏٲ6*hyy$hϧğ1xW[c}֥+Zf [ssH\\nv|\n\"φǏ.>J_tZץ*_\'m/yc\0=uL\nv>5¨ly,~Nۿ;wgU\0%L0pGUO>|_U\0ňTvF_xbx<p+\n,^/Gn\0:?j]PM^q7y6R5\'ѿ($ufS6)9Gր3E\02R<{E\0|Gw\'~|C4!\"w%ډ,ew2\rp8\'y\0b㐏&0}ubx;@\'˻f5[w{9$($wmi?7\0|د5ຖ;p\Z&|m<\0k견CI\'捭%ucDIpseO)pϹ~x7>펣ey%4;<VYQx8 rq~ߴA?1B\ZM{ؤ;7.y_Q^>3#Ҩ<(\0(\0(\0(\0(\0(\0(\0+H?\\Ni$eE$:\0&>.ޠeo,vb@<W/go!k[y4+ErK}яZ{s]_Gq1p^k\'0gYçٷ*\\^{3&fđ׎y.vV\"\0ORX`dד\'vwEhz샫ͦ|pӣS#͖s?\0^s_m*`s_]]\nYV8\rb$12.-6ܴ<_9hԭt+!ݍ]b,P)z{\r,焿\0!`?\0R~wWAv{0oq\0,\0)(>ӼtF.$q\0\"!{x\0\nO)sMk?F!!$ѡV\0SUQy벟\rs+a^8ozN#WkVXaY\nD0pz_#?sNvVDU&޾+ah>>F}s;΍WQ	÷AdW\\҃>{(~e~_|Gj]9}ƿO4O+?ol:W__/:rv<\"\00~r[T\0gr#v}vYe?lgg֔QE}Q@Q@Q@Q@Q@Q@Q@ǯx߈o﮴)涺l,a#`p\nvG֊L&Mr PƩhg*<_?:|kk86kqmPU@\00Q\0\0dmK;_f\0x<O/x՚쬵\0C˼N\0XxSobl;+oxu$~ϡ</|ǫ|[~ґܘNd+O9.pj4|XKU]Ť/VMk}*KmcQI%p&`FIn&%Q}À~v\0\0dG7<b.}ˏjONr[\"\'\rWgc5y\0=X~蓴r9>RZ29*Ozǳڙ\Zv5Ͼz<^)\0Rk\ro^Ȳ20cOs_|Z5д,4ZKT2k|8꒕X~?\0_-zvbSR٦99nAҼH!;_h:>u=A1hmѕb284F=RfpAכ[٩ZV|m,fzQUueѮyf2mhb3YkЫNѭ[	dXQ;UBzN8\0qNzET)\00=4]v-5eQ V@v bN3s̟\r|z[M-R\' l3\\Ri7*14W5h>Ni?ʌfOu࿈*HA:xnsmѪ\0I\'k\rsJm||#nRzʽppp\r-\Z<ҋ$ME.?*ڳmoϧEp.-;ZT#>\0)ʊuԬ~FVތA\0\'8\0h\nZTe#=t)}^F~t|`\Zr2InRg#uJ\0ܟ	?fu%^3~._:廆A5E}xUcH$bD*\n0\Zo|ebڏ#E%kPhb|d}+_q(ѯNU^M?1QZ*_\'mhC(((((((3%zovOG<l\0j3|T\ZEʭƇg,ՀUUe_\nH}?WRǗZj\n\0Zs·OjM2ywal/tbd.a¾b![?@HwKj6ZK}Rв ,vӜ_:|5yjKgٝ[NN\0$Y\"Ot\0RkUjѦVIAF$7o;oxAտ3{yk5)p<ݍQ=9/,d)DyGP|j[DW{vmu-@tmB;#e˩܈AȅqăԼag\Zb|;\ndL-c46(Qnsˌ[NmFmDv	\0{nYk,,Ir8ָjb\\/X8-}_;yyi~y\0K\04>w5M/3[hکHX eh\"\r4;T5-S~4}<5Ok<,\'tAYBk7_	YG}mK?*>\ni>!m\'G6+lgzx(7ߘj`wxۑ}\0濅;5mJC4ۏ/RZ+&gA*̂I2ÓǭÚlw	BrKE.Ѯ7H P@`vWtkdС$U8%wp3W`n\'k-pS],bLĊ\'pF?ַ=kK}tW=g[bKBvMj4tץ;dюt;v\r3os\\GjytrV@jI=:W*P0j?z4wVqGukr\"\n)e*>e3&4%Fneb^2K5;\n˯x4u+\"i-]B \"&8X_6A㏁\0p&|ym6&u\Z !\Z-̿v8?z.5-%Vȯ)=I`2IMxW%_7>\r7ԮHOR[\'ܱ63	W;%َ\'^\'iy$<5\0:~3#¾#֧v7é鶺;`k_01J)f_)}=4 6:#͈,F#a\Z_i~|+Ok[HqNKNNIɫ\'=D鶂XXkj$כϛtS/UcKb{C\']xP3X\\;c}]Il`\rҲl>(YmVcNp5-6q)xGSU<gVh{rP~?Ҿe<s/ګHҭVT\"sfp+l=c=gff!ՅmtiwO{nE~=oX-6(:d:eH5?\rihvW#\0}p\0W:»\0ؒkK\n\0d)R:BcXg[(?gG2=.,no2A?w`ڱxzK_yxSi}OW3٨8(\0(\0(\0(\0(\0(\0(\0+?[k^-ٶI,ׅ6\rH%G_^Wɟ3Y+[jCQI),?\"W٠}jq]RNwz*h>Fw~6s\0+l>$xnGԗv\0O>:\Zu{~\Zh7\rLIj:rJz5f(Uh΍mn䟟r\"텞im>4Xm<HtI J3lVG$o	y\0vyeZ̻d2b\n>\0Ö7]xn>qߛx]m(sa{d+%̖vkT𥝺˻oP?lC|8iHU-]?,g_ƣ]/xW{at,z2jj/|R_/yE6u#:zcӬ~o\'=>XݰO8x4tKu&k$r*D@ǒ\0<!EuNmca@ROr{ɪͫ\0h7`j_\0YxXFR5\0uԮ{Ot\"T[9_chS,T:]\rGunv}VJN/;EG9\';ӭt^\r =(C/L!OUcj$O*ϧ`n:8W\\rc{C^u_}so#Of6BJ*||9\ne5ٻ?ep~psV.K6$J>]cH,mO҆|UF80P\"Xzo⬭/RwoW>9i?mwk!K$Pu,`s|+\Z5jQc\0y1d	8sxw/[]K|o2N݋e\05D g{y]z^[)bqVn?\n[\'ۭ]eMko}U.U=äqҟ5\0´Zw!1\0B\0v.ooqP?f\0e0eP8ČGƽ\0\'E,\'\07#+򐢊(\0(\0(\0(\0(\0(\0(\0-x{ߊZ7xm2F9\n#_ck/uIPyԆ*89VDוe]$Ӻ=3#I^-Y{];4ĝ>+OHƱk,*P&BL+^<\raV	5/}D:Ǒܪ\nq\"+2+LW\rS֏+~c)b(9ҒOY#0;/ڣz\n}w6vPv:ĜƧ$ݷ\'<;I\0]ZOY$\'5^ml͵V5$rz\\,k	?\"a**Z5<;\'RWmiƻjlG\Z=lsf,Uvټ+hESMGKʷ910dbOv]h{Emp?Uu,~rC:eNOU>&%a&:ghr/\reSMlکG-m?+ZuE-:s:L}$YĞER9fkQm:*ac=)xF7XWDk裡]Wʙܫ	Y%^wXҤ#9𸪩G&!Iu4ZF]t\0\n9C\0GĲyzE=|םW>$&Dh]rLǢ\0:z,=n#h.{Qm<1Sf¼ωOn\Z*].>@XN>flI\\.lMUk/M83VjnҷGKW~u((\0(\0(\0(\0(\0(\0(\0(\rN5]6Ow14M`Au֐E(,q~`ݕc߈\"#o;Qԑ̨?ZN8ztm}gUGOA/R?wu8\01 y_OͿ!MB5NcԎ|u6Q8Ǜe\\ӑS%{\nCN}:EF72:tvە4}BTO<z\rRGNe~Z@}j!$YrXԳ[,ll\\CNKoH\\Պ]~3ͷ\0yd(?,^\04\0JVEF5wQѿ~3-.cϤ\ZjelчܝىG.ޭY~6>+cP(\0(\0(\0(\0(\0(\0(\0(\0(\0\0k6J=ET5er4@#럕\\7}1\\=[SPaua#A\0YK!OP+ϲJ~%_殏|`3Vz>\'g>]_-l~W56\'xS=A\ZKT(a}/&o5Twuxϖ8t(5x鵪<GÿX?k6˷6#d0޼?VCxUyrh_?k;EY4mXV񎖒k0S2xGĸn\0D\"X#+\\*߳$/m&l-7g\054S)\0ϴnՓ\0\0__\'k^=mY<=tM-taKy.\Z(y#g%OfZw&cZVu:dňO$^\0!\0ש(4fn2h9<iyֽ7-ExYe#Ig?*I#,^3Msn+;(Z_&,{\0W֟<|V,,KH\0iُ_EXGW-{V^31\rGzM;~=(J?%\n(\n(\n(\n(\n(\n(\n(\n(\n(\n(5=F=#MmJTdҔWeF.Nsڦ8*]_iwƼs݂RP}XȬ恁jֻɯk7WolSX%ҮZOFhٷnx7w߹^G=V!v_AGW=&|+}=!G\0[\0CAsHʲvs}\Z*SxոOQEsDh겊9-V-\03v\"_Xj3Iױ??J#CvҢ\"![q޵5fJ#6N+>,*~X\"L~ǢL \'(j-Y5MJf˵@?+#%:k1/o\0q#}~sʧai\\+|ݮhO;XTF\01\0\0T8ڕ8>x|w=;Q\Zi\"	?2\rR珞\0C|GZX~AEWEPEPEPEPEPEPEPEPEP^WHxm,BU_ֱ~%>H|^.+$l`!lU\'lmyͫ_uq#M<]ݺ5<KF\'n/{i9/ʿ\0\rU&W_ҕٝ7:5g} f)G{m5d;,sAázEU4K_Y5B*}A\"TSΎa(+zG2#?Z.J<~aj-Đ7\0\0z4ω.\'ױZ\\\rUtl.TuQQUW[awjG4۟q%iZ]~M$,e8ǩ5\'hu	:=Ư6vHS!x3U4\rMky\0<p \0G<\0rF#竢Z۫\0/CYkxt;=߹ǖC&uDl \ZvGf:إ)ysGe_[Jn0~X&\0\ry}8ʘJKu_3̲X4ն5}E|,Z;Nc.07H\0&Qh-PI#2ONy2ژLuq꺭QEyEPEPEPEPEPEx~[<E-EwHq\ZRJ7::+߉V?>I#-o/\na[Q_.h\0|J}>dٜWl΅=ߑhɟjOϖ&-\no^Mא_~Rk}q_\r6HVO)yq_3^ͨ\\q<\\\\LF,1O$1H&]~\0GҼ\\NgV压tBc/o^ ԭ.,gIӞH8>|/;_xvTmЬўqЎ\Z|~4q\00H.\\#C\0GYH̰p>%BQק߷})Z^\0]\'Vm^oJ\0yM|oTQEhym)o͕5kQҭux|xnc> *L?Tv&;XcSΩE@\0\ng\0|_EL:^/BqW g͏k(\\h?XԄ1=)\ri\nʴk˕OO\"`PwkB<Z 6u\0f?S]q$S.\Z}\0uѕVr}0iL42q(IWJ;B֏\0i\0%$_ʇ/n;gNUN?=8>%վyƏ\'?nQP{Fj~>cne!9L1\'ּƊ?RT^*eZN!\0iL6~2<+|\'ڢՓR@=ھhzXgYϦT}\"gM>r<CXֵ-ipo0bqR:UWaO\n+^Hm|]p\Z2,1Jcb׽}9\nOH9<7{&?q`P{n^M<EWuMz;{YFRh$FٔjvQ@Q@\nW8ˏGam5ڥ\'5-Ʃp}?6jk;&j޾ViއthAnzoۣ\01/aZ[H6N\"=>PVa57WR^<I$w;f>.%]HTrL<\r&?pS\r\03\0z+St`]\0v&/ʳkf?,Pr~ںMWÓi0o\'Ηɹ>t2qJѸe%YNAk\'oi>dhNqV >j(|MKT\\Govw+{o_vqO?JXCXk~\0xlFZTz\0^6/-GZ*3^_~\ZxNReHnYH\0pdg&>[\r\\\rm+#Zj-uInWg9-kcNЇNދPvThr+C͔ݤ??3\\)yOv?A9~?<~nY\Z#400<dǿjmc/g>\roza<涡yZ;#<ViG/SW-=\'mksƠَ>h{C,43333NI4+hQ,~3Wnj&I oQ~Yާ>1\n*ϵfOymnd]?/WW\n ¨-cOӤԥU?\Z+[k}2i{\ZV+?|4W[EY\0 09_\rિ#VIE~l\"}Xׁer?e^Z56XzVէI8[\08IkAi-/`_r~G@yG=I8[{pG.?Ǫ+ЧVfe,<^\'[\0E~]o3'),(14,'J.F.S.','\0JFIF\0\0`\0`\0\0\0C\0		\n\n\r\n\n	\r\0C\0\"\0\0\0\0\0\0\0\0\0\0\0\0	\n\0\0\0\0}\0!1AQa\"q2#BR$3br	\n\Z%&\'()*456789:CDEFGHIJSTUVWXYZcdefghijstuvwxyz\0\0\0\0\0\0\0\0	\n\0\0\0w\0!1AQaq\"2B	#3Rbr\n$4%\Z&\'()*56789:CDEFGHIJSTUVWXYZcdefghijstuvwxyz\0\0\0?\0OXPTQ@Q@Q@Q@Q@Q@|Gw+u*[U <\\\0h=ZHSrZ	8WR=2̪;Q**4GW掭\02;Rl~[K=ʹ28dVp1ԚgXqnD3Z%amZҪ+O\0>\nIju\0P͓E1SWo|seyx69@Ԁ8ɪX/\"^}Eb?+xbZηG\0U{]%:222:ڮ1\n(\n(\n<eX3_Ji?ִѣ.zU4t4P*Q@Q@Q@Q@Q@Q@W_R(փ\0Bon}[z.-ח9E_@9?.6MJyQGԿg\0c>0Τ:\\2,\nyW7݊7=@\0H\0i\0z~*~3]i^G?\n9(Mڵg8Y;aFH.Lj~:^=obrc!D8P3ka$24l=Zq9i\rP\ZVKxURmN4719?^M,CZy2\'̄\0렵-_a<&8fDoC*hRB`[G鑵ǨF\\9kY9y\'5*({OJ#̲\'6=rD$༚YOoj\0\"FePG?5ZZ7eV#:wz~4~\n^6}Aү崒@9l7zM}MUZ#٭u)#YaltgO5^4ce>ڬhy+oq9S}kJxv3G5)R>\r~kV:nnvxo-3mG#tlqd\nN-{o:rFdS&9[cտ\rkzgE/J͖{[9$R0QԆV ץI{ѹ,_gYE~~\0p?ς^u욂C2F޿O?`*_Ѭti-.<?Ht9*(e\\qh:Z}/EWQQE\0QE\0QE\0QE\0QE\0QE\0QE\0QUujz5}q/sq4	h\0PFo\'.S6ko˶9g#T\\\Z,EMSV5KkV̚t!Uz,q\'E\0Wc\0u?|etG\'ش+f~d|9_x[4]2o1fcGI|;KOW=Ak1-,s+=2 .(_OA¶zBXA$u+{\\u*@@Ɵټ:_F>V\0\\X4R4k%\0>E^J3>V~kˤ 6\0<\"jdǬ/|4.#*+/C\r8Z\0^)`Ue:vs^mgo5ę12p\'M?U4+o}ksgp\0c4np@5wsOn`EHL2z\Zb:\0MmR5W\r<ԕOJGZ:_	E~\'4>Y.\'9yN\0UCIx\'M\0^I\0a_L:滥8+i	}C_Ge|%ҾƞК0˙cid@b_(8y |-O[w]b|uU@}f|u_~\'\"Ur)hMܽ$L@Szcץ~|7#ln3ҁ!fQiڋNDd1˞Z¯SR:-7g$\03HO_Oc#c!=#,O#T#Ru}PgI+%R\nȲg`FA\Z?c>4\r+LʗOY\nʤOS5]Cឥ:?\"O*0:=U<h	{[naå\'__џ_G*I|\'7i5?<7n$yceT\"H*@}_˯o~?xSTK4[pcu꧳#U2R&/?k|Cf$969}=}_f˙lzEQ^QE\0QE\0QE\0QE\0QE\0QE\0o/l.<_ǒp~o*`rp9T@d_\\kK0\'k?|?V=/Z06Ш-\'/\\ڜ[хQ#:x>n}^H#Ez;Ֆ4\\Ĝ?4Y[ikq(/JF\0Z|=>\nmoXfwj?\"c_ w>ls|w{>%*(>(\0(\0(\0(\0(\0GA\"2F57k|z|mke|c̶\0)P?i>Gm+V\'OӤY@\0PcO\"^SN&^辫OUuәYdn	P6o63E\\i\0G#/+Xj~gg@0ڬąV#U\0u=|REkpj,w\\>Gb9?Īx \Zu˱t+QEGQ@Q@Q@Q@Q@Q@<X~?\0P\'Mnɷ%*)=8\0ꟷy$ڬ<kc蠟zGoȲd{Theq1{5+,FׄttRmre$tk][G\nc6Ö5m\"P\ng~CǓjoKxv7u%S+S(((((\0vMwѤ2Iqo,a&bˀ=ں\n+j4o3O/lnc\\#F~9zWDh$5ч%NGv#7o~5-HaΊ5=+~?+Z]ۿxy\\-eVji$sU7NnSX~/!mW˶FiĿKRU+\0`)\r|`h`%WWA)eQEDQ@Q@Q@Q@Q@3_o_.,azy*U2E\rJZjPd2378:Wv(2\0N\0\0D/ÍVQVKǓd~1>O|+(obUK_,,>D5 `\noǚ.iG7M*:h,qRTiNi6HOm\0k~9y崟_<Y\0j7?~\0֠|\0_.\\\0,Qo\0|o\'Gڗ?홠=\0kgQHek_I?j}6@{݃o\'GO6Fc\0q\0g(\r|\0dvf\0(#2pG*_qGBZ?r8Շn=se~\\WC\\/|u6:0?::mZ,y\ZEE@a_j-ux\"|sԎ3Z=υ23]=\"M1f8p.fEĒF-\\/.l?;ϣluEQ\0-m?x7hDؤh.NN++̇+I\\Ou2;IY%# r0xd<T!Q݅QTHQE\0QE\0QE\0QE\0QE_\0%{C`mRxf$(H_\n}\nu+u.v6i=dgz?i{֮kx}6+\n}gv~<iwM$y@;c\'Ꮹ,4`[;_XL\'SjfKxE5v	ouŻO|||HX*q!_<\0:gQ?Va<MjE̒Jgda=4PtQ_q&`Gᏺ_>/<6\n\0ds{}+ ~\Zw&X$&[LR:|\0?)<W~ן|O+m7\'O&bh;Yb,po\0>aE>)ZHe>قʰTƮc6RF읎zD𰽺I\0w|!\'?\0U#oE?9]} ?ox	\0|˩W&9HA5rzw\r/}׮%Pqu,CQ{+~q_K4+y#H-c=*۸Cpqb3YU~\'\ZzXjjwk\"ᦃgiDlMBI6ni.3^Nia\n~y8\Z\rWz@fr{~>+HYqY)&Ydܬ4dqgy.+:iӜqx{ᾜ.[I-[;^-2qax)w߇\nx`IJr;y\n/>Xq_/xkzp5Fujœ<PX/\0\0Wk|kVBe4@<lCj<6[^u\'-~ζ>iR4Ϧ\0xXJ_L\"RGWWB^𾣧1]Z̳FOFvR}j~ȿ1e$7ƚέekl9%ӽw^\0|o\'N5(f}-W@ u*pIK{~C5S}OV_Qk-um:cMgkwVSVV\0*ǈ-9YΑO0#3xXqg5cԩhۄy*rApq/<SF}ηZfnWz08<yWfdhZ	sҖf1Zj[#/bRT&M\\f`39##G\ng[MCРZկR2|rFw|xO(ψ\0cOYG<s??5G൏	(x&-$H*O->_/\nG%m}*i.yyUWB])׻ļ=o{`VhPB3r<;\\#Iv\'\nkZڌ*kS(vm}EVaEPEPEPEPEP~Q\'o/͌/(?[জ7qcE8\0V]d5z,2$X3j.#lF10I]>k?qt?bײW)?;{6LSvT[lEbh7̫v\0AW,\\;g˩FG?ͨ|)oOm]/u{$k;(\\:2\"x,1G#9ubwûxPu\\֡}\ZQRUHRp{\ZFG!5>ZK.۴dܷU\'WvP\Z.4lm~cX\0tOxN?]ܷ[ʖfDiKm%Q9ھk\\|7|/]<\\Xnar,NLȱY61nο\0ۏx6i*Vk_zqk46~dZ1!j[\n\nKkaboISMyw;ޔy	JBBƝH,~#*JVVױrx4ԕ֗w嶻=KnzӖYEUfip7<ēԓI%qx7\nQu\0:uLWUvi\'\0_xŚExɧvR{[(F0W\0qӷiӯ6IG:DiJ\rѿ.=<~$d,PDEcvr0xK4qF@xg⼫TtoP\0Ӈ3mݼ)| qX}cL368&еvl[\">Ȍs~5\'NU(w_ZRۮ-\neW]5=?}OmiZUYIo͵ ?o)\0?|\'GdkMRE\ZHJjxڥA5̒[ϷT^#\0</\0_\rxTw/w]šh2G\"L1]9%|2	ֲW=?kR<_jӦ\0O-??hڃt7<p&KG#3KncMUwS}ս\0Ĩ׀[-dyV|tYaf,\Z	e? #\0c!o?d#@k*jSZsM\"́^@Tk뗺n;.==ͱ*KvwqZ(+wgkϏ_.ԣM;Uͧ%6-yn\nw#ܙ=|9i\rXi:zv:l	mlFHU-\0dN9$E%ή\"R@\'[{%9kS1|}J{+춿{id};W7K~LۻWA\0ZQ~E|	:Hk9E<îz{q.7@A\0=+~\ri\Zn/</go,PDRPae%/5iʕWGzq7Ϻ\'}:״}Vs\0\n߆<cGWA_ԹWGG;LMDl(9B(((((֟mݷi?WºqM4̰\\HkNCG_:Դۋv4gZWĚg-ly~DWL3\n\0xo}ZZޜol+{MбU\\,.oҷuU$\Z>wKHpжF*[M]yʣ!\0֢ʳ(Y7ǡ\0^,0\0b==|ۜQeWo멋78mæ1FZ⭬=\\3VzS ~οIPZxd?O딣;\'ݻ\0)ZYch~֟E^)Եº?Fwq.닇G>\\*ہNѴI\ny@IVmeỮ;~ⵦB6}{v9jԖ_ßxK{xk]WJ9^qPdǀr[ҪXu?&S;(Tj2.N\0/_э|ݿEGXtqVr#m%WG!4??Ɠ:OA\0j~W_i\"+i2`x94鯍1Z?zOA5n]ݛ=w-Ip.ƣTgOUSEkUHm;(n dp<Rd/ϟ\\?⬻m_zSE_)KnRUI\\͙:}R&ng57}Go\rjz6CI7\0aJ<.*	YTQ^\0d^i}PMjv-q/ݍB+GQ/I}Mj%>+s0(\0(\0(\0(\0(\0~*Cho--b.$6ִ=AR01FkZ<_d\"+ͲP?~(auRgiiK84^[\0<.]au]dm^Mj?Z.K/uM	_>[{\ZYg,l	=+MFMhqQ*j;9&⤚ej&_k4<@H$c޵(x\\;=tF˥FROը8o\\m$c\\J%bwgZ%o,p{\rffTm4)ۭmuG>oUZ|WOͤ2_Ys0H*yJ29SIZ:m+6<œpynqZ:n,XwC̏KT.詃-gקST\Z)7\neLfq&yVK{$6މڪ?BԽKliEul|[?O+ϳ8V${r	d<{{t|e;*_٫:\rvDM:\n8nЦs.N{Z0U+(^}\0KEWA@QE\0QE\0QE\0QE\0QE\0QE\0Tw6p Ye :\05%՘i=ӾM#60Ʊ}l\n0!*MzM֎jگA7]e9:j.Y?U+)ZKn~øeoxOh\"\nyڬVfnFiF\ZL1ݎwJrk;u9X7\0\nkU\n8ySܮg-:\nxkǺm柫ح]i|ֳP^p0	[FoV̧[mrNiGNK\" 	rB`c(\'mhBW[YVJ9#0iUJ|IxwǌG/$iO\"J|X$b~7\"!lMtTjJ\rzdi$AE_Z}̟	¶V%9w$5--5\0\"E:^Ƴ<JjJ~ѻ#QiA8q\0hzգ֪!<\0Z59_Y>$tEFjnYc\\*v\0>ֺk8qmynׯ:YoapwS.!MW9==I}Θwt\r¼#bjS\0-m޻^W3U	KMQ_p|QE\0QE\0QE\0QE\0QE\0QE\0QE\r\0_i|w@n߃\0\nFor[!{ILr/?j\0wmOQkZ\"u7?*U,_zx4quyuq\0%z6}xJѩvHWwnV~}CQǸӟ\0]~\ZЪA)jjV5ս{qƣY\0~&m.ZE\'[;fwŝcWˣ1?iV	d{\0e.|črN{^?٠v+Cʋ:eONKY#kn<;cZH&z㺾O~F\0=\n0]ߪ_|tfjrxR#_[yTq،d+ckK}-5&\0alGwa]\05-}6TN8\0ǫz<<~4?^d\0C>]D<qxU\n\'Ԣz;j]]eYNA1:\Zn<E2~\\{~\ZW%ֺe|^[(30Q^}Ogoq\0_ԕ4\0v^fm)QXZ\0	%v<s-\\}\'$YO?(ߋeOP}fx5)x^\rQ~x;>vN	XZsM\'ѽ~{/TxA,/VK]e/3J(B(((((((|sᏃ/VtGkF-lQIU5?P)G&Wwum\r\Z1[ÐN2b#M˹\0m\0X\0xK]ZO12i>-n?,raMTb&X\0ԼIw|;ZM7N/<}umw\r:R:O*!	I\r\06SǫmkQ/e%\"-y?3yc_\0H?i(\\@.4]XkZmodt\0칉c\0Z%||LWZ~*OG2ᡛ|+)cMԖ1dQ\'j=a,¼bi[lUl)7u#X.WvZ~||v=זȔYWr\0A5Fb/*`kJj\ry	4S	V)SQY7dtQME1ګ&JYe!vZPS˄6AQOc\'Ucԣy;DB)uc!f;&9?/ٛZ\'\r桠DI}ɪicŦRngv@~v\r{sKG;__=\'x/ZIMJ]h2F=Y~F쒖K[|O\'3Eb!uya\0\0Uo/6u9$zj|1)e\r~珿`Oڻ[Z~ 1צh.mxeFS]7]n\0^\0~(~ˤA	e,;e@~f)xߑá%j9O袊\0(\0(\0(\0(\0(\0+,K{j>/jo\nE>߳d-L6%?*\07\\9\0\n~*uMs+qAr\0<6̭5\"ks\Zƥk/yj7\rqsy3%\0\0k\0+7R;w^\"v!IK{x+QԒrŘ}X0,Axs@j/ǿ_.!h\ZMj82^LeJp%Lq\0Ro~>$6ּmrl??~W-(UlI:r9{U;oR}vv{G\"V+n9:H~G¿ jVo6Fq[}>%~P?}/_vwGsСFg{&7qoi\ZmWK+CY!eG\r	/Koݗ47mRKjiQYk\0<\0oK1P\06̅z7q\ZbGRk*yZ;b^r{}by x!F*ES7ñs:U=JBmJ#WP,Dڲ6-m#j/5KR-яƤ\ZO<~|?Y_!s_p/50#ѳZoӢ\'*}%/.ܳ\':{IO΍71Wk?z<(++>\0T-Z}FVB8\'\0ǐ}EyW~&x}\Z3,6p:`Qr\0\no|kMk\0Q\'\'Gj,sVKmO\0\0m%|=4X}DP<[u ѕ*l	o\0K\0#fP?.Ğr,EmrX2Iᑝ?oQ߀zzj\Z|Ea1T4K@.EqFe!&QE\0QE\0QE\0Wџ_DtI[s׈\'̔xEcN85~\0q?\\|H{\\_~Rׇ=v9UV6WΣrwMqu;$՝fM\0G\0;ͧ)׋>0jKM+#e׋|Un˿WC\\7T4\0\nRग&`H#hUA5jnQGZ\0Klp@~{qFdu>W4{l\0Vg*\0M>tޕ5\0{4\0xuwk02~:#ȯ=\'_\0/O\r\Z`pc__0\":ы<ڟBWq@cw)>-\'7{i6\06d[K:O]U2ְ?<-ZG3WM3n5_T?5wiSqf+*<^^5laºYWF2\\$eF|W	V]i-e^+W9\rʾWz?鮩&oAWMs%Vgj!W>?uV\0>η֓of&W +x?UAo\'WZeόY?^o*7>}mallf\n0=VƟ,\r\0\Zٷ=\nZvǚYߧemgIejeE#OM~ZTQ_FzZaL?3p+ֵV5Tw?ή3z̯\ZE\0RVfc\'i9?I~L\"\0ړKB/GjIk$P=\0v\0\nԗ4ܼR\nH-gs[i!{/wa|H>)o2Լ(˸\"ʞ9V`賵UcUAY~~\0y7d<vm \02l#u$\\F?Gf_8@\ZƛZ~ }$QRN:$zg-Y˺_mp~-M<4G˥\0t\rSC4kKKy5_Ï_?f\roK᷏[۽F}WO26Ag:5/PĚ:r#g?<a;QE~(\0zo5O.l̛^@Z.\0H-E?7#$};t\0dڄA~8x.5ק}\na-Rbz\01!QoS=s&?¼\nE\0QE\0>#_(_̶v{zo-WϒN#SϿ\0?gڅHdoʀ,Y&q4_ǹm6@ic\0!ܾi\\/r]×jW+\"O	7Ε?2F~ؒ\0~>r))\"dEdq?Z/;UgUES\0+y7=s}iw`>&xZuu\"L]>a?i/)_]k\0\Z<76-h3˪K\"?fB>\0?ƯJo.]uRR)X۳bdǣ <0X]r&eX,f*़ti-U_	\07mx\'緲MR(hrJݴ3$}\r͒*,g?i?</p:HnhHr#d+/FV MY߱W~_#.OK~汜e&^2{ϥi(쒲OMzEB)H#3$(xPE?ý|]\0x)jywϣ>C=,A_4W_> o}\r>.##(kS9E>\\xVrq$\"gq0/gE˩4=D깧oSp}kXBBu׃?hU[ȳ\0CPZ[97E#FǭGE\0mYH5~SZ6\'YyErP\\E8[3UglI#¹ԑm̭*忈-\00q\0@h\0(I۫H^hWP\0?#%\03eiwE^{1֫iMˁSo\0{GS?f:ȇJ/uw\\H̕{ǎ=xH\03Gqj<\'ҿbIA5|yizm\0,Bs׵M*oRGZ6d\0-qV𜌺.~VC]%tN6f1w@N+l?g^:]Ju{;6\'mԖLq8`֜ǥNW>>mCG-u-2hQ<0\ZqѴLj<Q⛯j]_xP{֐nf8cJҭeFKy\0W#?ךf쀹ؼ?u:vZDcB03p+`u}Y4{;Xu\"f:?W\Zi?!|It;!Ʃ(z?,hdUъ:_Hc\0\'fQ޶$#x<MtadV6oʴSZxcT]=\0Z蒴ZN78\Zܩ3΋\n0|JL%?4=u3#`8#x.u7݉\\>ނSՓR]\0\rsƮns)?~vv\0\0?া2<?kC\0^qk\n+xw=Bwu۫M+}\Z&T{8͜_]P(x~SQV?uO>jJl1Ҁ3+)ڒs\0?£(('),(15,'M.A.O.','\0JFIF\0\0`\0`\0\0\0C\0		\n\n\r\n\n	\r\0C\0	\"\0\0\0\0\0\0\0\0\0\0\0\0	\n\0\0\0\0}\0!1AQa\"q2#BR$3br	\n\Z%&\'()*456789:CDEFGHIJSTUVWXYZcdefghijstuvwxyz\0\0\0\0\0\0\0\0	\n\0\0\0w\0!1AQaq\"2B	#3Rbr\n$4%\Z&\'()*56789:CDEFGHIJSTUVWXYZcdefghijstuvwxyz\0\0\0?\0((((+iG\0K\Zݻ^(\"I%/\\gH20Y2xEk᛭k\Z6K{c@<ԓ|:U|LSygg6+\0_ۣ\n\r_kwIl~f6KxA9*GͺYdh\Z:2r#S\05/A;٭n庞4dE\n۽yWĿ-ͬ~,KMz|m#!V|w<ھ0f}\Z$O6@|\ZʸXsn\0m?=1/`;g5Ӡ@~0,k;qHExI_35k\n@Dџx۩=eF=OAvo\r~\0w3R:ŔGDSkqdzz	Ş k7z7{B܌`? ^\rZQm&O,{\0|5vWkᾹ7}TzoHөaI<$6MjW篘Qֿ4y{GV\Zd2GNqinw=^Oi><4=SMִہnR	G.\riWo{ix37z]y\"P#9+k_׿+|\ZHL]钑$L8;\\|݇F3\ZON<WQT{QTPeӔH)PEPP\0ǌͿMP\0ǌͿ\0MEPEPEPLI\"%.jI\'m{W\n|x|Ka	\Zfr2\0:76IP֬&}U|\0g?7^\ZWycxE>ic}T~QAĺ_]k:HĂ9\0{t?/y3؞GBm*{ּGyTRI{<9F,GEV\Zhb.GqЎ#yEE]JKVGUW#02XbobveQ]]/ZK6eXi\0}1޾[;*	fRO1G31`8nlwۊ9ծ!jVXŤ>풻VLX/A$,e_sr|O*A8|Miz}EQfh!Yנ?.Ux/˰p8W&8<rh?SHk#\r8#  \rw:=BK[A\"Y=E?[_Z<ڴF(Dnecٶ.{_Fw32}+&?JhGOi!Ք=?\nwmo=.!$\Zp	g0Xwf\\}ͬK}G-^J;*:6\0m	fbE6x-Imr,tVn#yn~mQyP3Iz]ƉKkuqm7Qt#<knd1kScN8\\+G½k?/S~߽b~}塙nA\\ë_帶\0SfCtD3g4xŲ5gGk6ȣ\'\"^_K۽d_Zjy,{+y:eeH!E.x4{Ku8o]4Rt$AÃҽ|5nxZfQ]&aEPEPP\0ǌͿMP6T5Q@Q@Q@:\0U97o؃Q4;&&b G9_^<_j׶qiA+\r<[/\r.e\0\ZhUL!)_\'\\\nѾٛmn/JGT5݌wz:eq^62\\hwa]W\nn%Aq\r۬Eoܹ++l#sEz0<oĽ؁N8_aO\rh-%U7K+&gls\'M|U|Mu{X+9x|I=+u.ՈƝ&~ICԮ絁 OFIe>Ԛ2]7:ZL%\'& c\'1?0 ڞ6uKϛ3_s;#Kb\rz7Liqxwa&^kQe9^QFs**Jf߲W)x~ʹ-ݵ \"m.G}٩K8;c;f\'k_֊Oın-=[9t`IPk~dU1ԡ{-?Dlou~*0AFIׄ/x0}Sf)k\0!C-±\03\\d+I:+STݪEۿcּ7{CKv0w9ฆ5ea슛+g|AS^im\"ǫX6WrM \0%z^-3Vǈ<;i6zL[QQ2aDqB{\ZsRz\n*D\0nyʒW!T\03콥\'^Ӽ%[_X]kg$LZU(^?9nb%e*>0iVD֋ciFE@U!01vN[]W5˭qdvhғ\"ָ =[R\'6WmD;`\nHqL35f4I/\'B^m{y,ogC\n-6ϑF~_CtX<i4NNƹc%1qF$`*+J6\0)(o=ߋ\Z|zt:.35f-o}24`FPAr~\0TJ[Ol-$G,J\nϛi)<8f\Z{tZguJ_<q?\ntm|-=C]&F/0H+6Qwª\\/\rxsqnWWϾ~ZFϗTy~|C|//\ncKځ<M:\"DWO5o\0>R^<CiӍtd8bOyF~4Ç״]:|ssi_<4ڄplƍ$6<+G6InO	;l}@\0w8Լ?G$z\nDo^k#ޜ:;jM,ek(_uS.jO>yW3ld	i33!_ÿxPfY=v	b$\0vuxWqr?L5\0\\ռCxNm7JRrL$]췕@CuMwdD*j6g5Q^QE\0QE\0\0 \0*?so@QE\0QE\0QE\0xa{BSu$ҮO\00Wh<I(,-$>\01z\'+W=\0|NH\\{(4J$;I}ڼ>o֮,R1+5.(Q^_\r2xы˹U +pzH3\\ut?K\0n<d;?]wBCkm\'3?W\0]BzMZ|_zrnm32r07u+S)Nj*(b#\ZPwrvW=%\0wv_*W}ah&ۍot6xcXBZ죶Hm8a,i\Z(UE\0\0\0;\nݯ18غW%~*TUaYo}YRt]Bm+dI:+&6qOr99$9$2ɞ=\n忼I\\3DΌmn>aJElcɾ\rռUgk6\r1&ݧżŵR<yf#5x;>ԴѬ\\j=L@]q<(Xr?ah̢C>\r6#PGJ\0΀#\"fʕYzl?\0k*KQz\0~ʫ{B|?NVsrsckW;=Iow%||\Zi\0a%=ro\0~-7ּ7jHϖǔq9|^̱մb!RRH9\r#?+ȳJGCu\"V\Z>_λ׭n#].6 \rnsvrz bE$+ʱCx[IO/՝|ᴿN5(nt\rIe.!̆!60zUx3S,5T3.ull|U\\^H\"u	ھ(|1Mh\n(\n(\nQ\0|\0ͿMP?	\0(\0(\0z\Z\0%VAI޾{U]<cG?\'I[}{_o	7%ú+ʤJmg[!Eҕ6ܪp\'p|:ճod{\0Hd2\\F֐Ȁ\r{ry_xų4z=Fϔc*P_ZɗQoh^vuUڬ6&x$ 珡\01w$Ԉmr~Qىd\0|JkWegr\0}5.Z_Jj[Vkڿkg5N*R9IbfblR=.=aZ\\Gn1G22=Auv9}\015$:ts呙~\nkm$8ϣ0;V-=ᣙ}ٗ\Z2{UVXaQ̾b>n3\nI_S.k+A~k#kΩԾ\"~yG3ׯ/&hud2FF*fe|^hVMj:gG|?<p{x{M~eS\n=\0#/\Z֧}fmͭPGrcvӜy׾.Z\0Iا>nW?uA[tN*ap~~~?*/}g8V5ElE27 Fs+Lח7&gIZթmfĻvFp:V}\n(EPP_\0mMP_\0m\0MEPEPEP\0kF\n#MY}!ٵ#)?d\05+-c˅bU|ۂ\0{oa`k8Cା|?]?JXi\'p2^ZF>A\\rw<WZ+vBM+>]ZÚ%wV5m~Pq8듌\'oiVՠ6Z{DmF~G#P`\',R\\EUi	s`m5U[~X萹Hs)93O#\0QZ1캷u}Q{nV=촳>+\"O.3ׯ5 cFMm;{?IEj14,kd?6zh67-ٿu\rPDBix~;b|S+1*>^$n9Y;&Jt;B1x銖 D0C\\1\0G`0ׯu\n~eesj(ˆKN\08i9YԚ*1ЫTG5r̪2z\"|pii3TPKJ\\rTt\'?@\0PCῊalq8lFd>LW,	 ?8sۑ\0&ppoG\0=-Vkɧu;}GyGw|?4v喞ڶY2ђdq!(fԮc>[j\0@|?|A\0gr\"vW7&_V\09\n=G^+\\%6? MJ\\ZO.&xcTiL@f=N\0<Ҧ\n(\n(\nR\0usojjR\0usohj(\n(\nP`l8-]#SWοP3m#dfTCדk1Tkeݑetظab%v|\0\0NOuMq\0HL }K	 WKB|~pO.dSEuX<2IJ\0\r\0	u]|=N&:u`[W+U\r\0 kZI-fHu7C)xadd~\\\ZL:5U%5u_;gd?r]Bky_^$7hoVI!9#a;\'(BmS\0c\'\'\"(w3m\0eINυ?T\\r5ąd;UYKGd?>h%Q~\ruK;^ֱhյH09\0p8#s_ <wyMOTyΎ4#\\1rO5×eu*yi3<ڕy?N}cEi?uGֿ5|+WD^+Kme@1Ub^\nO<[ckؒ6.w;F#o^XٞlszsW_6ߋK^xT#)HySר}+zmSՏA\\s~-B6é5wI@.$;$d{dS>+|9Mj7664O D\'$\0&E\'eR/I\ZʅXeOjLmK-|\nKga>-M;Nym1aJ+^~&+EŴW]V1DuP\r#Ԩ$)Svo\nܭ?j\'sZ]AO:^Id͜5\'Ov_?a\\f[Sv}31\n\' p8!O^V]Sj{z<c߄yy\nT4r7cITVV29W)f\'DEu)V锉\0+tfU\\4龩\0?/4/\ni:\0ŭzPlSCdprE}S\0gk4-|=yZ/v@q[Cn+|X:\rz)DUBIN3l1VyTN%Yb\0Ch5V?5X(YmS(>z/3BEΟu\r98>u%˽vMvM͖vLf\0<%;\rӳ^ϲeدud{>\0pQE(QE\0T\Zn?#S\Zn?#@E\0QE\0WTwiz\0־फ़YKg\Z\Z|\0e\n8YtGpuEޓ[3|	ᫍWᆋi2-g] p{k_m~<|.Z}ݟ<\"{c\0IOpCt\0,+۴/MOX]8ʃ$3^g\\_5??Vg2BUs[o¿.֕\Z\0asVϳZ&v?i]7iRJH#\\\0q_]CŧjZmDd*zF\nݘk>C.SYb-|>+,!S2a;vP_Ox<Kn4FHw<,?ZӖ`{\0it~o7nuKIԼI(oI<ݸDJr	#\03_KTwzi3[\r]m;#\'p,cEXƯϿ	ѴRo&NҠF;Ra|<$)05//4kzt\rJG<Q|GŗF-,nԅ.ZD\Z|deoӧM9=JI-^|K?E=fR|Ş}fŕ7Aw\0xڄkx5\"گu	uYI`=+Sm\ZF$xKCtjJ4n)[eRud02<w䆯ۿ ߈Lm\\񶷪_\\u)<)_-h^x6_y6d!\r(StgtGXMܫ4xM67XXn ;;fdfYI\"еvא,k=\rxRxw^&GgpHgt,		Q\'qq?y\0LB]۶_O_N\0/z8XP,?_Sl\Z0D ׁѿ\nuvVkGgajb	3ٖCԑ\0:d}5њԯאm[x{ݼZGp-*rc#;0*$*T**=oMxJ汸hoo;VRCA#[Aǲ4l)r-OxE%>!l2DF	~=!t?m6:|>acܷQq.ǖD$\06_	AN~2/پy*N)]dxeUQEvvkGl_]xw&i+6>0g\\{OM;÷Wd,b>Xs_׍~ٟ4H|I{*+[)ax\n\0H9I\\ostWɧ^6Vf9&o.=L@.n,v2[ͰmHhvH~-uO\\xSմkQj0]RRcq\" N9:7.\Zs~5W={,vMAIiu\0?-//q>+|+]Tlw,FOAh\\~~<om@^1ǥuW5nCO\0imEIV`{U,V\\+i<̌cy.SZs\'ԗ:Tz>4#ni\\vjn\ZKf[v(m\rͅ$HkKBnet5r/a8\0Z㻑_i_w{6ȡ>z#ק$\"v +_}k6ЂѕyQ^Ts%%G\n%O.I\0odboj˒}~W?L/	u[V*|x|lw\0_oW|\ZI_\\QK47Q_T|HQE\0T\Zn?#S\Z.?#@E\0QE\0W#Fg4k\"^[]񮺣K9f9XbgIގ-wF+/\Zm֡Hw6yy=їrSg	kWVյt\\͖^F~^##5,i\r֧Xj6C<cd\">\'5>?j#|9|O*!-ny#?5uUZٶtyE%-}GwZ$ɦYêM}jCv:gH\\Oe7rۡlEoi]G&ʒw.s&g˞\\xݖfP?nRW+,G/}@[Ce]F\"~dcRzeck5:\rH\0$ޚ#mJgOdwtTmon#`q[KRJ͏0|e64v\n\0GN\0	i1ƻT叽^4~S&15SWKwϻ#!T=X\nJS=da#Ã8\0ĩ\0ɪ5dف[}fi#\0GnCQ:W9&ძ} F\\קzWT3i\rH!Y#\"͹Xź9V[bF$p\"+{wZ1a#$*X}5kUvTv3=97JW,j-\'w:ח8գiDg;N\0Ϸ5ZۥT\'U#KR9dVa#59+F}\n.zt\0|ٷxPIĚw|F);.	P\\/5|)yB>_oS참н|hAǩ|[>CkO&1+\\``vBy5_*s+N	2o{]Ϣ?aoK\n4$`>(nr?\"\Z!>6dh|??\n+<pTzşXլEQ^Q@Ws\0\\\ZU_\0&F,QE\0QE\0QEOu<AcyQMדn*2V +>%~o15F?Cҿ?:`𢡊[^Gv]-\0x6ux:&H_N\\~s^7?3|=HΚבi21U]$bZ#\nkȱn8,Z{+]g$ypa	R3Ȩ&A@GJ*\\C\0ci2MVFduFGKhv\ZmUu,rI3Kܒ{7mmI	qvj#AStʉ=5ԛGNҋ7\"՗ΗOpEy	LdzUءGA+2c~?Dw0FҖޥnqK\\\niLd\n2cx$9=#o:,(w\Z}\"X5rjEv;?*;Ltԉ2HecLMMW/\r-gBƅ\'zqrH%6	\ZUMv?\ZMQ-\\=̄ps}3qe[o~hD\0:_GןaֽFѭ|=ggv\" >}CjWŮX-l.9ҥCҮj(M?5\n(\n(\n\0.75b\0M\0X(\0(\0(\0(S90ҾN> 5WM΃6yNؚu;s\0~u/O%O\'%⪼VY?kB+0G[}N,^B=G#鯮YXԱ\'+㣽zs^3&յI<^F>A#kggMuGZ]0Y\\dX`U 8V{O&JgE\0FI!uxZBii9x>fYˆx,m\0+w-\"HZ\rѯq%e\ZA?);O+s3Goe\0\Z\0Nk\0$tОhcV\'DIi1ƽY\0~9=w-s74{x/K)n1e,|c5xG>\"Kig(*m+>tƭu{G\n#`pŖ$73!Abi9kI	Ld~T$\0ZkXmrwH匣?CĨYimI]]JI\0)\n%bʞT8d=?sWDƾ~Ԇ/Uj\0\0H8\0l_Gt+\0,[|\0\ZTk,I/QEQE\0QE\0QE\0U}[AW_\0_V\0UrhQ@Q@Q@Q@\r56V]1F-&wY\\<9?cC]?q(r?U\0|8H#\r|r[Mi\\7gGAPf\0>!\0&֠FL}yhqFvʇ8??__SiVsW|rq>{{\r}#yf>2+5,W\'y+8]\0N)\ZKEȊL\0|~B/*BmfhB1#g~*ifl6-܁AJIҥVn\"e)\"\\[RsNȮU{?_GNx&%|+(Ïƭ\"[IJdzr=k+J\0|\'~kNGNryc2|+eoۼk\'e\\tIهz%ǝt\ZYlKQ&3oO9`-9~?\\/j6WLk#OʒI=q{JV\\t6H[{Kxm`a~qSW-J.Ք#dQwc5D\'$k>:)۟ZeËXdqqKg?{?[ԎoU?X0%y5$[MV..	aNUMLWUZLd|tq+ࢊ(\0(\0(\0\0#V*\0 \0(\n(\n(\n(\n񧄭|s᛽.~06ppkRRVkɗNTNGnqndB0k\0QȼXY;,x]<uݔlH?k=%~a\0r\'#^G_cB\"\Z{FM/Dp5WNM#\"𮲺J==VeusY+;QLAEPE!f?(\'i0}\Z[78,1Q+M}wXZc\0:R4[ߢ>Bה*KvJd5uAeq\0bYetf~?1k3~\n((\0(\0(\0n\0#V*\0 \0(\n(\n(\n(?ट\n??\n(-AJm\0T֤QAF@#7\r22Zkvvq4#gf8\nI<\0+矇QҚǈ,~u\'Bxѥsrȧ-$`ĤĐ??h*7/q?6Wg-]bOi3L5HGp Tm@r\0=\'=\'~|;Ovhbfc1bI$0Tӫ=ӹ;Eu9jxTW2Gqu#Tӵ\'0U溵Iݻ(*pPX]5+\0 FMGHd?yO#\"`56eeY#o2Z\ZҦ2*KM*\ZS~_T2?\'Zs&f%\0D0>a>dU;Ww*WiPG9&WOOZS1ՖmUkhk+!^71\'\0W/E|AU|\\1;ivE6~kwfO-۱BN@sҷ\0c*&w⎥dO:~s#b4n\0Kib<1sKFݰ[1_${A?_̟xgƭHQxὺ+3i\'_fn+&\0U&\'cwt*MC^\rB־.Ei:/7v>|\\ZOi~&ι\0Դk{<pø S EzҋGϝQREPEPUFU}cA7_\0QE\0QE\0T7\ZUWSCmkmK4ҸHEff<\0\0$\0t\n5o6W׏L=tb-5o_O-K^[drZ7i\Zf=)J2R@F<s[|\\<uĚ|Q6g;c88XQ\n5-JYn//.&y$Ėfc1$O$l\Z<gC%bhr@T	~G\0L~X#Cpϭ|A\0A\0~m|k=߉/^C8>gRq@ȻjTi?<$4:e%Xƛ]ůI5JYfQٿSCҿ._OW-KSm?2ʞ;\r\ZϪ\0/\"VN$*:`*(U^\n75)9qN2b\nڒOI\0=$\05g4(B7][Ri.=\n}Ӭqo{gs=.6V1?ZB(UU\0vsqֶƥԓ]%^Y$RI1=!ȫfBO_u<|6ugE\0sc _aU/f෈<#@h#KL3DѶ3=\06xorxwhTF:Q\nJЊI/%jӫ9U)6߫?u|I-Yvj.t4O	\0s\0xCRd<)})`S`hxlp)?_4kKos-)\'ܚMЦ?ԏ,{3E9?\0?\0$4Z=zU5-V	\rvJV\02UI/c:_>x>%[1[Rt$nhRXdpTp+d\08\0|\0/Ҭ#ox40EyJW/-pG0lEQPEPU]\0MY\0&,PiVRM\r\n^Yep\ZI$\05S\0\0ʟj\\O|][4O6#tadi~ɿo|C︽|eݎ5i%cƀ\0&j_<?^)[?+vY\"|UtoYOG[XvGFec_/\0kόfvR}n+hbBF`$֊՟Y8KQ˫\0\'CRMOY6j%\0Χ>2JAs#*6EUf8&qV[l+Z_SR}OzMFotʿwt3]siu?⯠#	gGѾ\"	0ZE[\'^\\?}\r|#Bya4>+U6#UAqһJ:*\ZDZ͛C*G1ռ|-<eQy}=zWԴȵH<WT׋dlΏ-V[\0u2޾t{3/ri#]F7=&=FĞ\n{	K/˸kӮ-d]tlqw8ܵެo[|?\'Sa1{7iuȩ=_hEX^?*WO+ΙػȈyS?wjW=^.\"5Ӷ>\'1W-#4#5U{hEJbDg)O0ygoS?ZBOe-%}yI?X~]xQ\Z7ESʯ`Ƿs^xi8-!XmFj x{b3ӇH=|\\cGz8?~}__y?JмcOvG6\Zr8\0Vt\n!>_B9r9=*~t~?63l^2*K_݂_72\0GjW9{??OUh{cT/5fi4m1FIğfP> NAHG5@\0@~	bՓG@j3煲t^Ugz~l;UgFo<9Z\Z}͆a2\\[\\Mo*0dtu +\0A@\"5/nQV_E9\r\'o1Ck|Zi>s,zdqH 4}kusC$sC2D`FApAW[|˹OP{??4=7G_\r%V\Z-Դc\"4$Р9t,~\rץ4|.ּ);fu+2I_.Xz#ӵ~TOKx|VR]TcgpsFA犇\0jVu\0\\_\0A5 Ԛx&q\"]2@s{m<8+[K{~V++X\0º@IwnbTn9<(\0qjj\0\Zt6UF?\0׉?%\0=J[\\Hʴj\rs5v=c\0p*}IKPv\"\nw+*+ʾ\0ȕ\0VF霱\n(4+q$ug]Nf|X_󮢊z4%tOf8E٣?_~q}Ն}s~/ٮcG+\"{gE}\\}G+/}\0_\0W[X:4^?׎^bjXLJ-}u:75\Zhc>ܟj|\ru&R*{ ӟV<\0 \r?m\0?E{9x<1RFM#u}=_k&}Ę\\ڲۻ624C\ZG\"āUB\0Is傊(h\n$WxĶe_Gkcg4jA)ff=Q}\0s\0\\|\0ɇl\0]\0tCDK-~ ]|Yo_n7&n[z5OD?Zz\'{-Ρux7Fp+1k[W\'\0gkwܭ\0:m ijλetҡn_=Y5\0ǻ}j}G-\0h?jO-|#c\ZnF4}yƱb4K\nsɯ_\\6oanK@ǃP2jڿk2'),(16,'M.A.S.A.','\0JFIF\0\0`\0`\0\0\0C\0		\n\n\r\n\n	\r\0C\0\0\"\0\0\0\0\0\0\0\0\0\0\0\0	\n\0\0\0\0}\0!1AQa\"q2#BR$3br	\n\Z%&\'()*456789:CDEFGHIJSTUVWXYZcdefghijstuvwxyz\0\0\0\0\0\0\0\0	\n\0\0\0w\0!1AQaq\"2B	#3Rbr\n$4%\Z&\'()*56789:CDEFGHIJSTUVWXYZcdefghijstuvwxyz\0\0\0?\0xtk5UUU(((*|K7yo|M=8QFK1=\07,|)zݽaOss<8FY\0\03_X{wowc-ð@%+\0Hu?گ_>Myc(ܗZNDw)A͖Ok1t\0>+4^Eb\'y$+>(ZMFE@`qUi\r6fo<,\\*\0c{{ 20\\	p?\ZOogKUߗ&O\0Aw,dX-M8+<Y=c#5[O|jO\0pNhz?P}~Kkا795gSX^F-淺F^1^gk͵\\_Iy|ʳLAwl&=2qZ7˝CNwG%3~Ԏ}0qA(mn|:z3瑎?me3Hֵ-\n?\n]h)Z=2J\\b\naG)׈,.bbXfEo?\\կ\n|\\[a{k{!2z?xqqFԧ	۝^IO⏎||-xV\\qF%;f*8v?/_\Z\\7c,.,]K{0\r<lsA=+*|#]qu\'x\'bpܪu= Yּ1qv;]J$7׎jZqDNPt?Og_ڇ0:B&m0Kڎ3B@F=Xoi}vՄg)07f.y|z}	\0Qȱċm<PC38-`X~t0yj>J>K*Iԣ4b6>i?-n:Z\\NovbZ>Ĵd	>nXi\"ҴR^XQE\0QE\0QE\0QH3$\ZUvVq4;5ff<\0I_S)fFMy\\겖VԤR\0ApYsয়Qˏ+W^	}هzdfW\0\nsw0yJ_s벜|]o_0+>\0ɭEH\\Ngf\'ћ\\T>׌u?\"ct7݉}O^_F9\ZKθ73s@~ӿ[*#@GgkY;@-8&eՆSe;?Z_xB4[[QEc΀ 4?k6·UsY~טxVluW(b]ǒ=W[HI.$t2br91cgsZ5M^(锝q)u=O\'=9?-krЙՇ޹|˿:$[vD۞+<&yYT\041Ak?fcOƾvځWEQ\0Kɠ3o\\LF1\08^1#&iuڧ z8u!/ŵ[GVU	+&oqgc,r7o]^wZ+\Zi6QaF?J󪵥^eqc2F0H\0WF|3CL\\X,I\"H{ΤPk~7853RcjLb2}A o{_	xUb2&G<c8L6Mũ[Iڀ\n(xs9׭Td5)qpg?/\07??0	Idp	сR=Euu\0|t7iĐvKjh5M\\嶅G+dm+}_a*Ժ?>%QEuAEPEPEPEP_8\0T,>->y̵&\0~U0yvfZ:,ߴ3Ckp_^M\'KEl!Fdq;WcTzF\':\Z(H\0p(k1Eo*y޸oΓGԣҮ|浆E\0VƧԨBq_R<Cy64XX1د?d%_|L;DhHhaß)Dݏ?e/\0-7Պr 81<8`<W/\\m[[yV{ˈ֥6vClprqxGEKR4G}\nƃ1* \n_Ox~$ܮWBdͳt㡹pw	0+U͟nw^<<}K4<?,|\0Ґ&3pltv\'jLR~ЊS\nKTҼ*sA\n#-p`@!D;^,2)Go$\nIk<6-#$!\0wkᯄ\reIޙ~\"W{e9w)o¿F\0k&18i:k!#\\b&.Xմ6}*^ӴP| a\ZZ#}k/G?gOoUU|Ud(K܄gIs8\0+K<m;ˮw!~[BrϮB\ZF3W뺋G,-?<\"mJY!3Q<88OB\'a|<7|LѬgc#O91g@@+~+ A:aukoDnmT&;sS7a.4{x?4#NvQAB߽L]7f~6d_:NM$_lOG6d8g\09˧;>֯10,BfNNG\\}k>.k&w텥zez`W|\"mA魂ܰ7A%@Z,5N)Rvm$F:`]	\\69+agw$BHXبxUǨ$|jpb\\j^+(c4\\b\\neb9F(d?:m[n<=poE9QݖՔ+yyIjGEQ_\\|QE\0QE\0QE\0QE\0ņ0xI]iTn$\'W~n|j\Z\r-zEY(\0:*^eeh9´3Kyqn+˻$cԟj/^&c|r}z\0O|R+p0͇v#8W{+/Z\0aFmnx@7WJv3A9lp_\0 CῆmO[:ğçh$`sTyh[\'π/q{\nZfv,8!ˀ>Z<#v6~i61`~e쬮qOy\0M$\"񞣺MG]3;Igc=z)6p:?j|Sk\0${\0Z}V`#瘅e#>jr*곯t?u !N;^oo{cEwdI?RI$&\0|o𗈯,|\'fxHbfn\\[i,TSpE\03*\nQ՟=4\\WW\rSn8=CryZ0xosmʑB]ɐ<.r@8υ\Z~t6qspo\'\0APVc rP`r~^>C|]Լipȉ@{}1\"sݛsQFs*ُᦥ⫭>k[\\#b8;e֐N*y\0_uo@t\0\ZO؍kǚƞN7c\00Q6h^w3>{O|3K:6ls>&?2VǛ<v˴؈W/߆Sal4>zo|g^MhC@̎UQ^ٮxD6k}iV\ZՏ6]B};6Bol$7o\Z\\qZe˵пW`Tj1_wGG98F\0gсLOMLC$>\rK\"1GM<I	2e\\3oZWBѤԯv~W%Qd%O\r(v7/mn!mmb;\"!cr	~,Kg7fSH!xv<>޿]♼<cXfq(y!lĥQʾ\0.\0[u-btB2ZW#;}:	uq&QH׼g$;4\";-C`wWkv׋rN4ݿ*;Kc	#IeH #(\0(\0(\0(\0\0|x</Ŗ[\rZe,(%O||_[\0\\\0emo\0O|㫷ffp?$W7^Nk_ӡWGM[XK۴ۮdd=;׾Yx~Q|#jjV:c!(o4nW݌wǵy­kMҼCcծ@;k׼+?h\Zi{&2(ZUGnMpcЎ0+j#U@T6TicM2~rk[Q5+^pZ2 4nxq]U~ψW\ZWzd^}I5\0,Yx&KqiG4`RI~\r~QZ*+\"_ٶɦS\r{/5Ϛ~(F\0bTͶdQ@Q@C|]MUuc_\nRغjH\nSḵo[y-\'VUߛ!#Su_jMuŻ(#`¾\0xnEZjmm16T20HL \ng]V~Ek{Ymv6pqֺ:k|GE\0f}3@M$iK6#!|@;*(+#+|AMƟ;;kF\0j,lٷm\0wdA+0rž5TQEvxQE\0QE\0QE~O{Q\\xϋOߗtP[X\'+䌶r~Mߟ^s??úYBgƾ$!>%ㄋo{C{ᮂ!j}NS\0t~Ӻ5[\nʺ>ܣ4G0}xGkO(Mmgf+\'ou\'p+3	?\0~ζ\0Ҷq!`I6y5ڧ\nӭ6c>Zlu*8\"|xaK\0\Zn]M3u\'e\rEb1Vf<En;Sb\nAX{U5	TӦX\0tdۏz<l2\0g((Oein\'j૏Ʋծ~x$3i0#_G6Pi^(lm[;:6qy>5>VVw|3|LfzO-@naԒ60a+%A^NPmyj\Z}7{n| E0ǽ7y(re]^:UlRǷ4OLmcJKymd&x$r ~T	\"8Y~TL֭\\5,qr6WB6#\'\0r@\0oOx<~>ug|&mro#F)m=:]ϫ+>9x\'Z0-Hn5X\"VpA\Z/Cԡ|C6ce#ktmÐD+`7A |\r\0P?ZسH$V=w.\n7ghOiVgx-6;!Sʹ,733Xf\0:/<c-w\'tU$m6ېX]޼z\'Ŀ\n<	7BP#_3[H$A \0YnAPBeYH9tfd8?)_\0M\0eF4qۨu$&\'Jݯ\0\ZݺEIŏ\n\0uĚ.3[LeHGgg{PZaeuWZ܊(!xhxQ\0a\0e;6Mı(#24|$VV!?,7^.կӤF-ʗl?<J,WE<\\@+<(\0(\0(+w||/_j/}R\0yJ`:=C\0\0[\0X]6t;)]b	wg\0\"mZ|E{5W...RO٤d-~Y%\nWreRJ3L5}VIACՕ͵ϑ\r\0h[\0e/oetx#WiE~`~\Z.xSlEX5&6\"8sˎ0#\r~<ox=5\0۹n?:\\Zy&yч\'V>=\0spT4or}jK|cճhޣL5~C\rOFӴ]g^ϮY5خ>{q$q#`TfIcVR3-\rv|Djl9Z壂9F(|4?mďWise=\Z&IOJ$fRIqUCIA\0?k/Z|OC?<eq6O<E]A\ni4@bxɅe(7³=,=\Zu!:k6aVJ*.ܬ?856=X]ԟMuTvil	Ko\'ΑwȪr=zMAye}[\\H#`YXp#_8%\0\05ex^\"<i}?}VMAn\0Xyr~YN\0?HzBz24rJ\0gN2I$ˈҌc-9U?g.Ctvʮ]K۳qTt\"窃un8hǥZĺaPs$I }5yxᏆmkP|;:d{\n=ɮ[ώ^èZq[[C:<p9+,2#f`fdW/l/\r~!vH#Zh:\\ T+sle\'<	PmnK{χZdO=fk*[Z޽r9=GU#-.○<?Cxƞ#Wx#!X!H=\0@\06O~:ڮ4ڭą\"0K#3JbPwnL-k֎2_čG{%wwDZ\0}#`6Vh\0䍀xGp*_EnC_:i߱u\0=k>2|u	<Gys承.FF\\RJ߼$HQ+\"\r\0^}G\'\r=a)V\'g3v9_Wo/>6xKD1ǧ7pFȳ8S+Mԟ\Z\0|>\'q>PVt<{\'+1cը1t\0~\rxύ|;=YծB,K9QFY#j//4?\n	Pׯb].%r\0fs¿[_n%\"ASd\'(8`p/+<,2)%y=͜gKOC7VR\\xss[b0YQE}M:qX-Zuf7vQEhfQE\0QE\0QE\0QE\0|\01뿳V4:l7ڲ[Ome#OL2H\0te$X/%>\0ѵ\rMBsZ1l6=1=5B|,W̌A_z+\ZD:,gvƃjTm@.8 &\"̓8eLi^N~QV%;zSF?$QWkǎum*2	ai+\Z1ՍI&%6=<)S;hnۖ<mڧG)k[fѪ䙱\nJ;\ZVr͆Qg~#+H K`nyaV(\n=@$ҒEBy#\0uȧ<~u(Ă~}c\\ԱzSk)6d^\0ܟZCJk_BַXǸd=+o[2ؚEǞ4~ \"$ ssYF.Ucs׍EO\r9ܼK]\r\03~:~BO\ZkZkC/|dP*1Gc4n+&?_n<#ך>cvڬ^`&м-ho9GC\\#_`iQ_?Sʫ\"MzQ]GQE\0QE\0QE\0QE\0QEO,C5Z\Z\r<2G07%w\'亭^{C(,~Mޙ1GE[}w\rK-t)i흗´k)R+s[J&Yz5|C1QQEC?y[vCMןs,T6Pdϵ6{H\0qnn7\0`~\"]٤a;ӫ6U)nUeIՋnI}V	Q5F\0psJ/2>B*{[҂GخHwWmps%OXg[ܧ?ҟTsKGCq[pzQܚKXdw\0\'d鹻\"뢼푎q|8=?Ě|Jˏ(% rk\'̛n%`wGΗM)LcU\'\0[`ђW_iR*ݮ#єmQ_Q@Q@Q@Q@Q@Q@r-=ƫ[9\Z:g8ZuQ>xXɦ_o(Đ9FI?+Ťg\n>\\cU\"^T??KUt\0sBDk܏ɍ^-c\0t*vMJ*8[D{;qU|SقfԬ!\0dEiv$dfY[5iz	\nňgUW$4Vn\'^K5+8RB4u4jW_yES<Ce}gy2ɏg3MhU?eoܡ`ѓCz`ICuܾM0NkOUlZ@{xU{KT-\n#؎{ʽ6\r\0*_	i_~֎!c-Z5y~WJcQzsc4^r~( (\0(\0(\0(\0(\0(\0(\00h~Bd}\0CW$?{ź]9\rxŌjC: rՍu\0~G+udM:O\\ׂ,<gg}n&1R1с j?\Z6Meȼneiz7_;W*֝7xxS[<JeͣꊄvLQ\rOR3*\ZƞRBk&?1`{v5ri\Zv嶒GС^s*=	^Iv̿#5ّf߸Y#p[8rֺo?~0>,֪Y	1@zr1^akiC{3?VՖ69nҹk\\cҍZh&sҮ/-ȣcG\'vS_	\Z&81<cZv\0tWu?D֠/|Ta~XGR[i\0EWEPEPEPEPEPEPEPEP\\o[N]B,&*Ȯ|V5:StSU|L_/Z|Lx?[{Roy?#>_֣*5*J5iԾV%YFPB*3e	?h&\ZU~EQuqٟ*&TbRQ	\Zg\n:N\0pފӟ%0ԟ_iq[Mзt++Mמ	|IS;\0\n((\0(\0(\0(\0(\0(\0(\0(\03@+S-yhzl.\\Eqv\0cd\\N֛J\'5ކ]!\0U\0:m~kq3=[C`Q}߫՚P]*sOCVT3ls7Sy-N_ې?Ͻe[KTTbҗ\0D\0eQ>ɤ&IC\Z\0)\\9_Q$=|\0J#嗁Sm>5	#\\95ICT{t=NcfM\0Bʼrׅ{3qrXK^_dw :8w_=;Q^Q@Q@Q@Q@Q@Q@Q@Q@s\0|J<9vۋbwⶵF&K(cf&cƞ,NHca\'x=aEo#^&_\Zcn?6UQGڽu_	v~R|yFяJ(<:\0\08(\0H(Gï+Aݿ̟OO¹GW[zO|5C@?ZFAyld}|N\0J7Ķw\0tsd9U>~\'*I{v]>gQMU5tetpYNCS(((((\'\0QXگ=D%nkzd1>/HExSHt*}yLWZmop:Zl<2l\Ze_]ZG٦&~\\?\0iIܶkqJ:ykǟ\Z[oi&InKc*O`=G_o<yL;w$rOr{zʪK\ZݕIq\"-w{xNu竻?PJ<46쬚xA֢E\n\008lgR\n((\0(\0*ǫZ߃[CFTdI\\4r.t=zFBd\n_OU᳜6q,UR)\\bֿ|:q~x^iU\0Yc岓xּGf12mdd8ʾN;+(FTݻS[oC,sF2T-qIkvnTi<MmM:Q.k#]QW.}Zh뺺#;^=?$k(]6-uk!#`Ej{\0QE/zYlM(dfkźwul:³&U%-QREPEP[Kt\"+,/d<Zkwvg#MKpk&*1w?^߯w\nͮu<4c(˧Tm\0upGWȢWzqo_\0D٘$zumˑU^9-?Q.ݫߌT\Z;ꞅmuxo_%k#+ؑ.5߾Q~\'P3q3G,L73*ڦHWhIE-iI6F\"<cs|YT-F?\n¯rQWoivi\n(O4(\0+CEf͍ݯ}UOt?gEA\0#EV[jQ˓̸5ku>bq@C}x+tQӭnմr/E\rJaı?u\0.Xf(((V(AҼ=gI~7ï5;>~֮~KWه+̨s[鞾OU֊(>(\0(\0(\0(\0*pzAǥ[/.ԳC?κp}U}<(z4s1\'E}YaEPEPM[cS\rO674\0}6*=MX~[09\0oࢊ(((h\0Vu~kCGQEaEPEPEPEP^kOftQ^Ss\0G(E*QE\0QE\0\r\0x\0\\QE\0`GBm\0\\QE9n'),(17,'M.C.B.S.','\0JFIF\0\0`\0`\0\0\0C\0		\n\n\r\n\n	\r\0C\0FE\"\0\0\0\0\0\0\0\0\0\0\0\0	\n\0\0\0\0}\0!1AQa\"q2#BR$3br	\n\Z%&\'()*456789:CDEFGHIJSTUVWXYZcdefghijstuvwxyz\0\0\0\0\0\0\0\0	\n\0\0\0w\0!1AQaq\"2B	#3Rbr\n$4%\Z&\'()*56789:CDEFGHIJSTUVWXYZcdefghijstuvwxyz\0\0\0?\0\0f_߆/r:Oެy\n#\0k5;2:\'Oةn.%PgY}\0\0\0\0\0\0lwjkzNUEkH\0\0\0!G*W媚YRn>HE]\nҢ\n(\n(\n(\n(\n(\n*46ipĊ2x\0\0I\'+?C\nևR~C|bw,٢2H\\	bP=GcZ4gQmzwyqi\r\01+Yn<m*2hǘ\0y~oM⏍7foxV,7RI\0AU3j,zu+yq\Zq2䦾~tϮ<S\0W?\"\0T\rZ-=ۀf\\au5z7X=&1^\04FԼxgv8	SO\\\0-t;-Wu_M|a-N˂I3\0y3D䎨g\0Y_Zbm/뎭G~\r\0lazkub[[jK&3٣N>E;Ҿ*ED.[[v2DIL$`Sw/=o.OγQ>zDOsc__#OMk:톹=\"4m\0}]KxZfgqM$z^3]¿4> h+e/-5(7x^8eʰ jpԯj㭀Vtg俱s~_\n״=J̬\Z,\'#8F%_p(N34v<EمQTHQ֊(n3\\Ϋ˕Y\0rw-|koCEX\'zO|W~2I?Ƞ\n?ﻟ¶F\"WtՌt\nZv\rjh)ðS5PEPO;KhE\\DkT6s_SPEPEPEPEPEW5[]NO<8Qՙ\0_{\0J}h4#}ɏK6?ڧ9kWI^nƔnGrʰ쨈31P;_QSmgiLѼʇ5L^4~*]i7\Z}6ي1cշ7a_|GoC&՛c|<+g\\_E\0AফIݯ,m.(2)?(_ߍi.t`E#\0J֯?y,m|E{{q\n\n5OgZ>nӮc>2F̫^#\nB9S,QgE3>i4lb8Lqݺ3ߜvzw;> Q`V,#{f2׈­sF!\"\0^|Ck3c\088[#\\)FKOS3{6{k+Qoj\Z7E@=|)-\'㏄n4_xn?In|Njg2?Ղ˞OߋŜ)YyLbppI{JtώB_4\Z;+i:aHϑ#1İȤX5fm	&>\Zxw7,ulEn`WExR2{O_~)oY\0M3$_;#}\0aoi>ާaԖ6x\r5k<nlt$9ewOٍ\rB76ujNߜhcu[XEYi[K0MqYGHȕ\0yX_wx7o.\07a:ݒh\'A+!r}AmO/2Z-P\ZZXDq	e_lp3H-G/D}57FbAA\rƣ.)O-~ȟ6oi2,uah;p}WZG{mȲ2GSu# E~]~ε1YR~x[%GEccZB\0d)\'ï74/xWٍ:{Ht뫉#;a`QO|FHnWnuw诞l?u]ΰ&t{xgU/<M1L\0Lۭ{Pf>Tj%wE6;XdEr<pidsMҝE\07_J<Q@\rأ:(\0(\0(\0(\0(\0(\0(\05iT[ym^P0\0Ya^yAvPzU~C\0Y<]x43ʊ!Gǎĺ4\rIQ߶Ρ3rxG7m\\\"7\0pc;kԾ~_\0~io>k-&rF{+/únZE&~yc?S3]Ydyq,>Ek1Ru%VM(ǕZ\n;zռ/@;~2>\'4OSHV({\r&U~!UX$[_3ؒEs#MK5J`GڸFt9K\n|mD\\7m2!n?48yZ>\rntw//G^ Q[;|/u^~ɩƞc@I?ഞ4(|9SW\Z|d+ۯ@W`qBԒ)yub\'j\0,X~(9u%fXeI\n|!J;W=h%xvZ\0>\'³}&|\nzk_~ SoP5IU&/1?#\0	-A1Z6ּw%u?!fuĞ#<uૅ\ZIԍף\nK^_b|#oGFͩ1΁G0pé\\?߶&CCFCͣfE,Fr1`q(_ןf\0k}.4\\2юIGsoύ<\rq!_ꢕd$m;#{KT.ɞ9|fG<`.מӼBc44l-b$󟝼W\rݥ3k|g1fxxhvG~\'~ښ/i\Z\\xZPk\nK]WRҤe>U̶$K!A#l\0?fJ:ösHHK\Z&1\\W,Tm4GTfz-Rk}\Z\rՌ\ZH&Aqn;(;OMOKq4MZ=qϙavF#Admuf\n\\]7vo\'g!zӴYe]J*㴑G#ac\\u{;usਿ<)4xW`O#G>}m˦\"O*	\r$8#<i\0Cu;Fkt7\\g;xa~|@;DA\Z<yDq<c8WapV3GZOn{ڣO$M7¾tʢX_Ŏ34^kռ5jZMsyᘭ4\0iTJ(_b\0~\r1g7l\rKއ1NFj(ڃ\07_fQI8[|:6\Z?	+߹|gN|W_\\hу\\OlǾ`l>ZOZ\0Suݮ㐾ט]Aht	%x UtāW*\0.s7X<ѷb5!U8~3]}4j E:LoeK/.RxfͦxKO\0!d׻|3N]BKe\rqh+7	HdnU\'چ+ݎ\0N燈Tw;(C(\0(\0(\0(\0O9;A5U5\0QE\0QE\0Q^kZ~z_CTniN-]>\\CۂGEV<2rÌ[vG)nݾ,\"-ii9Ǜ)r sV JDk2|MΩOw^ P5ZI\\m^H\\\0dzO]RF{&әOU\0*@\0t\Z]\Z5.5K|=}IWXU}D{<2Lf1=ӏ¼ǿǋ~!nWĭBX\0 VPO	Z#|ʪ?\0ƭϥZǾKyA՚2\0\ZiSwgtj>V<Qi/c(dy\r WP5;qi7AIԨb&Yc`\0ҭ5BcE\rs\'X\naZZM).9~/![h$ojy3af$qA{MOQoC\rBRVCG\Z\"dCp~ԟm][_41VȽN>}z/{]~RZӔEm>r~S\0#{hiW^҃\0/Z7WU\0=3~_/!ҵ}B=B$gZ6@lse}qKu_\nIxn?cr186\0O N\'<_?Kuu&+~\0t8!Gig}BIcOK堸!(#;v̮8zefXlS+}ρ?\0BmCG\090ǫ\n~*x;ZaW:og%d㑃8;޾ֿo>nc!\'ûĳdOVEch<}5??7k5V5AP$[yrwX5ϕӫEWkj$\0\0v嘱\'U3W56S[uQt#\Z/pcFv\nX \0I?@?AR}_}aPcћ zc>u1_tvV?CxnEEn!͋t>lc8>osVM=7Dku7lN$ot6ky35:e*è5K~x2Աm6ĲE\0mrr]k4y\\8ԍI\0W8ߧc?i˿\\\0iz]ũ[XNLyY>qӀO_կ?x_\rlnMJ=SZa ǵB$e9fߊ\ZziVKr6)=L$$g~>6즍u\Z:\0@F;)sv<*ֿw`yU϶\rKh-<+dz(8Ut<8\\T%\0-8]ės\\xtg +r[߰{OYc\nJ\\/n<;/6CɶxYX˱0[\\\Z=x*X&7Ưw7lsDCp3^-j2.I=#E5̶9/fcɺ\Z1e5~̿\nL׭w#x^{L}92j5_T%T\0?B\\zMUcbնyDvd.p~1U6ߵ\0+c-=.\\5K6W]\0{\r\0\rW>,Ƃ<6gK>PP>Ws6d<Am/Mf!ո}0XZ󏊶}<?qqkf߼n;H:*vQ	ڒqhj~rcKa}JE-m(HX0GWU_J۩~L\0+W^^in+[B#8\n#0@RkJB⽵%\'_Eg;-Q]EPEPEP:w\0kjN\0|M@Q@Q@~A\0Z?j@K2|$0?-q<2ka	x\0gk>#êa}幘h2d\0WûH嘖f9$&\\d.N??\r\0j-tb68#>K\nG>k6~--[tL]9kܾ	x\Z-u=gT\0ÿ>^;\ZO#9?vQxNkI=i%b/:>V>Y\'eTB9vxRUW]mML	׽~22o}zF#r)р{3WM\0BXXX%@9!p9<?le]<y}cn株LVriVSy>^[\Z+t\0j\ZO4=>sd~\'<cq6_[\0\0=\0_uIneNkuscz)xk;gӤ6wц\nvdp]0\"Oϟܦe=+掫퇞l26g+oӞ4:E׈5T͎&u/#(9үH_w\\\'/j;fo`\07ir`)_LZhv39 !g!GF<2	Ag(iuvo;Y/i|w~~\'O!<3axM:mCdoy\'\"*EQhVQ~m<?eha8&_1!nme|h/[YCx|:jw?`<tї\Zn]Y\0&xl$o|$\n|o$;ΟOI{lW/\ni1rB]WQVz];?+n6vj볽OK\\<qC6n=+l9;RB+\0%w:&ɯg\0H/nF7dpnv\"V#i+(SE\0+ۋ)u/5ܚ}66U*\Z`8E~lsf_qYٮtWa$9\"qD<+(ARE{u}NGe\07?av{f\\($X?1-y>\\0*KpqͿ\Z>juC	9#+:lB.¨Viw>Yku>S^[i4\Zsi 0ۡoz}z9mO:IԊ[hr6!sn.?>|U\'Ũ-KEM&ִEaǼٌc+o+\0m~~> Lv	UV#շ3^;\\\0#t\r\ZP\'4[23趺ج8\"#432p\07QMroki9_%<212`\r\0\0ae/kI]ewnx|\r^J{ZO&;ᇍ~.xٛZ\rGG<nSO(SKM/Z;6AT v\0T/gyk^\07L{8*	 澪~|#khw^էC[rO2#w\0z^,GFѴϗ_\rO%ջ$Β[\"tdPY䯓7^\0I{b2wGM7VռI25>Ӵ_kK~#[dK@\0-pqQӜ\nI?>ZWpm,nq{lW\0oo^ѵKټ{G\'HՉ9i\'W#s0__|33Ze$n`aAtWA\Zo㟈ffREʍLȯٞV:~*+(\0(\0(\0N\0|MP\0kM@Q@Q@\0^OiχFۭNtQ#\0y?/~n\\f9@FFu?໷R?Bbe=GY;9i6\0/K~$GM%3\\Hd^qGM	\Z<}?qG~˿g>\'_GM<Yo0YV;=vp1_Ux+]V\'ZύP<I#2[4^l\0h|Y\0>\0l]Lv}B:q7UQb1HK٦Vk˦5?{qs+&)_)}@89=dzЊJ;돆?C<7}I{\r~vl:\'4|@Ԯ/$kO!XL6eOYΐ{\rc*T~\0)4z\\9/$Hqq1\nF?7\0nښo>+\rkq3\Zl;#\r:沑FIjj{m-><E}˩_I\'OiV&-xr@kIr돁h\rXMcP~gM~f>?c`fQXVV\'\r9|?(aT5晄5,(jE.8?qyjy6*\'jcF<ӈ;tAEV8QE\0QE\0QE\02\\\\^D$WKX:\ZψZ&v`4Suܬ0E~M\0_x%CYcRRb2<jQ,Wĩ5q>\ZhyQZfA0=XV,<-uR[?C<-X3{=ׯg1~VXkrɦ^opǧ̻\'~~$|<|,)IֶmeU\n?r@\0uIv;\0~>x.HuOIdoȭ<a5_]O^([?GC?\Z&[$2b8 tH}N;\n:~aFTtk4GC]/m`6Gg\"X:MsZԼsgZZ4xX[[>ŗluA?N0X,?FpOP0éży᫯xz\rtwqѺ2Ʀƺ/I7Cմpë\0غ}䐡x\\\0hFٿR}^FK\'#C0ZxXw8ʸ_znqiM4vLP@a?]Ǟ5\0mUǈeBMЁ9Ls9hK]^a6yϬ\n(\n(\n(!o\0\\\no\0\\\n\n(\n(?6>|7վcեS\0J{\ZY{~\'}\0#[:xHϩ\\7<G?~xFX,m!OV=af^_/\rZͷ9&|U܀w\nvnN}\nöڤe/kq}~4	\nr]?/\n>o5۸i,xO!Lj>o$Ji%\\B:Bl9btG\rO\0<Ak::|;K̄cg$p7\' $~˞ioY$o,GYؒK \0Y38\0~:ǌ>+xOᵭkӡ\ZǬ:ո C|%pƾ_<x/N Kdk\0G\0eE/kJ6QEht\Zcn\0wb=q\ZiLGmQVfQE\0QE\0QE\0MƷu{=IzîLD=,|P\0uc֕Q\'d\\lw>.\0|\"<_2\"XQ+B<=vz+\\Ƕ\0|\Zqsp>J\0sz>%גugGǽRJ<l\rp2\n_mty֬xe@nS۸_0O7# v䒵~g	\0k}zNw蚟H$gW無>x&酿+b$UK6\'dqBEtTwq4SDOo#{Ðq<Vj$oJ<yz-muƮ93gg˧:W{g[<E`uAids.uV5A\0.CP\02Yvq@>Q_~>7Kn>-qVIY>-%}\0*[|-ܿSAɚufy6eQ_\\xEPEPEP:o\0\0!ST:o\0\0!SPEPEP_#?χXtz.?vY\03KMNXԖ9N!v7\'=q3\0RS\0	ia崴D\' a~x;Vf5{elG#GE\0d\0Kԓ>Ez#_=7K[x[rX!  ~b4<dq9coo\0wqMrXAhc16[~U8>c1 h:l\ZU>o Qʐ-g-pQ?\ZO4	5ojBgwp7R2XSQ~q&ZAtR~n&TKt*pI]!rR(T	o%A33U98Q_?<]dxX.=(^HHP\0WFicbTڮdnn[y=Mtg7n6O΍E-sh7Y/V~Vzٶfcߓ_;7>s>&GHSPeGeʍV+cfyr\n(0\n(\n(\n(\'\roWŜo.~3ApV+z$~TGohaHRMAe@x&MGS\0M.cl\nXW\'s3<FO}EgIr?uWֺ͚o5ռG)mf?w+Xʃ꣊RL\nJc-Ɵo6{[is2GUdPQG\0KO0UWѭ/5h$#IrQ p>#WSco*i7	r\"f@PYcbcʻ\07&/o=Mg㯆ҽ֟h!I0!HbH g+^6KM/Gq%LrQ\0?Cckku-\'[*s~y<0_ğuM7Z6f+74ab9V!^EY$\\iIi<$K۳gpqvW{=_xzIc丹\r`F&cSx7G7\0\rw\"fFhv(_#?k2V̟ξeω&-u>b\0;.`98eatQ\r/.pZ$\rcvzU\0}C+K3(ڝϹC\n(\n(\n( ?o\0\\\n?o\0\\\n\n(\n(?\01Oۋ\'_yCRGޣ{KCtqֳ-VXcBcSԿ_\n?Fe|t+wQ8\0J߄P\0gvkmq#+08@?_CϡJ^ohv^	AH_>.*T]2/e,z)+}&=6=15Քv2ynR\0EM\'Ŷ1V}f\'#tθ^~^K~{s/	.(H;#dC8*AOB]ϊ?`o^t&hZH4;8rp~b8\ZFt?ޖW48rײI]wb\008пuO:E6b7akRUkzӧEWXذo=RhaOA\'r\'M+o6l\ZUڧA#8Si\0Znx߶z+H\n39/4c<LY0hjU˱T\\uфcfp*NK-\r]Vn}pobæn8}ƞpIdGFYѸt>k{<l&9AovL8eM.zްѨD/Eεt޵֯bl9\Zx12X9#Mڵu<fkι5KPA3[\'`ˀzrkG?vgqxM\rY0oR9ۏ~:\'ſN^m#Aou\"Y%ṪHݜ.OO?|3˨5MԖWFX7phhI{ȉBVO5|[^<[ܹ*ókZ>~_?Ijg|Iؐs(=kvkInѿ;H|빅:8ۛzW}\\śmZOlm=&Gʌ2GrG:ar\rϏ<I\0>(ZjPrNG|\0pH^zԺÏT6KVRL}T\Z1-\'z,-uc[۩Gc}ORI\0\0I Do71Xx) øOަ,|hE6^j}ȵ$d$}?Jg-\"Fc[7~Iq^>tC\0	G>\Z6͞(j/BvFHV<ҫ0\0!l\rkjK.FZK, v[\nMo	w{wpøϒ6k?f	צ<60M6gToboL\Z$[Y4R?a]<gH\0Na6ܧ{Ѓ<k\'^Oz-9\'ĤSÀҭ$M8KkeXmin#V$n7+\Zo wx>/|oMR9;\r)DRDܮ>FaC.~yQ*|_#~M6<97Gux3<H\0M(r{qVr_\0rC\0g?Ե/\n\nK\ZX%&x3UU_a`Jp<_<⫡uJ<\'u&7u}վSkuVtg\07!h|ćMoo.}f{;i\"iN:෸tݤ|lҺ=3Q}joGAKʑAI矯?G^+(!R-O1$b!\0ׯ/w\Z[ʠȚ0^;}GJ]\00|.G.xJ[Xߍ$\0doBp8D\0Փf}wEWQE\0QE\0QE\0 T\0 T\0QE\0QE\0fԴv	w-t~QC9-\nemJ$GFbI.G|v~0yzakٻ\Z\\i\0\rYsIuܮ)\'t+`Q\0.G=7O3C.7Bo>¹x\"*K7~+6hut\r?]i5iO+$#\'VRG\0~ +-յk@ɪxU\n6~W=\\yG❿	.\\k!Fg;9 z\0\\n=5;\Zeቬ쥆[a7QDR;SȻ,:z^aoHϿ\'67xhvc@\'>V\rכ\0V̦c+lT0oGu%:zGֿfo֩F[(%X!xy3[Hc<<_V!&|KYc=-Ա\\썹L!YmpRl;PTb(է\Zun)rTlO&k	_ߴh0e:Nk5ᶅ>y\\M*5*Hw?<Eoo?3|ZFmmK{,e\'ur4YH9[_f\Zǭ|2o\ZB/imm[GȄK)II|\0h֢zůP;;H.hK<$H!892FX)%ME蛏vg˜c/nj_ZƯ_xWͤiZj(c\n.x$Aʆ}?xѭXĞSmjp\rNNHzÆ1~߳M[K-縼k+y-y3Hg~6\"\0*\0q\',|=Bk}aB7.	+gV^ӋY^r~Z=>4\ZSm/m5Y!\'j]WiwbsuZGo\"Ip:̈́ O&|xV a}v?)W/\')ǋ~?t_=()ROLU@dG\nńAo^3/?~%j>;@\0X_l\r>db7é\'+78\'j0[kcXp7mvvbѾ3x_>2>Kk\0C,G9*e$|=/#ogg>u811I+mu^wඓs\'5M^{xvt{9u\rz9fb\0AӁ#\0\0?|>/>|\\o-3KZo,-H!ƅ!\0;^u}Kgeɔ,~D@O$ŝYQ?/;\rx_O)S7z\\..b	\Z:+[pn9-\\U\nت&iZ<\nj=ӏ{\0[u$߰O\0\0#xþ$]R_.oX.SL-֭1tif@f$.[tAf~~ ~-j5O@5GV;ŕ&acHg	@eo,M5\n>elјb)UAYywJVe}\n/k\\+rv \0lUǏXiSXe3#uVb\nWzݧHla\0=OOv\\`_)b?f?GoJQB+0:	=tO|79\"Q^4Ⱥ$aH@2\n:\0Z6X\'|˽,	{v?#~Rw}˖ʹw4R2M?_x6;NŧDlzkҌTݺgJ\\țwLx|7mHe/˧3T2̫W灼:fiPMm\"\Z\\\0d53\Zk(\0.b\0;\nfl3;rv?RWexGF3q(H\n(\n(\n( tT_J\0]r_*\0QE\0QE\0[kztw]]!h&Ix*x Ƨ>W\0`R\'Zkr|4C-~:3/EUW¾!Yx\'B/,\ZUi2<wzʂy\0dρm~#|Լ	#>}ᔝgx\n)8ʣs\0 ӢV۹6\"R\'WFGi6\rK*}f[n8vYgIk0Pʩ#F\\0_=O;%qݝ֥ze\'I܀7c(}RIve~^Եy<݊oh)۽U4j>W\0QK٢(d<v_V좵@Z)ƜV%ROFQEQW麝Ɵ;^\\!4?o?#X:~rd_^|\0B2ʪ뵔ӫ^rjc&L?y\0dG܃Vدi.Qat#XD/hdn%Ys\0ׯ>r_2kْ8^uQlE}uyA\0\nJwg?	~j_Y}cg46cOPrvȯ\0lZ/2dyucXc4S[T\0JFX\0H2sWݦ¾HnM|#O,ld-u	ц/:^WvQE!QE\0QE\0QE\0QE_J\0]r_*Wҿm\0\\\n@Q@Q@Q@~}m_GWS+C]㑾_k\"Yúzx/m:MHsts?IuZK2¯$sHʎѺ ƴuY7i#N`# +6+gy\'M5S\ZƓ\r\"чu1ͥŹ޿B섮xM(4nv\nF#qo/L,*}2=xH/oܮؔ{\nt%w0۳<{\0J4pw6(i0f5b۲1WeZ&i;WOc+[tLGsTnV)!eFѷ>6Φ4fz2SH|Oo#,<|\'AUmJ\rWIi|6Vw\'짾dU0I,HJTƢ>|.YP2N1\n(/Ҕʌ\\DFva}ּ+KI1$pOR]_nf[}vk(o˟\\Po*kظ~\04=C\0Y	=Kʤ~6-MP:wz?{XPdHر\\w@z\'q:ݻ}u0U?@+\n(\n(\n(\n(+_\0KXQΗm\0\\\n@Q@Q@Q@y\0U8JhFJhUA%c\0y^MUe#88>F\\4|M\rZ7^?Kim_i1Ap.{[QW㘋*.\'c7:/iǸ\0kb;X^\ZKi\0Ui;W5=-t-tJ:徥G^X7,[XV?tV^Ǌnۙ,WZ?z/]xTqkC\Zzђ8p\\c+HޗcRQC~l0KjT`ڱ|Gm\\i!ߌd\'g5Em(XԔ]QXgVrYiz|sNne\Z60@Oh#\rO)\"ʌk9Qv:#h/B5$j.KEP2Oym/o5o|?ӭ@)nɀƱ|\nkMO̷Lctq*zd\nS\Z-\0+1c˾\ZxW41x\n\\3O2\"r;z6åhX!60dR{dIպ+JtcUNJFoѢ\neS9GL㨿xVH\r:\n<q\0g;_Y[\0TV?ר jgx{غvgGgKy}ycvQ\r^L]Z^i^Ggkc5R⢤g5rʜ%׹纔5{y+OO~&8*b0㚩L7o\"?^TsY>u<-	qP=knU_7_.?ƍj7<-zmy{qqG2U18^\nzc&cҫ +<Т(\0(\0(\0(\0 _U\0*\'b\n(\n(\n(\n(?.\0M*߂H$zG4 -c`Z2RzצW[e+Oj:gηc2̊\n\0ʪ\0$(;ׂo{ᆍ+b1V\0|\'~{8G\nZHCTgoT6\0#4믰ɡ;c8R?Qܺ[\Z6+YY\0\0C]QOݕClӒX/븶Vd>>A*Z(݅W[qepӬ7Hcsut!A7?~j%-sPJs5s13\r-vΜ.y	#8׫1U|GrvwئW?5lk^d?#>~:,|aܚvU㱸\rq`Q6YN[#ږENoV_O+}.2xҸEl5[]R=ַ_\"\0bPgm!Dkx`G`\ZBưIq2ڛp5Hɓ}HRkt*y9ꦾ]_#^?<;٭/\\y]w8q_B|I?PR盋J7#@eM\\Zj1vsk~Պ(j1ZM=zL\ZAϵlW1oy-B?_C=HjjJ1`u5so?|%x[y<ɦT.\")\"=r\Z2w^WC:bE\'~,qٿi<soƽ~JU83\Z:4\'w蕿B/ky3Lc{1آ8*NREUQE\0QE\0QE\0QE\0Wk\0\\\nUZ\0$BPEPEPEPEP_WW|_\0X^tn4n$?E.mme p@dW!\0\ZxRm_HݺE$2Uʰ>1T])ߖf0X)uGʞUi CSJxa[*Fϔ|	$??|\Z~ѷ+[9q)Z+lQ\0MiWpq658\"w_R:59㈧R~3?NQymFeC}HW+cQU}WJ,$;y׍UX&Ӻ<_3_ƃw?(\0e?GZk2tl4[X&mtIܧ\'+ӨQ*J*5]M^TE4D倅[>SWۏ3Lt{TҨ@cp<\nỊwSKsdR3%ă̒{{ak[*N£eq\0?@:́ԕM^\\u\"-9cRl|S\0bJ$a?u+}}s>!Ƽi?~GָOm<tŢaQǿ`	\rrԓbzTc\Ztݜ⿏?+k#3]wʣphaur?E_L߆\0h}CZoneZe(3c.{z_U/,3\0|I1Ϣ(#(((((\nGm!V*\0 _U\0(\0(\0(\0(\0(\0\0~zĖz0-Ʊ\r\".qx xb5~ƿ@Vg^\\j\Z~<IOݤWA<qc92Ȥ`\r~P~L?~_=FO]^EY1>e#91v|y*߽\0?Q䰒su5Se\'hY9+avֶGiG{whkOxMmEupn`9!pUNFr}kO*Jyw7/c\0*:*:U?H*xJ	s\'gu:*u+UFwu\n(\n(\n(4gGE?íW|3	\0NXa+7Os6ZLӔ#b?Kvҵ_]ZÒqpfYessu?|[gLZ\072?Go2y.k}_q[꺎Y\0S+	eRV5wdH\"\0g|*{xfi.<@n~6[F0<]\0ĕ, E\Z$,%?䎋_C󤸐\09b}Q誣uTQ_}X$~{)6(QE\0QE\0QE\0QE\0QE_G\0MqO*W\0k\0\\S\n@Q@Q@Q@Q@Q@s-4^0r3c?S^խ_X?@5;>&y4QOc+?\'_itzGKyvHϻZF3:麎VQhMk\r\Z@\0a&)ŗl/r\n;{yQd#\rG C||q&6tsH\0j\"@Bkx-r_\\t.plԖmת9}HWmqff\0h\"\"\rlpQU]>;y\ZhDkQxNm161|ֹեI˖[6{\nEߏ\0JzYk?9Ts8M++n\0/4ϳkyAd\0:9~hخ_>.XmHJ~З÷TXPGN۫8)>cT˙#J~Z}k{uks*n^iFi$byfckWf7G>\'o^>hhnۍQH!\0Е`jb+<::1,6X:w}v\'[-\n%Kx+ddV*OR+>\Z{˼xd|?*׍`UU](\0?:\r\0	꬚nq	y-c!z#XJiSY/r%*^swӻ#\Z*Ov:ƕu\rV67 [V0(\0(\0(\0(\0(\0(\0 _U*\0QE\0QE\0QE\0UM~>j:^j`!(S__π?-<#]|] |(~_[Ny10~S5;#%9?%s+?+\0=%ͯjH;fi\Zo!kt)Fo<A\Z1N&hvF6R8=EtVc>e(sF>M\\S\0׹oCZǆ/Qn1AG|v+3tծXg%C~W㮵]xX/Vy9i]YԚt/05S_RV<`%\\vIG]u,kap<&Iijԛor?[6&?>OSX8u4:NJEG6kXRN2ٟ֔W:=rg$-mqlNpjuߴ_V:0;ÅopO	\\~m`\"^ޟ2c(*\0(OH(\0(p(?Kp֠kksӞI\0$\r}_eQ2t_\\\07pGeU~:0UQKzCHC^_W&~\0?<AM_cEٽ?o\0O.?m_`W<?$߮H??L\0Z\0^_OͿE9,O}6\"jvpQgk\0)\0.qom3q3}<O _:փ[Y\\Mkyg*1WYHA\0潩\0ߴO|uɦ|ld\ZĄqo&i*qЃupnSSxź66=5mQ_\0_?O4EA#ٸBp\\@\0\05}XEjl)N7۞\0>Q\\50!#q5mwZ>ɢh͟tok;\rż,Rf< (\0(\0(\0(\0 {_5[F\0=qOU\0(/?={מ N:-ai2zd⟈w>q\'t\0Z+Zç,oN;A9֝~=l$NZj/?mEյaa[}_ÿ\ZEfZ<xb{ub;+}[ف}q_^.fEέ]k\"mRK-#z¢Ҭn5r&F8zW|2~QY/R\00!G9v\\đ۲q-b1H5ů-9qfx{sdy>cY\0tz-F}1_,UuMV=.\r3}uGJ=pUCUK\0y>+XůZx^&,_j?xĳ3$#Utc@UF\0+R{Zspd1q}kֲI-]V=4ӏ-8_[{2cV!Fx-vA.[~4L6YǺ=W\'&\0^4g&-ѻ+\rƻ\0.>|fo7pP6>>DOe?W\\Iy!# Y9ˮgBiIYJMkFH>$i9F[/[[$S]:px#W]?Au	kIo-=ڿ\\ȯM|>˧ź>uI%\n2R)+\n,\0e#0OvC=Oޯ~<;>*#je0OW`*Z_$乃O%d+G\"F\0z&)?J_./~)%(*;iRԔIO%|=H{Eƭ26 FgP9QZ}uKb>dT}وJ\rZEa1ͫ߿ڵ)Ӥ=v sԚ.}׻\0\"K~UVi08v(\0%p2O}ߴ+_|IjeE`NԳ`??~._>,.՜t3z*eP_jqlXWᆅuIgVqvyX`7~׵wٸ7(^֞Q\0EM*!G\rq.wt\n0@0vzw+0@A\"^zyo\"X2\0^җ-[^c{yleS$k4ldkN]RyF~艴I\r_9{%O⏇|\r;#\nJy|BAE+\'kIO5m&p0A3SSޜ0Me,=9|HqY>zQo֧ï9c_|UR<˟+܈n\0H?_?/2z|#?|3q2Y\\u0_~!VPxMc}Ml󆅛rOEa,,揣s+Dja%I\"$zWe_ߍ:<mEb\rKLn|TH6@:WGc\0j\Z2Y?\Z4!cĺdA\'8QLm;O\\u>O3\\UL#_#zs3\0g\Z~߮/,#S[ö./JQA%m@?_$Eރ%2`iY/dS+-XH>\0\0k[vw+jp][1ԅCe٤1WfXOiifvir+%I$ICrl~Ü,BX}{/	Tx\0TߏQk˲`~H\0,rO\\-u~k#qOe)}\0*U~F:PT$Kc?JmsRi$ںlIUG_]˿|/v?xF/%֟r#g+y{_P?|@g7wOxGJm)f[	s`ݰ$qw:StYEk}9%ۣwRLv_\\}	/n\Zh݇u?z\nW~o5\ZghbԤ8̩4vg2vg䫍\ZOx+5f[{XGEoēڽL!פ5ki(ZU!mh1eVI1*nr~uY{ۤQHP`+7Ǐ]oc1卌Z,:ջ@R}Ʒ+vlWooJQ2xO͋7,eS\'ܠZeY?z+IG4# s~#:h:rex\0^%4l-..gᡑ2_GӿlM#x֬ZjցkkpNC);碾\0f~7g]\\HJkQ	.\0lI(:\\?29y\Z0!;U\Zk$-mdh.::6`FAurqW+?\r3\0c>`MB%铅~ (>ՙjP궋5$mv>\0|7HĳC*n#ax~8kV{+}>iYWfl{3W&^/Z?׹ve~u$#m[}N$qoyuȷAdkr\0A[rV[;8m9Inkpjbjƍ54e^ih:}Yyt9HFM\')-Fe5_J=2-\"Xa1bEU\0X԰hPCe\\s\"SwX+)gk~\Z56ZL%ÃGTe{ψhRG6]jNO?J	\0W/wugp]IL8P9C\rGN:0ŮeGY[֮G]ju{}3<,K3I&V,dfUk{̧3\'{#95s>g;E6	\n\ZO&;JL\r^IFK,O-OԚKFH?ʾ`t#sX}n>kO>NG9\0\Z:GA\"aX`޹{y|?6eSQk\0S6>haLMD7 ,߹O~5qwE*#.>^~e=1K\\kT(FMco2&?ƾ\Z[,FԪO|k2.pd~#jPg_tnuFqe}! ~?bjx?T\0}Ԋڎu,55~20tHa8?_\0ӡ4x2÷ $\rN7oTܹvmk[\\\0u>Xk:6y\\sg{i3C=ԂNĎ1Xhϝϸ_\rE^O/\0d8SH>ǦduۯibM[AHhy,LeeW,=TpgNn\'n6?%~\"rIu$3$|Eyp GNq>8]N]fXTh\n҄VpfX^^iJ*-xgPV*ybIQہ>\0l?_}!o7\Z]힩[6[,,K`|HOR~>	ҟڼE7siYZʩs,y!HaÃQ_?ɰSj۫Ff8TRo[K}s;/\ZXwGD6_~[6A4]-H^c;⺙ͺw$(AlZ~}ά>u^\0\0y#k<S\r#/\0EuK\rOg\0vO6mfx$*`T}Zbq/0MtW̻:1hcHo! G_\\oZ(>1q𿉴kĺu8nG0[\0=SKWa({kp[kbH\08(YR֣,y軯#s\0eɼj_4p][$R1v|eJq~\0|?\0?\0Epb0T}3N$ՎaSۮ˪M/26V#܏\0^[K\nRI!XZiim̍0QEs(N7Myn2|ѕeG7OP4~(!T>8\0_\0|\ri>-Xv^_Ly_ę;#S$`4Q_7^2un\0.&qRP>\0_	m\0\0|?\0?\0E}7Y?^G?W+EEMo!(ڦ25#s!`	=#!xgǺudѴ,㈬%\\YՍ	EuTΚո{3Ԩͽt]۱;E۷le[7(-\Z/S@s3@hIa>sn+eu}.|ەwmtb֭UR@0E9a\ny3~\0vOKgXnl#sE/Si\0si\0<?5,˸?Ɗ*O_X?ݓG?ݓEթ\'g\0\0#ӼsmwGq(>\\<i-An`\0;[uҊ*O53f\0m#I9V4G!fqWۭTZ/k_i]|Dt[gnȕzQ^+Β\03n(\\6eMqo'),(18,'M.D.O.','\0JFIF\0\0`\0`\0\0\0C\0		\n\n\r\n\n	\r\0C\0\"\0\0\0\0\0\0\0\0\0\0\0\0	\n\0\0\0\0}\0!1AQa\"q2#BR$3br	\n\Z%&\'()*456789:CDEFGHIJSTUVWXYZcdefghijstuvwxyz\0\0\0\0\0\0\0\0	\n\0\0\0w\0!1AQaq\"2B	#3Rbr\n$4%\Z&\'()*56789:CDEFGHIJSTUVWXYZcdefghijstuvwxyz\0\0\0?\0xd׃t>b\"D0\n\n%D]\0(Qj\0\nuL MAZ!EUQE\0QE\0QE\0W|>~6\'<]s9t\r#) q־\07\Zo_\r2T\r\ZGc\"OgUjӿC?%<qQJ(2ް+lqO8df?\r}66+_Q+4Ük?ⷉ>4,ֵ\rY\0Yuy):*TT\0~مI?sD{|=\0D}M7x@eIze+s#/\rm|7$/|q}l[^[KbfIe`3,;W}qՒYV,s\0|h_Ib@Ӵm	\\p|8#pSњ\0w>-s~.R:+a J+\"WEsʬ\np,b~|0\0-3PվB0f8n=	rpt+ǟp/-_^w|1KU\0Z]5-(x@eVj:pߔ\0u~\Zg[a|_X␲~+)\'i|)}Ox=8kC?r>Qu:_-qOMm&66=2*b\'y$SQq%e	|\r|	JhZMA,s ⻊j?\n5<--szJfCKqWw\ngxßy{\"-hzw._rHv)X願Foz~G+\'4Mv~Sea\rլƲ4N9QUApA<c6Ϊo=+w``jH4Ҷ\nP1@mYU)h(((((#z&i>nr|͎B+/ i\\&{(?=\0$\0$__S(=F-Zò2V})_0򋞅<B>v*5V\0|?vڧKjֱ;\\]\\Jyf=P\0\0\0ez5Ʋ#ܰe\ZI<:W?O,S_,\'\01mYI$\'\Zn6v _2VV`,@k~᳃S_[%\\߂y㹮gù475\'Uö:pOS@WWu]Ku3ꮠ#Y\Z=;I|z`\0.xP8X3rx/xǹh+K3ZfmdE<\0	ǯz҃}Νq4I\'m#<?sŏj\0>=7M}ؐpGڻ\0mi}fQRC+d\0A8#u	iwLn1cGP8bhXIs,жqzw_~}yi5s:/>M[j[\rϕszVAd#qUo#ÚOhth)=\ZAj?B$8,cjSE~W_Z~W>!)yV3m+h\r=L.>Bx8ɺ~?o(xK/\Z-zZ{gsv[Gt85^h((((((|4> Mē\\]1M튛NQ $\0Y\nUV;Y&H/$UI\09ɯ\0|Yu4~imYأٛ%jb=tݞ_\0jP_~^%57i)}?As[^fާhPq^\rW)O[[NaX+#Ҵ_WG$%T+,{7.X\0k|Es|4͊`^kmgn$v\0~ʵ]->fQ|SҤ\"QnlM\0Xǹz\Z/\riz^<*ȇiw?S?յ_\r4+n\'C\0I/,\"&2,}4|A=\0ĸ%d719%KJOjWۭʡ\nGkUՄ-|]˰QKNF釖ԞPko>kMC͞4mSϡ*i~>^\\k6X౎L\ZH^:g#ȯ%OI]jGWlʛ\r>k)&fx?fo\0t`׾*mMw}Fs&6~Etz=CUki7fes\Z߈5bFa&}@l-1e?J\03⶗hMHР!y9>\0q\\ƣA	8D$V.p3Ҽ^.#Y%OXoU|gc\rnbXtsߊlmtX .<zгм-R[+[{-7 u3+CÞ%l3bW;A#ߊ\0#i$+1rOkLdCs^՞\',:<\0CpP+n\0~Ж\nj=Kz@[[vbM^$\0y^e2#_CIyh|~iK=QEyEPEPEPEP\\\0^PG5[}DT4<**YA$J,HTdp\0*yekK<ᙞF	v{L|%ϊ*Q^nE\0\0\0x.-K|=Eӑjjt?Ny(RS|>R$Sd,\nw)T\Z\Zͷ\"|Zyݸh#5x@_-0\0C=+[P`4߲\nc\0qhϵ\"K7C*TXaI\Z99>ᾆZ8QUUF\0\0\ntjmkcO@[Yj\rȿj#ӵ\"iPkPY }Wmq:b\Z\\zƛ%,{\Z\0t\0jZb\\ABNOm,mUuԥB\0zuxrM;F	C8FN劄G%犷20,#vqP/cK<\Z!Y:~/\rDɶnU1^Tl,[Q8@\0zt\0=MH+ꞕ͢ݙm*zsW\rm[eTY[=y׈u\r/.dVfXPOtQȲ9C\r]59_㚾*;2@(m;Q5.\'ErBr9\"M\0XC;-[ltr8|tx;c	8PCŗ\n0sǚ&u%6\\K%4I` qȭV9^\'6+\r\n?+Cx?|Z\ZlY6ZILSF~hgAWҩ&\\]QE\n(\n(\n(<\n>\'TἹK7R=IY9ֿ/?Mxsཧ«9`NMMz4*G\'\\JWl#zn49WSݵY5Eoc B:C\"<G~kq:ַmX5Ԟ\\kcsJRI]>XZ\'\ZaڳUQ^cuC[\\>*(_O)5Y[w2$J}ZfU{r9h?TvO20USXn錱d(}ƹ+aZM5M5{/EhG1WNZMnRqzztSv;.z8miX穑kriGf\n$\n5\Zګ6E3W5%̒\ZGa[4ʚٔb,)j[:?jh[s\n(TJW\n;v\"n2oƦl|C}5SpF)#DᕙYyDs:ְT(zgw|ͻǭ:\0Dvi)XxVVwSUhMѯgUAwl}Q9h3o^FK\n~U˥AaԑC+uǮ;z8JQE\0z7SH|=UrZRLyeT~~?\0m?xAiuT$}i\0P\rA\\0=eM}]\0onٺ&%]̺E3WMb=Zb&gV%TQE{ɅQ@Q@aL¯ZFۧx{OQ ;B{ܯ\0\0wkpMNEBkFKwSVug.z~Ҥaݟ,k>(.\ZVv$ʋ舸U@\\W˶ۻ>)%d|k^)[25t\' c\0P|=e7⸙k[XԪK;ǠV[y_Mk2~DP)S9f9@wxoGQHoF	<{ʿu4*˳AI@+>$Cfm(~xAk?\Z_;?MSIug:O(Ͷ>WϦ+(\0(\0(\0(\0(\0͢dB\0s.׈4D9&HdN tȮeNo̰|D\rkv\Z?Lx|nԼ14kqk~o0>N;uÚs[4pWxm.[}2XgeRۈlx=8+鏊<ފo̾;i\\$dz~G5T\0WYm3㧂`.{}zXe\\t\0\0xGV=*&?((\0(\0?8vH?\ruae|#\0xA+zqm	[yԜ1\\˝0s*懤6k,l~i!].@<~+-x[\nm؅l!(2>\rj|GK,u(&KQI)qlAyi>up*7]\0bF*=|/k{bC80[(0golnOW:o6\'xe&YE:/6f~OU4\'Zi˝˼yTv\\TqmfmzV\'y-צ3\\\n#Xt?co)d?ak?\rl\0VL>f)$)N9঵Rd̩joz$o&IT0hc{pFҹbfAֹNPvN*+vipۻF@ܶ2OLsR~DT\ZVXp𼄝lzXUEXfYwo;C:5\'\nT9$rWi(KVFc֫q;K.~<S*3Ji|ESiR_yc1iXWcg5ꚟ|;}gr֣-GqҼMam\\}gR4ݟGD\\Uת=$YQYX2 ZxY+X\nO}Ms~nd+\nlwk>ir2\\[qeO.3IeƳxU\0GkdB>XVY\\<2)I#%YOU#?J~\r?ifQ\\p3\\?뵎K\0^\\!ARO,O=\Z$пdUT|5V1/ۼSBTenH\'\Zk	O?qkf屟-a\0!\0(ǚiy%JREW\nQE\0QE\0?PR~П|3oOK5\"݄F潚EI8JKҫ`J;WӿV/OcԤh+\'W]S]5<~2eWIR2WT_CU qqx9#;=Xk5k^Mrc]흵]j\rA9\0vޜyAfoyBQ\0|Mm#+v+gH Rז`I8Un`YCc|Rko\Z6ݫ2A?QxOQVWKie	8ݶ(^\03hKe	#\03h#I\'ƍ8##ҥoxW>aچU3!Pc>w_/_/5l\"^Jf!cڨ}=]go__\rŚ+%btcmgSF0uZ+v]F3,5uݯeUvR<4Q\"ЭS_NXm=zf?3P\Z\'`[NOko\0ٳPE7~&|7%XU.^(u)iRG\09\nk%ǫ-bE\'0&D1mvIӐ-)ҋ:]+WϭzIq{>i,-RI.n;~U#-8jF9!O<:cˑ+C0J ;x\"aJQwm$Z$ҵcVĳkZP@dI>gqeA9:k5KޔoTV:Zw-WȱsBn@@H#촙ң*Ks8z2uLmG5\ZE}Zf6֗Ok;X&m$N~\'GFQ-iI|\0|JK&\\F	3$}䓕.᧴ZşhNjGp[p;Ƽ:\rj^Z@C4\0y[@XdZ?a\'^^\rSGڙtgR:g)mWۗ\Z5<EjXj^}[}gVMSOGCE\0{GoVkvAx`Ŀ(%Tڔ]n\0pW<xH=)22l!w7ܟ&&\0hOX	񇈞k|\r|K֮ق[c9Z \'	4\n6aR+CR?i̭i^լrJGl|=ḡ\r✫	\0ǫMu+;}J8Pul	\06v\"h@ 2dxK}DQ[Ea^|aͩ~X)dLqx|7C)FPZk{\ZV9O$#Le\'p2:7)#5	|]m|k+j9R|sF0|+%H5[`Yd׀3T?Wsݣm6ҿ\0!4У%,<}C!>Wy0Q^k8so\'K&:=&wZ[BI6D<?\'yMº_A&?{v_k^q7=VQ^aEPEPEP\0/\0lWu?h5(4e,dRFAk	SF7ڟ|;}6DݭYN%]&pDfU9?C_\0dl4\0\Z\\q\"X.e1իQ%Xʢ\rS˹|o_S\\Y&wKn\0$לWd۸6ϩ9?^]GCrOg\0y	~XtϪ|<ӥ!sdglQ,pF:>6uYGurK0e	F{VOhDr6bwEsJ8AR)?8:ܦ5裏r;vm؋*ﳑ]xiPKk~&{{0+\\ڱvȃ\\Td|c;Qk\Z\r9!e:Vz\07;;Wz뮆T \\hn§5\r\0|^\\?bKVj(l?5?6z;ԝ4o-03񎯣],𭿈5[yRm69DqAlq]YxF~Υ=:;i|\r̕~Mى2̴MyYoq{\\EǹuMt_zմ[o/Vg[9	i`7dmڦ:ݗ-H~aJɧtiR\\%5[5-?BuY	n1p3${ArXp)W~@e:=æS.Lžt}|\'	;qZkSeڼ9ϯ,?9]EE1$TuosoORk=?8GXw¬\0PA1Z}#\0&̯i/}1{\Zg}/G-³N\r}#FGL֔:/uo5i5F$mD4\"c#>Ck\Z:6\ZuXI*qf$,mP6>xnKU#a\r#sAν&KvREU{krN0z|ncZU+KiZ^J$K02-:97Z~ Zh,l Q8WԐMf]G	韲Gn\'_P(LZmL5|8}(FgYXP\'8=&\0.~t?_	BemKRU2xqhgVQ$k.N7={\nQ9ՏͱNI+%QEy!EPEPEP_\\->֦;[.ԅ!V({\">xxSnNOk$a##̉7!#8*@#Eէ\ZT<M{\r_⽏~!~~(OqojlmN61;kEx牬4K\0Wzq|\"3$ٟm9Tx=MHMY6\0q0k3ᤏ?h>i-2V*Va`8`pgsw-gr/𞞢D\0(:D*)\0U\rGXebdOEuk߱$TTZvźAF9=3@^[qFWΓoU;Bji\0uP>fjW%Ο4qH@w9(j&m㚪5R?\0+?PTwr[no<9>Tcؚ\0وnzm\0\Zjx6ڲ):7ҪC\\b5n6W+G#,=\r**ٸR\rGï\0Vo\'UX\08rl`.߀5ܵ#~>ͩ[,,jA0Mz|Sڲ.q^w-iH\\$,;pv([wy7$S|;c^WQt<y#S d4i$1<\0rkS	k{x]ʼvfĎt-?گ~9M(ZMsM/٧zW7wJl&nVAi7\\Hs2XZa2I15C$/&2Orz\0ُU_/\r7K[H~VyJܜ\0HPjocwgIYh\n(<(\0(\0(\0(\0)|A_Ku(D6vinaiv(DBI\0+;ľԼ3q5׋7+e`+ffڹ<\'~\0Qnlo\\[OqeLK~a@A$|ʜtzckOZiiϋ<y5kc]-71c9 WFӊKoRLzq8?^?JuH|oWfXB>(T\'J53}˷v=+dVO\"\0]\'EjLd,W}N/ϴ0q=Ca\0P\0ɯƣ+Nր/X=.c֥oo 5h\ZỈaf*%بRQT66RHC1?ZځQa_-Uc`\\ \r_|jR۷+t&\0¬.!U\r%O˱^}\\ş\r.c,{*ߑ{YVY* K[ӳ1+<?SZ]-\"oҋ{RѶS:L>Ut%\0> 261**\0x\'{3z\Z]IS|UoeFU;/ǡh_Lzfڭ Z,mUO0F4_:9eFk{(eYTP_KGb1k\0ܕueb \rC\r[\ZM.hVM.wܾi|oU\0\0^w׎Y.ok0LKϻ*\nUWq/h־4xm,laK{x\"]\Z(UE\0\0={u{3䳜D&((C\n(\n(\n(\n(\n(9Yß<qA:d|o#~C߂8ZfmΪ9Nƿxf4keZKep\n0Z~ƾ6~!h&M;WH8v? 1\\SϓO]EsAϢX,y1>$^a}Ϩ40j7¯+ؓòZ;[7p1#g4o-f򼅏Ǎ}{bZH8>a:UE6/p٭:w~k|V)v<28M\"VppGS\ZSE]j.MZx*?X<,M>u|Goo9\0ZP\\mX+91^G/íeO눳l֑$)Ѥ2Í^B9-xQpF~u߆\rhTamX[ހ2?Gq.䵩fLyh#eO;iy\0ïRhM\"=oHѴo</*\0Vti?xޟ+B)9;1wzQ# f\\TꧮQRIϓ^Y]Cu2a/ 㠟Ʀ\0e\0~_x>omAdQAJ^Gw<(\'2@/\0U<MOFؒf_cp׹TnV1Y\ZJ4%$t,[qnȽ#\0M?nm[W5jm\'¾m\078-X(c\0u#۾ͫx&762K3ɵW?*q_\0d>}vbVIu;\0\0¨(\0\nl6NW>#AC)3m3CN B\02H-$*嘒p9QE{)$waESQE\0QE\0QE\0QE\0QE\0T:okyo\rմlM7O񩨠\0xOKä~!V>(\0Я	\0q~? -@bѬlGu{3m6%QwJDq_ůG-zQGjRHe0Z[{Hv!숣ڽ%ZVQC-8It^o੿O=3\n;M[?h<5K7!\0&`[Qv`\0; αƚ|Ki\Zދtwv+KiPᑿČUB[o2̟ړ*	!s8\'/$ԿOPծ6,R]^ܽīqsp@\0t8k,u)(+k]-i}v>V,e<6RJ1wݒhu\0laeY&Ex%FF~IVd_~FEQE\0QE\0QE\"o#%iLwyp-LpuyKK~K	`gЏDz]_o?\'◈_`Ca,Cۃ;bSpJNtǚIcoY\0A\\Fc1vp?_foA\'kyh#$ԭo ih+Se\rQv^OOq[MǙit+Q^},Ҟsfi4yTRV[y\0I %H\'k\\[GSNꟐQE%Q@Q@Q@Q@Q@Q@Wߴ\0c߂ZǏ<i~,}%0\r.$o\0\n£&*FsZ~Yz%YHI<Kį,#]cIlxɪ\0i^>=$ݫx0ے0(#\\5Wnx{{gױ-h+*M/oUDIлLknPȹ9ZrK\0If5)G7;Jv\0=0Xi^H\0sdQU\Z[md6?*S?\"Ŗ\'P$ڬzr?VtmvW}hKVaf|v5	~\'\0^s0\0?4$,I*K˕xo&y%2N,8f,?#UiuOJ\0|O㏶7k/\0_à;{r;1??`C\\_M~}$\n;B|q0Wک2\02Q_ʧ\0{q׆	GF%LEjB\'@X݊Cb^6dt!ᔎ\Z\0-\0bj\0\0$jQR!쯮Q<W.GΟuΩE˛Tk\0?x</=~^wcJ(?I\n(\n(\n(\n(\n(\n+\0iۗGy}}v͇O20Ұgm\"7+ȭ6h>RAk嘌Kt_סY\0=j;#\00| o<g,^fYu=C# !T S\0\0\nPk~&7AYCt͙`c\0*E[{zzu\\\\\\\0˻O\0O\0VM}Y{ޟ~ޟ~QqV#1}}WmQEWԵk}\"͹!OV<\ntvEaHWH	2ҝq\nI\0e#=)x?^UyN\"K%~=WpPd-i}sY:.|$_?((:aa=ih)ִ5Y?r{ mmG)i|Io\\#lw^՛ؕ +\nzQ_{>?U>?̱ECj0v5ċKՍ-:H%hۣ#n2Wk~qjvkuk*HdR]Xr \ZbMQ\0\0d[[Yf-ݾ 4C,MZZm审·VҬF2:A\r\"\n;	Ca\\<$[2.`	9ds_+at}|~^NT3z=%zb+ۖ;=7E?\r\Z֊;, lw#bFY}C_ZKiTqZR\n(7\n(\n߶ٕ$<OĂO]j	R2\n[)3?k\02~6I&SVBejoB$#lB1뻌|1CSk2K4\r$1X\'Ԛ/K._%ϳ=デ7}ۿ\0υ|)Oޠ\";i:sz2\r;cV<N??\0i.G5լ>*Oh\06MsrK\\nsERI;G\0|?&|-G=*܁\ZkJ:s>_(qZJ*fk7Ndy2I3rI5yZsot/j];\\{Ip:d~kuKd<rwZm\\\"3~bu&VI[2b=\"knHLCU_K_\"߫\0#<yys[a]_ֱf$-#4z9&*|CXXHcƹjs6v6>rÑ]&gc$=8?p?	\ZL8S؎ʻ>ojVt Ϧs\\9\'_\'Mo/#lDpG/Uߓi7]m\nƃ\n(3(\0(EP?IW:suF\0p\0].<-c4\0xW\\0UqI/gϏk]7Q_y\\yS3j-F+ԴkBn?y4_uRJs:ԨPשSRP,7J;c?Jڱi6ŴU\"EI|bپ\0֧\0S\0fqR_eo_vT:kZo$\r>#0\nďq\0}THQýue%YH ?e-4OTGBƺYh\0<5T>m8C\ZWPPP\0#~\Zu^6cka\'0\\__U3\0㯁-ZYPf<\0[$Qoop\r>->ե_w\Z,PʜAq_ȧs|!eo-^s=rg {^\'hZqzϲ\"**KzQ_o8Tǫk^\\!B-\\+o{+x3T<6]*SXOHю\"xxe5t?F}f\0y[W_{?袊D(\0(\03*;U)m\Z\nJ\0(\0ϾoB́|9:\n벳ʸ\Zs`ؼ1)cTw?Aޔb4my\0jiLNeՇ\rlW+5)4GʷCѿMaGFPzn*\\FW]Jֺy>~=:\0`,h\\Q^gѹ$RѰ^.#aRU;i!ηĿޯ?F.U{1¿y[Zğ*ŵt-n\ZI9\0J\0Exq0۷C!5d.\'3,>kK|\0q6#f:V[$)>In~%k[ܾ\\+X0=:gew?8jTF\0=?jyv\n:Z6&[9U՜ދIY/KU8\0v=6Wx!EP@9Cjz*\0((('),(19,'M.I.S.O.','\0JFIF\0\0`\0`\0\0\0C\0		\n\n\r\n\n	\r\0C\0\"\0\0\0\0\0\0\0\0\0\0\0\0	\n\0\0\0\0}\0!1AQa\"q2#BR$3br	\n\Z%&\'()*456789:CDEFGHIJSTUVWXYZcdefghijstuvwxyz\0\0\0\0\0\0\0\0	\n\0\0\0w\0!1AQaq\"2B	#3Rbr\n$4%\Z&\'()*56789:CDEFGHIJSTUVWXYZcdefghijstuvwxyz\0\0\0?\0xtk5UUU((((*46ipĊ2x\0\0I\'(j+|c\\^\"3)i.+Xq®X\0&4?_r_cg^{p~\\9+\05M~>|y|qOx>6b^M`SF0\'Gg*li\Zm~~s^h|+oc$\nH7Ch_J<Wş+%TT+藇G1NIM|EbٲGg}G|C%y;+Kܹ=rKz䯯{CW.ےy5\rcRQ/z¿ZֵokV-\0M{[2!?_|\09|0,UgxMKEc\nemIP,[+0򷴖췕m;GTqOsl?\0ok{\rͣ/7ur!cgeNc%J\'SmX\\YYʳAso!X$SeeVd1_K/.\0dnQlPOw\rY@KJn_1sR3S=.#\0u|JYRt[o4`\rcUcюF~ps\0:ÞEb\\uIFOh#m`	EW:#G%vkҵ{o-DG9;zgtD\0vmM1)~]?v\0pw_J<v/\0\0w;=)a\"Qڝ@\r!QE\0QE\0QE\0QE\0QE\0QE\0gŚg<3kZ֡gi\ZU^^]J\"$ݛP$\0k5S]<CKi/#nPOЭyHO\\j7\n/^Éxo῅6nl4(p\Z8;\"=wIDoNՅQY\Zlxs:J$1i.Wo/8\0MzW\r\0ne*Tdl9`ɧڴ46z~	ζ9@yܚ=yp^Ir<Jd-nfVM=UNzw47KM.kk:3&ccV\0oǖ-j˨,L{1B{\rßz&+	IIO2_oj;\\xbhw[mcn<-6WO2ya\0K?j&t}k̷uV+#8 p\rym޷gdo-o#`nv^5U]RqeZ7yz΀;|{\r^6K%(?:˿ZO_V[:\03q^\0pڥ\0][R@\'9{^l}\Z[ܷ-r\",A\0}\0^<k⯊\'+xNNSzcg\'\0|3<6Y{?`GJg,y#k`љk\0īTaMY(\\\0	^<}؛wMwVM{LJ4o!Gfl\rPeT05\ZT(j\Zi1_ZG<K7%AU)*A t9(((((((:[BHqff8U\'ҿ^C|/Ir2֚Ǌ_mƨY\r\'EڜT5\r\0=A_Zhq4a.<Q2CH񞱩>ڜ:+`6<~]_]3|,-z3D$5(dw/#$J9,\n=~}oqyp$He=b0=΀:O{R6]jڅI崌bݏ]5s7;{3ȺL.3ePU^u\'e%kLHH,-qwOI]1mn]񕯅5I#R9lʸxo1qI$dk[XׄR.fVQ,#\0I`y^MMm$أn\\ *)օEzm?CZz_-X3/:mы\ngTVμmʦw_zMχӤ- Y4Lj/x_|AtQ i#} 5rJ1rj1ݞ{{a60d1P>dT5K![[V\0yJn@k\'Gzz3[O,/(Z4/uYB%MUOK\\ڦ+<<pL>ّFT֮s,Z?t%اzQM]+\",tWF+2sؾ|ioZ?2ߧֻ\r{>oGc7٥Ly^7_j	|Gag=|@H\r\nGM|,p/aA@Ps9_ր?VX=c[xFSe2KFmg3lxdb5?uQ.|g|s]RIִ;:Lf?43( <n+kV\0s@-\0kç!-ACͤ]xhk4oA2E9]X;ߨ(\0(\0(\0(\0(\0+O]k\"Lм?e.u\'݂Գ6:2MmW[O^A\\7^8lmyQ0;VW*1a|vi/Ma4sP{[Ec$YbDĴHĒQtQ\\PQE\0hTI:RE+C* Z7vona@bp	냌잶-IxhT\'ǮzW+F9sxUOgN>O;aVc%! J?=-+þ5qd7\nROE%6͝8-гj\0SE\'cV-,q\Zyq~G3\nAt]{/_{{i`RUu~Kw}EnRXu+;g:U6  ev+t4wZŎ녷˹\0?Wfyqur=Ok5wZotӣt3叠~59{k-9]>O+G\nw}\\8ǂEYvT	?ae/5]*O\Zg\0f54j.\Zl@k}N=mf߄N-p s<s3c=e\nu\'hCۼMm!M_\ZK\0}v>Z;Xnu_ܜz{Wa6x.	a/mc[s#`8\ZcN\0,|+67o9$R[\0\\.ߊnum!|^J 0ޛmU=rz*9G7{zMrמ>kkE^%6UOW^`h/)m <f&ow^iZ5Ij\Z鸳6|90Wml%5դgg m\ZюU35i;X&5i3cuH{F~9ip\ZKev{>	ڧPmѓOY^`	pyW|Z!2}擇7dj/\\g##\0t\r6[Xih瑷Ğ\'`/Ƴ-.[ξc1$aqڔj\ror;=_Uiq\"A>Ts_J\0>9j?oç1t9$\\Igs$b\0ژVиupS\r_<-\'l;I\0=?Z\0\0O[.͵=_:?GTa2k;ocҤLkm\Z53h||ʮU(=	U\'tQ]gQE\0QE\0QE\0QE\0QE\0Ww\0\')ǎ>K_ٍJq_%&_S/M\'N6s-ܮ1]inyXtsQ3$6Qz\\\r{\0ttj&m[&xL=-=>5\\.T\0_vp8Okۡegg\0	\'x=zfzÏ={	I4EI#Pzu韭z2A\0j|7+:)h_/-=zq:x%/z^[//?7{tW%^ѶI+LRNx!3+Ѫ:j1N>BΒ}ً)Nmo6Dm*;ֆHu&FUja-m.k}]($KaHdpBi:(2W:3淩I[x6\08$\0*y>ޯ<#!<C]HI?tw\'\'=O|Úksn ;Ycϝ}ղqA\n?O&|AkS[\Zv`C\'O~>?/ڏ{_9ٛ{D/Иej?nq^|]6X[k 	[ў6A%9	N6cVWVVKto~rzF.~c|xd֭ba&@2\0$s&izsPǨX~ጚ)k-7\"傜\rz]nY}r{vtFKn~_VbzgΜ4U6C;@\0b8,8 sb(VV4UHUQP:\0)W4ڱ$|Fw~7x!AZf$g\nLg1cǮ}j@Xl¨+<JzÏjk^g9\0?z6._~e]<|?ߡ7>$֤[xdb6r\'n\'SٿcH׬&_<}Q瓀95Lh1/|zZ\n)k\0#-qIycw	O\nT0$A\"d|vQ_9\01\0KqEa(4o۝	\'ɗ\'<nRK#Wѕ؝8ޚQ@Q@Q@Q@Q@\0) ?cOx;k{_hcn?(29-rHHrNI>/+oYos[QM+Td\0Hɵ[x&U\"dE\'.C\r1,\"ȓ*1Q\"2Vosz[WIjt1_ci\"\0}mB2M5w9Dŀ\"F<>!g%д3\Z,-@5;wQ>kHcUqjG5W.(Z٬lY;6H9;X(idUQc+%\0AocS՚ծpM>Y,cG\'ԵƎ:⇈h4\'E.ibg޼BUs^ir,R3wm\0:ZhǖcEb2:%)y7ܒѾMjZ5\ZEAn9Ҋ+i՗=Gvz|=*t\n(6\n(\n(\"c	+g\0Rbmn\"u\0$zҖ\r;E_.?(I!5$<WYwmpfs#2\0;p+|Z|-f]ZZ	awE\'̌1*G\\q__óG?=\nvB}m\\%Gׯ\\:GŎ\'M>D\0e>\'>o\r#6ܭ$e,Rc<ҵ~Wc\0#x\0Z|b)jL<4ܣwͅ*[#N[w\n(3\n(\n(\n(\n(3<i3ZP{w.0eIVS) +_g[ᾇc\\geŹ0h8ETP\0--њ;\'\ZūɅYO)u^Իz+S?܎?=kɭk[]`###_ef?#j}O\0W\"JU_DwWcվ_{`yĳ\'OGQ;{kq̒\0J70S\"<\0GYbVw A̛Gp8Ppy<Ujޫ?]eB-Y/-(\0\ZPpPSw>?ړÏ\"AGc\na>|\rt\rxcTNKbK7#P럲I,i\'?<b-+RR9/<\\/|6/\Zi>\'M~gu*=רEiו3Mk;Do:۷;y\r`9&oy\ZĥdV|ϵJPGra\0qUz=\rb/:t~MO0\'Z7>;)\\ GN}s[F\'6$-S\ZS̎R~MTK;T8ȯ9ٯúm(	ppw[a+;A/Gn*]³u\rNcϖ[s#?O/yqM\0%g%L=3)%c{}\ZÎ<;F0\\LOkyU<lPoZ/Gw;ko^:V&3\0}ߦkzUm\ZK;{NW|2	?Q\\fC7\"{ya7.9=rs࿃_\r<c$7Ok66ң;q* gQ-қq9g^q{NykJn#W͚5hZ<?1|Lou|Wǚ㕻h-vHxWյISÞOQ\Zu;}E~~<S]3:%ξ΍Xٟӭ5I\'uUi!@PI\07׀|cvɬxKTn./RhU\'fa寔̥ጯCKc\nP+C (\0(\0(\0(\nG~1m*KhT*X.FHϭ5TٺN#x/KKPTIK(Ԟp&{*=Dnk6]ch}fjv\\6U)i܀(	u#u9Y?_xWVl$\\\0U{G߈^!εV۝fŹkTYY,)\\7پ&mm)O*3H4G+c56w^B=\\ֺ3a\0\0Eu\\\'jֿ>?[\'?׀b̺q@I,Bf*\ZcIso	xvktVx5=|5;+!b@ԕu^:n8w~c[|Ŵbdm@\0ચgk~g햲i>$ǆE$)憞&\'K|\">q\0h+<%J|sP{_:iּ%}ax{;ghFCR4ffI8עxcM1͸oڬgۺ\"z:BU@%w_Oc\0Ahk)ۮS0b6Js}+UQ?^,൳\\f\0[ҰAd=qh)6+)Tm[vo#\Z˞r+omVy\'s\\_ɻP=1ZJk%&hz{5\rIkoI\Z8, c9+c;H84W e来s+!ŰA[ɜ2p`F\rV{pk\nqy}m:e񈷷O5p[\nz6=޾\0ϟ\n|?8[|Y]kE]GFV4v{q%#VUG.\0\0cH:o\'CI%\Z.ǨB9/eihHl**U\'\0ã2Udо!y0\rN2K\\Z)G|\0#$f5 VEO}~п_?mɨoⷆt&Z\0<kK)6n?I%98?\r\"?2Yr׮^V;JKR2Uzp~{5\rP|X^3Ӯ6Mg?*\0Ҿ!JF?mAhQsx\"<}ֹEeK-yiV1k>u:6y-^OnoX-ifI\0\02I!fXVI*__B%χ\0foivį\Z&i-!fME?vY#`?7|b\0F7g\0ZO/4xEw\"HVJ1K-\r~SqEYn(B(((((\n>(富|3:w	B?M0z+fjU#q[v8#QUK\0^|\0xU[Wm\'\0gPXy7zs{:>ۧ5?yC\0]JrGjl[m\'O_~@.&VMp꯷U(,cƖlt$-ɎO9[PйAڼ/t+U}Nj*%0kB1H\'Auex_z\ZVm//̿Z4d7Uy#\0X1|ەQҜn/u+:`ˑEJ{InY.z>coz\"Y$Yln0ha\0/o=iZż25>FTGza\Z[uqYD̲ȳM\"N1p(?FAHEc\r-kn{i\"G(6R-~+i:2^_j	fW	.nh<\0$I~h\00~/N}z_vڜQӟVi>-Ng@q_`o 彗~#Yb(+\n(\n(\n(\n(\n(\n(\n\0zCogxbn\0ܒy816~u_?Vxr,gk[0H5I+a-ݯ>C\rc?J\"M\\-l2kOמm揧?R4h\0,!߀M7NKLcb\0qT>umaw7W_ؐLCfF2!@دN=ό#I5m4:	$qӾ+l_BG\0@3lRǢ#N	T5Z٢ӯ?SlwK6y&mS/C)dOje2A3\\A\'̼[ߨ4-T\Z[oGJWX*4ֲw#u5>=}EoN4\03˝p>?Y|i͢X:.5EJxU<ڻ\nزPéEE1w\"ǖyf;tW#TykMy(\n(\n(\n(\n(\n(\n(\nO7ltsK5<6-|Dm+RNUvx!vaZQ]3Qv?io_M,1y9G@m}E\"\0qʓ^kopֳ,p_Xbf|ŭÀwlBcaǷ=3_dya+{8us4x7JIꢓ͉[\ZNicG\'@]^B09yKejV\Z\0SjZofv3ju\0ִ{[{o:;!T?VX>R0ojS˅hU(zVko\r\"7;e?AW+VᖿOT䱷awH \0m7M\Z?Wf+QeSO^VS*;kwVk1u{wzCkkK,4ww\\6\':|Iŏ_Eo-K{HJʥ8gQǭ}/|U.\"@7)vt[yĨF1G\05	SGCZI@\'gѪ%Rq5u|%zUek+k`Q`p\0QE}q!EPEPEPEPEPEPEPEPxj~Դ}B?;OխezE\"q\"\r/>|]׼\'g少ǙBǳ\0z+\0.\'\'3h\0,-i,l/\\)>Uas_7Ę^z\n/l}c<LkOU\0\"OUDuE:0ib4XL{\ZM{iZ2Mok&XJ*7`{8OW?\0\\mi#Դ|rp$ٔz[QӖUZux\"DRJ$%ί~KEK+L[ZXe#KdIZ/5+qnOƾlq`9 潓?fu`\Zeal	X|=׹O\'oќ#Qq]H[8SP/9RJg]rsw/|uOԯ[ňK2~̠ywz_m6H^;a#.Q!V\'x5a/K\Z!+FXq5F)hJ3Jw~1>x&Oxz8/{5O)b>f8@WCh齝?1J[+$b\'NN؆{	1PW3]/d/~e\0h=cPAvGTL;}DH{:nrPC:#NJ~5~\r/ztyZju~r|Ьf4#jevGQqFv\0v_QS8GḚVUxQEQE\0QE\0QE\0QE\0QE\0QE\0QE\0QE\0W_Q^u>vr?cLdnfҨN3z\ZQ:SU Ӻ?Q5/VE̖4R#u?BN%~h?butccpG]ݔFax[}~yXZΔO?fʳcpwٮϯ\"+n\\=#7SW_j䳽t]\\F^G8#57&>;oӘdmBk(d~+*ɒ♇Ypԑ(˲3O\\@Ӣ#v\0^fe?$\n(&Ҫ>tenbu\0![|NaiL1%Ï~zj 4f-[`䑾T@NK\0g| ǁ1k\ZMۤ/f$d,bدў#h|q~\0%߷}E2;xD)::yOB(((((((((%?kQڌ\'PյQ3؉1B縖R͵X\0\'\0\0MA32w	]Ⴌ6z^U\0kx6]R=-<?`g%GRW/Լ	#7VVylTn\"r=|#4RHzFN:y%\0/SG{~\05`xPƞ=eŵy\nA|1?&{VwR1]6빠Y$8wGЊ4OַZ}ַ46,pYC\0HRN3=ՠEX#U@juIN?_Q\\ܞ%4~j\0c®&hJG*z8=\0_ee_OQ\"Ȼ\n(2¹f@,31¨ɪ7ѦiPh5H᷷y\'1&\'+ֿeOHU/wFht?aב޴7-Um/s,ibrͿ&g˿\rj\r!fmeIg8sf{^Լw[-GuMFQ\r+c2O\0N\0d]Yʚ5oBVH4+9g-0<uǇx=[扨,dkr4V9y9SHn\0gja	sM;j}]~\'UPbl\ZoD\\}\0V^?ï\Zo;ϴ\\xoGh.EX#<\nq+OZv?._G>|dМFHT>\0=~WpqO1:Ք[V{K\\P%P+\r((((((+=\0L>ziz\0q\nqHSqv\0XֱbiP=i(0m-|*?loȾP5חۖN̸qNH\'s\0Ŀ>[_	lປA$KcjFskѵ\Zix_ֳ̒<YeňI^9ZYěXeWR{wWvW ᮦ_ⵯNcEZdeج cnח_~XڝZK&dDQ6r	8jZu~$%ŕ%ūK^`v6[ V|G_\nۏϷfHe!Lpk1VS&U&4jԇ;_]vz]?o#xGCP+sõWl\rifU9^9o\ZjNݫlT*kޏ3x>Zi7hm@pn\0c$g\0hHg?Ѵzo-V6Id\0>|{ElZ괕oTk}?dIrŮuscVK\"qNUWOʣLX$\0^jAo\"J\rME\0CHzf\0w\Z\n(,K=?3~EN7A]Wc4`NqVd*Okq/Z;2k~\'{/ᶟj;x;%ژ`<w\\^]eᕴdQ,ڗbV!ۀ sV*6~$>jƪjBvyf? *G˒{=~\"a~QG%eNA>\nx0TbZ:e{Y;z_dqUj|Fޮ(iu\02y+Ϸą2o]qi_|Q}}宇;4	FAD4qWjX(<uox%e[HaH}řA\06^[wC;hޱ?Iyn\\s͍\0_qQ\nU*a)[t\"%\0s<MIlme>\0A_kͮ_`a;u\01}y\0Pd|TI1!\r{OV7RP&7\0c~[/OQnm8KmSC?ϴqW\ZI26:$v$M	\nr|~*#YثEVܺ%NW<.q~37ZNg[lgdv:zkF{edXsyh;{R9``A*?g6|Jj7Jl[{ G#<L9M8붫[gkJܺ+}Ex_\0EG[]>\rZ?	>[mҽҾ^<dct(\0(\0(\0l\0N_pkI-Z1C۫p~Lu7Z\'|O)-<6mAj~g2ܻ	x˴uvoD$~|O_<U-\'BbVIˏ}_%\0?ogɮI^_YDeX\'qz_Z}}VkJP;Sē{[GXf[NɸFܣm<zW|N&N4WY;T+{~߶ů/VFwOk,\'\ne_=rq_>j\Z\riv3%&%n7u-jsx\"o$YNa_$\'t`zjZ^z=.Hd2Fau0u?mZz;n]vf0}K-/ǇfK\r\ZH$݈m*AnH<\\/ZO]_\rqkwsS#M\'Sˑr	U%;`~ߴwLז2ȤMZH@HLCWx~x3^Kēi:V]&.+Nt׹GOW4b[qI]~5$qN\'BQ\\wN_!\',%.=GF(NӎJSa׾j^xV\ZDh68$܁]_vV[X{{{߹,*w)ܤ۸WK)U=ZǹN6\r\r$q3=rz;kftݭx^_oˆzkov1t/<76%Ƈ4%G3ʸA\nTsہ}5\n/,.I:F`b\";\\	=ӯ\0>jW^\"1ޡ	l<R\"l̖n-w>,NAUFjd2yFV`Uڮxʌ&j)]-뱶*Mvmt֊hxgY$dn$f?crjL=h֥\ZI5(6\n/]k[F)nXE&k-\0{A X፥x-#j,IM3TB.dӽKMuml|b2S_}~\"o¶&KJPn۪GrN$»_QuoWŮDP^x.<@jrA#\\dz?:|6A֬2\\Iqei6ePǂT T;cY##n#1WH8(0@8nnxow\\Fqn=6\r; kygib\'suo;x+)hE$oDbr6K*wʃV|Y|2i=I	8=+6_Z|7ZQC	1FU Q}zYmLo,ܰ񢭣QQq)W/-G7k7\0	lyHnF\0`Cm,qm3^4\0?]xSxuMI$hH2(ڸ8l1<d\\	\0}bWy#2|ds&t\\oV}M͌$x|;UUf˶mvt8ͼV\0y\Z߅e/Mqwďܻ܋hcyhFG>1Si<zK#2\\ųl7p@s]g(/j\\oźPs#lJ>fTU1*%Ig[Iĵė8ؤr;A69jbVN	SWj{wyѧ\n~՜Wt\0ۚw>P^GrI8As_LxS^ouvD.iwjUș#^T#k:N$\0qjVL#\n	vk\0KEȞ!FI7m0tacjJ6mdwK[;ok\r\0ѵ}4=g}%F4r@/yyz0\n,mO<5Ϡ~֡Դ}BJ-讬hf\0A컏1_.%*﴿\r:Q+/v\0[<R\r!`b$^\0CxGǄxu(q	ţ3)8$9r\"f\n%+\0\\2Oc+(+\n:7\n͵sn?sWijjP\\]Xqմo4@pC֔e4^[w7f\Z	@w4\0qxo^-fԮ=!_һ/_|O߆9<Mk:6Qyw%YopDW%w*nl>=:sojPL,q\\I\Z6G*^.2T~}wKy%*5rv±qF*Vw.ȒJmD]_el8=9Z^KOa<?c-<uy{jn_&V`ρt\0xOP.4[6ˉqr9sOݪ[\Zi\"p,r\'k_M{5Oxnh]\"#9ZR72qO5~>u;x?P.u+M4*KkX\n7rwg$9bNiCmvWzor)-b#/-ݮ\Z{$Ro`s+t\r6t|5uQc\rfc$\'\'>-i&}öu4-Ul#pö955OZ[qnȤNEm۲{b,b+KғMI}-o3<hS8Ouo?h>;_wpmo@Cn\ZȮ5xu,ζ\ZTSiFqsvznnxZS\0\'v\'47_Nz\Z$rya«cW9놉8E\Zcܒף6q/\ZxM0\\x?\rH`p$oy]&)KZh_DG9ʶ:0_^}RL7MƸ\\ɲbyc;m-\'jJy~]Y\Zaj_ۻ_v{:=W^.|#ll%&7I\'q>Tյltx7:dMc.q+|a\0\n#஗]&i%O6F?3\rbP\rr?t;4<45iG\0ȎyI#*TF:ݷem5Uh1I:7[/Eg>>%x䖺T>(Ԥ1<D(m8̦.y6Où!Sm&\\.8QָSҴ};MTǦjq[I\r[\\Y@ sӧBA|L-bTEvܾm *y\0s.I5KN[{>4z>eѫ\"I/6sM..0.ݡS\0H$GuG\",+\rTv	oGj!XcUcM_5Z3V:QK@Cڠk;[{[f+w/BHxFi?Z]:l\raCk)gH] $p[hWK{|<ORi4vI|mu.d\\ꥶ\0^	W-JMƚ3MMMIG݂ѷkg|??ⷆTukǪ.wn6:UP@U\0*֭-%T,Hb몵t7`+CoukT?$7]Ou`A+IBJpvkf;+\0_~jsb86-Qcbr~$~Xr8#\"%OO5=z\Zi\05\0>/QExF\0߅\0\n?\Zc\0~(\'Ѵ[=?\Z=Ž7#$q*m }PѼ1o:e?^I?&+б\0֛\0@]~;Ue Z` \rW¿0+}ƽjK9\'!hT$$r~\'׷Lll`a\\QEp\03У_б3wOѵ8t$0,m!rO^隇<E5Ɲc<l_<1\0ߗz\r6{sehm#\nF8$g޹OEX\0:Wm?\0\n>\'7 \0_L\0uQ\0\0@Og|3Ɵb?\0r/j}IVcdsg4Q^_s޲λ⏄t|Fb?TaP\'Q`k>\ZxkM5V8vB^Q]Y\0V7>/Wg=xD|QMqsm6hoG:+\0at\'l|MH%Z4DV$\'$5\0ޝ\0@/Eg?SJ?F߅\0\n͹Κ<Go\0K/$\00EyCOSK;_F߅\0\n(R;_F߅\0\n(;_F߅\0\n(;_('),(20,'M.J.S.','\0JFIF\0\0`\0`\0\0\0C\0		\n\n\r\n\n	\r\0C\0\0\0\"\0\0\0\0\0\0\0\0\0\0\0\0	\n\0\0\0\0}\0!1AQa\"q2#BR$3br	\n\Z%&\'()*456789:CDEFGHIJSTUVWXYZcdefghijstuvwxyz\0\0\0\0\0\0\0\0	\n\0\0\0w\0!1AQaq\"2B	#3Rbr\n$4%\Z&\'()*56789:CDEFGHIJSTUVWXYZcdefghijstuvwxyz\0\0\0?\0Q`p\0QE\0QE\0QE\0\0ῄM|x\"Qm[$HA+^in~\rx70@iC:3I`qwb#8r5{w1]( ƻm/msGqw5C.죪/\'ƀ8:<\rCΨzW(VIeW!8\0Tug{d|4e	\\%m7eXyF\\=\0}}+ݖ\0u|=Kk}/^Yȷ`>	%d\0%zXX[J~gQGq~axF[MOK7LL0T0xseԾ^kz[.\r\rܫs 3O|=\'O\rHRf\\yjץw`W;QuR/#v] =+>I46/hWw\rKZVfL[U=N^[Zw]SI\0OMe\\BAkB3΃SB[ʯ@nIE\0QE\0QE\0QE\0W\n<	.jBj,KK[sz8=o\'NH%ځ-\0-r=_\'5\0AyR^j򙧚C;\0\0(95%^KvYPzQI}MH5}V.O={zPevyq׏Ѵcv\0JQs}y-tuԣ0dȱlf|Gӭ4{{y>w(	󤏲Hۃ W^ա{{*oHXr=2p@\\+ǚGvu$bͽ9I=p6՘Fz)0Oσ5Ely&`2r+?fŚptXyg\0 @\\f*Ս89\"ӕI(A]3\rO1C[%V_Xī)#qI[?#}\0jzÏ^i2F51L?<h~~=UsǛ<涆><_xbݭV;&;;2p+7:?[i#6P{SR졫>ѧJ,lpqӯzYMZJLYrnZ9#lq$\n>&j^*\r/N6r+z-<acg6pGwkpY$~ՀIG?d~Eƫ=zXlWn^rH0K 2(\0(\0(\0(\0(\0\nmiou\'v6J5ۖW`V4,}w/|]jQb9\0U\rxfo{d2N\0vϩ6|/}C\Zvo%\"$\0IWkOR\\eqroR2g#T]n~	[{Hˏ\rq~Z#D1؍vH5bZTػz.pMZ՗y-_K??f[s3MJ\\\0T-ѢUrj<y+Xc]vcD\0Fve#\nL+ݿi?Zmum[tt\nCAm8wLe>Z>݁sXe^Ҽ&YiF+\rO;4k{KFoyKДI\0t_\n,?g?6o$;X	!Q뫉\0B^}>c\\<EMF\nnBߔv|N|6.O2;8;\0gDߦ\0Y$99?(J6Wn8kj^^d\"~\"XS2>sǧjQLMZ[5Iq,KYpFa=\0]xsT:Ilo,c\\q+br^ʓ$jĒA[\Ze\ZwݺaTNѠP\\OS-f՗\0_O!hwovO?>qsruQ*aCFsx \0zfSJ\rj9@/H`4h4=&(ShrIܒk趶\0{݈f36GF\0seq]~l:xh+Tw<ڬ_hG0S1;$RIG=j_ƯZ6\r\'I#!-b2xo|v~kmf\Z+Jllq<zh\'+}:]B&yjn3݅}!gB99\0(\0(\0(\0*^Hʱ1Xۊ\\\'9mSƿ<Q讉Y0ϰH7\0܁Ieigv,K1=I5_~ZXy.!Ww?ާךpHA\nꐙ#YvRUAj*;AҒ}O?;OY5mR6@̙ϲ.Ox٭Nx0\"9?ѿ\n?&6;ޥ~s;_]cz~kun̳Jzop8\'\nz_?fEЬʬ$M80❺Hòc5nk[y6v#_qV+֭K<y#G+4\0+=P(!oA{j|;ygh1e]¼#88.OO\Z=*B[g{܎~TFFG=2y}̩sjyYϏLZ,2C$cG#uy7;Xe\nT z}낯>	R}KCg{\r724*T<G5M|3\0dZ?cMgjx1RI#qdp͎@$㓊\n(\n(\n(\nhfc{1@\n{NAgZZ=ǈi~}o[hOnH?+|Q/|K_o\rw2NDc3W|^tvAd>G#]TMyo7毠ݰ{&Kfp0$\nH=`c^G%\0#ePd\\iSqߞэ\\e8KkZ}mcR<(mľ翿@2	# m_ƿ4(.An]~j΍ͼsi>%ƕp֚s;Yrp#AHYJ|RRƚ%ގ]SH@ZF^\ZEA5	8e |Q=%}n*Jd)?K$o\0BfԴWs粟\'\0rpFx8]>!5O[ Aǘ3~S|g¾>?,nͥ\'Ϋ24iռipܮgټf/Qitۘ\"TVqksz8¹UxԽ^.au*n.׶v<k])˯T8zX&*_Q(\\&ὀS|\'y_|)\',χ,k77+Ş0#^>jl$kZިviSuYޚb[ɏC їMshۦM\0#k_$Pw%2A*h%gAo>\'j:lIP-Ew1\\uo~+xU,ntm;MЭt-WW$F$$rXs?ߎfwjD 4=V\"˦<4lX\nE>,cKBfKd\'|\\7OgSxkI:]ʮ9#8I9w㯆G~kwIOq~5ύ:m\r׏K<(O[ZzXbv<8Uq9%8P־!YB$rF7\\pA9Ke{鶇^Ҕou<A=ҒGB\0\\#V&mYvg3 \0iIU;To7\Zrq0>8SM]4v\0o|9\05ƆK/d,YAXr\0`v}^ ~Ǳ\r]g[o;+,7z.\0Ԝz)(\0(\0(\0(\0ū\\xAEu\0YF`( B.FrO۷eO\0/_֏$WWVk--	ob\"\0(;.3Ҽ?oSIͩiɧp^1^viYRùu3%SN_cw\0|2t+OԷǖ99>\03Oxfk64\0,2KKza11P*ö%:/\0NڗX\'}×zp\0\nFdeRIgFi_2[\Z=\n<c˯o)~ڄ^GVZ:z]~`?7Ox;3[I\r_Qnonn\n<drT \\\'ÇƟ3C%Ǌ<G%{Rc{vʐ1+Lri ]eɚSWm }z#:{޴G%b7$j\Zp8Qn,Fk\\F;V(v[Ν\n|*g~ş	_x]~I°&k\"Ww\\<\03|7?i%iz;K#	g%eTpyW\\`*6zW^;%kWg=vC$ʕ^2pJ9}y$n\0=>xWuE𗌾.<?mg=nL-Wyg-95\0\0`/\0-k@Ϩ@Ȭ#A2\'$.4&ቌ6w\r_kGqGw(\0PFʬCDp׭\'D*c?dbwG0ƪ\r\ZٽӧtEO{?{;ƯxW\rj^n<=l,i50c*-#Iּ	w:]Bj5m6/}8cn2$U7E}z-:_DZĎ2u,6,:?ZA`+E\ZNzSe=={-~ӿH5ıv=\\z,EN8fiځ͹Pw\\1}ù\0?W|kzf2|l27\nP{-.ZζY+y䃏؎q}~CRs.~>%(&Z+<(\0(\0(\0(\0?f̟@qu\'P\"O@a^~gl;7;DhbIxޑ6܊ЬcMm-^\\Cg)8nkZVA4[_gj?qMʇ\r7-MFE{R/b+^	=\rR\\IxǧRGTe{\'EngTI5n]6En2QnI4eYIf;U+{ς_j:Aٻq9\'ѣ::ju):_|Ek#B幐d@ NqB\0xjv~\\;;u8=_we=?=1JnxQE!EPEPEPEPEPi>8n|OK6<oFo4kk3&:>\neV+᳌?Iubt\0/\0u(;]\ZlvW\0nc&5KoʟEѮD*2>~-%mdm[Lo9Lc\\4=}^[S%ɉݟV\"Pd-_g>cj~7D<l7	-dv^sJVRB	6GzY>ѫCyHSq{\0yeJ.U!oy!)H?ۈ<\'-2RV[vlo\nN˚/3\\S,lam#4vJNrJ|EJrtcʻ^Mn߅??Iu\0Kx\0/|zkbUFQa_AØ{UMyb9i_EèB((((((\0_xy%!\nE2[ZinʰJ:޼t:St+Y2y}CJ_\0z\0|HԦ( *],`zX T7	og9$5	TH\05Np(<Č~Y*̖ۖ3<g\0#ھ\0)U}೩Txڊ(D((((((ߌ!\Zأ~u]|Kmm5.Fk$dl: <#JK_OU*^\0\0[\"kZ^mzEVҭrctv=OTC7?#I95%r?!HqSd8ekiږ_ \\B=_{g?/|Vmf}O #r(ՔU?+KHBEMF!\0G~.̣Z(h\07\0FwQE}qAEPEPEPEy/S/J{\'<i̖%ޣ #st䐫Ys_;w]Xxj\0I)9=g\\>O9Hʦln?7qV+\\4Eo~INeaJweϱ_C:oxc&2/g|eC%p~(.*V=hmu\'_W^\\I4<ݷ3{LssJ9Rd_HWc*N\"mKKS%=&|B/} $zֽ#\0x\'#m>2gh{qppR&!KH80VHnS\\M7[=apn ,RAG#$rZeqራFKi~M;̧+Ӭ*]6ד=[Ez饚F鑅Q@)O;\0E~e_Z¿TBth$LNGïGoGxOĺo1dّ[f\n7+ܡ\"^i?ySQE_-t֞gXfy{I]Ǡ\n3QOOB)8A\Z؎ɨ;zo 8%nO4{Yo1\0î~4m6*FpkmsYU@&eJO08W.xE^^yDZʏ~^-\'},	<7\\KY[5WTXWmߪw>k4ӗx;}馿=\0okE5֡TFBdA#5\0m/\0)^Ԧ\r\0~Bu }ާ4Pi>bHDOL0k]6ky5r!7ƙ]QGԋ/m? cZmRznk?MȲ Nk\0V/\0U0Fy(uԿ؛um_5`cKkA#|6H\0&$>J\0w7[?Im\'/<6)Kܗg\0C7\0jWxV&0H1\no bXxhm}uO\0E?)QԫI7vܧw\01\'9hm}uO\0G46\0>\0JM?H;46\0>\0\ZE\0]S\0EVK\0>i\0A̟|N🌢_iڣM3ƫTupG5jj>f?*<.+xW+ua+7\'oKՙ!T5-=i8C◃l/Y~$U\0HS&=u^\0\0qi⟇~&J7=Dr4xsKpq o80ic>\Z;Ko:?㏁X2\0h7S\02\0hk-\03\0\0W,?6\nYa\0ɴQO[/2\0,?#߁\0*V\0e\0&\0\0W,?6(\0Vf̿K\nYa\0ɴG\0U\0M?ռ}2\00\0Y/\0\0\0i+[K┓\ZIa`͎avH\0̿~O|SjX_A.w-H#rW.Np2zQE|yUWRR>f%ҍi+\0/?.hm}uO\0E\0VK\0>i\0G}bsݾ\0m+|&>ƞ&HehS$&3	\0\0+ԆITb{JJ'),(21,'M.M.S.','\0JFIF\0\0`\0`\0\0\0C\0		\n\n\r\n\n	\r\0C\0	\"\0\0\0\0\0\0\0\0\0\0\0\0	\n\0\0\0\0}\0!1AQa\"q2#BR$3br	\n\Z%&\'()*456789:CDEFGHIJSTUVWXYZcdefghijstuvwxyz\0\0\0\0\0\0\0\0	\n\0\0\0w\0!1AQaq\"2B	#3Rbr\n$4%\Z&\'()*56789:CDEFGHIJSTUVWXYZcdefghijstuvwxyz\0\0\0?\03f\Z,*zELb&1QVAEUQE\0QE\0QE\0V?> -uxVM\"wMwy:z䞀Ikg\0>Ao].W[UWHF%c߭DF;S)(2g|(?,xtZ90ZN>>?~?ik?(v&+Y,Pg yQ>;3oz:+Q3_\0gh.mmtkD\0[o\04ꭩcɵ}	?5EgNY\0\0h\0Kw\0U7=\'.Ѧ/-T	\0Duwy8Q{wl\0^i~2ӖGԴVѹYxH\'MczzjZ.ܹ{yGe]!Q_\0?R?K\';_cԭ2McL8ܵy6~\0|8ukM\noDN@Tc]4F[u0QETw+RPFh&NMV:=Z((}?Zi*7J)@\0ATb(\0(\0(\0(\0(\0->[#P$0T@bO\0M\0I_)~_UjǈMR:_㒀\n\0^ᰓ?u6Bj\",Kʴ2\0w/ėwK,$1ww;I=Z؋i?hڋ/YqH*O܆!3y?mY褒\n(Q@Q@Q@jx/ßZkZ}j/fh)$+.\05\0෱rxkqEbQ(coLZEt]jzE[Xĳ[A )aea) mkk\nK/Z̛>BnI-~lU,CZLᭃOXW#3㧆h߆<\'.\0lnE)8#	뫻}Q֌(\0(\0(\0(\0(\0(\0(\06kC$R5%\0\0dҿ\0TM[:m3ݬ)2Rm|\0Y!!߆npo=2> Nr2;k?-|YҿQߕ<AEWQ@Q@Q@Q@Q@Q@Q@~,>!.K&5d	deʟ۟߇iZg/w7RL20Ķ.A 	bO7x?3Gcv7.B1m|\\tP^&*[TQEzQE\0QE\0QE\0QE\0QE\0QE\0~1\0j-okPcut}*0deD6\0\\zho|iMEu!(I&vPR\0W9^M8 +	j~^Oٞ+2j`ٰAG|fOh55$JT9G*F1`F1uǌ*4Xuޛ4)nK\0xk\Z.u\0JL^q^3m^N=\'tMZR.YB((((((b#9v\0~=#$73yڣZ}S$#7}LzH++\r\Z<Zfy3`6[\0FGԥ.h&x6(((((o^+>)\rq_mDmw}S^/\0\0~(\\o{\\۟8q}|Lʂ?袊Ox]G\n֕Al@	?&b;_;׌bmNZ$?g\\I,Hr0f;Þ\noֵ\\rBnݔ1~4+u#l;INu)I;-S}wI*7\Z:յ	?.PH\0\'	o\0\"[{aRl[w,NNg\'9^ɯ\rZ«XΜׁUϞOFU,#O>xh-	sՔu${?_=Ѽ%ói!u=L*\0q9ď%!y5\n%J\'Qu<j\\ִ\03ҊSJi}ĐIl%	ϰ$fW|ifMk¾!\0ńv׹GBB>(uF舥*\"\0ºnJ4V\0xw]?%_]3J}\0	\0t=9e+9VI|TG^YylT\0>G\\cooqerc|8ҸfxhFqozxZz m\0׉cV=Eim@y;Ӆ?|7>&]n4*J@|a௅jP\Z5S:eW:67o4h;mnR8,}ߚđk\ZmozW~\0	GyvuHbhFHh?eNkkVjj6gR\'	n=o-\0.?icT/>ku\0z_U\r)i|-SwlXYX[Ć~k¿vǑQEqQ@Q@Q@Q@|\0\"?kxYq݂]\'ו\0xXt>ɸ\0Q	dX#I?zγ7pL[b\'86\0x0|sćX-5hVUǆ5ue9ᇛ`q_?,-k%}ugȏ跞m:Kp\ZUDD=^Ie,<OB^Jt-VV8X8@HU\r\08_þ\"qy%2\0Nk/MK]kwZ?K: -$rW xLmWm}#<[}:t6rTE#xCNq}=WQW{Oa-k>xz&4,_$g~>WS-3=ϐ㓓!i\0nu?a;x\\6}WM8.\0C ]<Cgh\'&Lhd,đ	*؜ǹk?o|=4{>#`]9]%̼% QJ3LNn#NWҎi;IX7_#om\'PխEŤ&8kso`F<a%-\\pNx|ܢYE\\(W=征r|o%hBar)eʒ0@ x%n^[(lgQ$1D$=>`67?ioO~xIVYs/QnU\rݸ;Jk}o_X^=f2ic@\ZFM:\0	c^kմ/LҦnV6eé8djIZV\0y5s)~F4x~{]JSkŉMJ>N\'+M3ȱI\Z$#t\\nF8^A9wyh\'S\Z#Mnq\"0$`gMx­{実j-̊,K[	1+\\/u\0Tbyu~61yrB2G_oq\\E|D>>k\\!3<[yNNWP߽?Y4k~c|7SS>筇Fy|\08/5O\r[Z%\rķmM$	,Oc_\r[cd{F`}<kˇks9S~|\'\"_3n8|_ѥ5u|6&?\r_wnwy+#XW>{fQ]QE\0QE\0QE\0QE\0{\0\Z_d}odc_U\0ǈ~xoW÷;%\'V컖5ueNVw`)Tv?-&gٷ:gH??\n:\0w\0ɷZ\0+帑\0|}&Wo*;J{1ųֲ~/~\0\r9j$ݽ֡$\r\\[6NwDTp0\\\0s-h\0Ѯ\n%>{?;W=3_\rNjm}+I\\6mzw,5#Kq;h!+p9I\0{b-lB2Y#!h?^Hh\"pzj\0?ekųhsx6ԭ:xWN[b ㉥(]kckZr}\05FZugo/\r^\Zthl<?s1B.#4i|8``E\r|,߂$A4]\n{itRXĐ	\\W߳=~6mAe!qsss[pT2gUݷe/_|i\0 umd0^Cn4 <\r  *QR|W0T6E>e\0*ޘOj1jG֭MJGk-ETԯ	?gtpou6GM<%,ǀ\0$_w9k<U=\"K_xWKq/!(]#yvU;Q:傻kVTn?g΋i\"ݮkFޫ!q.`mlNv^wc\07kz]>ѴxYK u*eb|XV+\\O1/+o\"{ʺ\0=+߂\0k\0421KyG&9pF uV eJ84yeR8iUw~j{\'^Cմx.絸i4᜞ē$IEӣYnfXA%idns7\'{|oݠ>ڸZ\"ڪ\\Fc;0~RJw=ӌ~c?i[C}>mѮd\0f6o__\0IןxyC\0d?n<ᛈ|CTֱ2qƎem00¡#*\0\0j\0c~ɐ$~IM{V~tJ?arO>f\'QJշA޾)FZѲsL<Q^Q@Q@Q@Q@xǏi<5\'TM!-cy++<uw\0F+g&$_#pЊk\0<9ד}T~(~ѿgdqo+fxF\\__5mOcì\nML=Ƽw\nH*TUҁQpG(*z\'[_O\\Yܢ(WVx5^_g8z\0,4mȾ`A籪ڝ_ϵY5? #[k\0_,w#;emhD?u\\olW>|xJnw7yľ_î%yʟ\'w<|iw\0_m{^5\06UtlXL\rD;ʁ޵YynޥfjEc\0W~3ᮨK.#FJooK\09[TmNHD:H𽆍oullEk/v\"T򁑐3ēO\r`%XP<VA_N&a	E18B|ߡ\"ռg,d)^$`F#ue*/4bRU{y/MQkovF3/݉6sRhKMOBILt\Z&NzV0^yMYwm^.OԬ۫؟Z|:.&KFSḏ3eż*F#:H풎\0oxS`ex&=v\\Z[9#T\0frGpWԘBVԥH4-F=gc.:\Z\\%gw1Pj~ʪwO~.qo&]Ӽ1ipkhP\n\r9i$l1&a߄{7ۿ~;s+(\"\rm-^\0]XI+\"%$C{xZ<$/\rI#LuFuJ_aC.ї589\ZK{Y/Tt!H@⡉!IOZ7f6-fsjj-UPTzq5Zz3cw*\rygi9{Rn1n#w\\~9_?\n|7-,6ap W߷Ğ<SIX-wu|ojm{㝝q\"H0^}H{Zݛ<\\<C?]6\rMaa5G\0\n\nzA\0g^E$әJ,۰	F}{zE$J\r!K޿QE~|xQE\0QE\0QE\0QE\0WxRޝѾo^^]L\'c庈dM]E/{;UG_>ek~WȭŶ#Y#Weo=3zQӨ\'~\0\Zu+\ZƖfKq*I\r̻{\ZNkO;CRխJ, O\'\0cz>6geq$lUՒEajC\r,-}tU[=VtQ3P0\0J-yz6KU|47SH\\H@{1i]7.y@x~ǹhOSNa})h\nܟ4=qT[lcUUlӭnvU_S@&b_I\ribJ\n mڶfX1>Z}q\0뮲þE:Ydu_,>\Z\0|\00M(Ĭ>u]Z6F+Tt}`H2n\0JGSЎ8QE\0dV$&A3*Y`d#m\'j(u* A\\ύ NҷC#%?+/Ҁ>U\0\0nxZfjhm̒Gݐc	)Q[CidBmr;#z\n{Iǹ0MTtayۊcN8_E+=Sb{f1\0g)R\n\0< Ė1_Wx\ZCOCm7/WQb/NyWFƨj\0A_M=Jϲ_~Gĕ}S(0(\0(\0(\0(\0G&\rGp}?멗%U`z&;\n8yi~=?tkF=@o?{RVfa=yoi7M;Iڄ`럛ӥ~Wq#)ԆnZ%yK\ZKy6ۆ@`Wڳ=ly⼖_CW8^(\n(\'uu1wcr\0QOsbR11si|7%<\0;z\r F	2#&Gr1@\Zcf.=1U*m/f+|u߉Z[=/P0DrE(_C&g##޻?S\ZT=@)n4QT7梁J7VgK#d|}\\эY#f\\OF;RnX8^9zs3A\ZgJ\"\Zy̑>tSڱ=M<5\r</jkz}g\'0UW \n6oQMI誱bco:1\\\0Mov9e%s^6-o_hB݂~ZɳS\"Ҁ04x>ͤZ\0<E/ ~8,}ߵm{UPű\0k	q*!m\\F6jWoS{n?(?zgoVӅwo!5_dsaU)|OW\0c&AEWyEPEPEPEPEP^{Nx|	U&*](k~JUWZҢt{aXrpބ\02h[UN3zŏEWWtn-&.,hN+ԴEum2(?C~\"Zvg鉦\nEm̍辟MmlvjJ)(\0+^_\0H>I;\0g[˩xD2C-Q#;zι\0Y[ƞYB0\'>VtC^jk2=Ao]M(Gfb?J,+xc%葨UZU}q\Zʋs<g\02סm~8*Mx7\\&Ѩ`PvgQEV5=j&58- \rKm{\rScêt#ґM;2Jđ\'o_cS@\']Aks\\{P~\0gzDҬ4 ,OWM}{4r9nп>.iĮ?\0kij\ZɆamnHˑ[ꆽR|+R{ɷ/\033*QE}Q@Q@Q@Q@Q@Q@Q@5~^\0F#	*\\~#iXݯ&#}}{\Z#WXW~ԟC#|i|3BWM>-/vz^}IU/xzE,f__Ƶ+O`+;K\rg#5KcSo1+<q<A$fJ>hdi!a\0Z2qwtJS?OI|-u-97jw+p7lzʲt$b\nv~?ʾ_iRcTz̦S>MIs$}WϏ>X\0ț}e\0_{?>4!}\Z?~u%qiMWъg\0lgºH\0;7b8H⾐>evvQE0ՎC\nʹNdqmkA#]놵iw1q3%QY_n~{7&kw.m[M.s58z`2\n)~N\rg\0?z6wQ@08:\08?@dsU/\0Ùc\Z]~4=6v#OS}^z1QvGr{QTHQE\0QE\0QE\0QE\0QE\0QE\0QE\0W_ipS$zީDUea^~etj|fu౓UU!]thח#mlz5b\0|3/GhDBј9+ÿґm}=~ο#凭*2C<=eZQPéZHF ͊wz\rݴޫM*slQ@²grUn[6̭Oʯ@\0(,LUFXUm_].fX7W@ڦ{_\0x(m5|@kculyr7(?n韧\"`cU\0UU\n@y\0챨+CV5Wn]eu$kЫ~ᰱusI_#3dbei/QE{QE\0QE\0QE\0QE\0QE\0QE\0QE\0QE\0Q^i{5˟-us=:4W\nXƹh\r\"π1W\ZR=iFMS>!(x&\n\'ƹ6%jҫRUeye*j#V97W>	X^^%L76`z*OX?}1xP}	5wv7C2IS)f2xlz	/}4kᾲ@FR_iw3REqr#\0s_5Z\0\0٦\0-\0\0}kZ$EUpָ+0*\\>8dy\ZC37ק|j٣P#Bz8@g#V}3\\lf3LwoJ:+^qxV\'5\0}Woi,ӯ<?霊1\0#~u5~|UO/Oԇ*#kXOaܯԸc`:G~y9tQE}Q@Q@Q@Q@Q@Q@WY/ÿ$?>(VἵbjC5O>!#j=\rH<;Ā\0ɯ\0\0kM-;9{5`G?|k^\0aS~/xU}u9aIFNxTPO\0RUId~\0mۍNPU(3/ZT{g}N)\"~\0> \\j\ZJv m$gt!$,2TϿH/7g\Z_izҗZ>j|qY哤q(`X3F_3W_Uûǫ伿32\\T_-\Z#_<Aޡ	ANWǟFl[ۭ+kWsRG/gVWMU0OoU,?hgE/hB:P{qUkߵ]::-+&GÇ\0 כnbC(k/:MI(?\0!DRbmS\0<\0s~o~ttS\'Z^~)+GkSŦGaj\Z(b^]>vQހ*O+ړk)?Kx3U?(Ԋ\n<\0ma\0}o#\0ny:ƃ(˸S\\+\07?+eVo<A𶡡}j5ݥbH#aPks9kXꞍw_01R{}{\0\0n+(?8u\\IFz!oEב}A_	~ߋ<o3K#n|=O>2Z8Yv|\'a_<}K[r\nXSMŌ,!KMU=Jt+3U?c>qB4!ncKJV0C&{~8\r৿>]C&2kZ-[JJIp!z\0(\0(\0(?jo,\'	o\r.\0Gf:\n[h˱}ow?a\'xx$֚u3Lsטo_}\'|;gďh^\r;;\"O,Fkg\0>.|V$/CWMRk2pb\":RFOLО4<c<}ĸVTCځ\\(\0~~?xeh<aa!t8+^.&%\'q\'D|aWO+~4ֹyo7)P@\n**\n\0GsC\n\r=v\rDd/%U1\n	XfR=\0?\0a;V7XT՘3ȍBƤ2kW	\0w?`_Iy|\'.7\\.dA7V㺞D>_!>|Gо.K7uK=kA֭qt #AR E~u5qʯ%W~>!t\0//TQE|A[^<\\x+6Az\'QM\0t4ԩ\0]C*Ky#-\0tAX>(>Y8ocU<A=ldA7j\0骆.W\r3v﹬˟\\LUV?qֳNYR{ٵL;\']-S\0Y\r|W(<GF<9{A$4A~oD9y1ֲ9t6t.	=hoc(]!/r9sY4\0TY#J0ܬ\Z\0Z/|{|6\'a\0y`fF+\0h\0	ʿ\n5xP[.m\r=BlI\n	v3-a֦u9>/\0?wX!(]zC]8e%Oc^\0\0L\0gp_7ԭ!ki7fӵpۄS<UѕГ6l765!xt|6w@(U/_UҋKkVPSjz\\\0ao:7+w,~%\"3>2NxZ H<\Z(5wi2muMPtזsz2:+WU&v;UFI_C\0Kk{`b$ҚAsݷC\Zlqhp	[]*\0{V\ZGx-Ʊ)z\rce+ܜNtЯً/+m~,xI.JҼFE#Qq&s.z4إYY#etpYNCЃN(VڊGaN\0+ԾSknΠ\n\0}6l ZCkJݢw#vhҭ\"\0&\r:	\0Ml^oxRIxny!1ɛÅ4V8=:*Q:SSP_\0kt>*k^Yˈﴹ{<Y7\\U*X`ש8~Ӟ8&:ރ|ѝŐLSFrFp2 \0M?-\0m?\rKK>yk\rZF#cv.#|oVzye+ڝ]%?O>ln~w9>A0[Ӛu|8/* 65h;eqa\\ɧOva]eGwg>\\\0ql]gpS-ɷ27bA8V.)F{kq_~TtP˩[~{S9\0_حkKqf-J%3\n$ȟRu:(o\0H	d`aa R:J3ZQ#s| -_%)kk\ZR\0%\0n\\פc-Fɷb=ORw<\0P9ڧB>2Zsi\"(S?*cy52L%*kQm,K䆐(ͻR&5;m;oSW9\0\0\0?OҺ?V\"\"ƁUB\0;VrphJ(x??\0b!O<QiҤ_\\I	޾\0k\0\0E\0'),(22,'M.M.V.','\0JFIF\0\0`\0`\0\0\0C\0		\n\n\r\n\n	\r\0C\0\"\0\0\0\0\0\0\0\0\0\0\0\0	\n\0\0\0\0}\0!1AQa\"q2#BR$3br	\n\Z%&\'()*456789:CDEFGHIJSTUVWXYZcdefghijstuvwxyz\0\0\0\0\0\0\0\0	\n\0\0\0w\0!1AQaq\"2B	#3Rbr\n$4%\Z&\'()*56789:CDEFGHIJSTUVWXYZcdefghijstuvwxyz\0\0\0?\0\n\0h4<7-7\0\0U{H\0\0}ѣk*1GѬUUTcV*4cN<1B4QEjlQE\0QE\0QE\0QE\0QE\0QE\0V~/H[{KO9N{Τ:|*%2ErQL(\0(\0\0wT%ѼVF@֜[@\n6Z:UԌ Q@Q@Q@Q@Q@Q@Q@R3RB{P?+⎃³k^\"ԭx!Jݑr}\0xg֗[uF	(Mq\0z\0jMk⧉Rk.mPtp2N+ftCW%YTc{P:;RS\"RoͨxW6g(.oվ\'jOƶo!T/x~p&3qߥ||ʤD}^+OHA~l-skoԵ/dw\\j7L3G0^	F\rʳto؏~x^ktPCv=*?e/I3I/Wi7neTw^Im1s\'sI^oԭ獊FSHǺlc{]\nIZik_Iֵm-ףZ^I窑ߚo?Po2kq5H=<׈A:GX{qSjucSJH?A\0Q<Gw^sl>u>ݫ/O^Z67+iVX̤_|%ρ<3itg}U8Ez|kJ}OgE|;L=\0~3I:|I;1*1}?oqݼr\"Iu<p}kڣ^W4ϙajЗ-UaQElsQ@Q@Q@Q@Q@Q@Q@Q@Q@xg;|fb;\0 1*6$K(8\':\\z\n[\rfKkyyr\Z\r$Qѥ;O\n\'=g>2?g$UEFZVv=y=\0\0WfPN;>)TkE{xڞuqx[Uf۲(^O>|,|s+Z6Bi5̃bpoW_}\rJ\0V5b.@0^?038%A澒Qg]ܬg\0~yg)Pxӣzq?eo\r+!CuԮP=ǌgv½JY$>y4S0􇺼0ro\0{tc:Otl\r/Omd)Vƴ(I-YUݿ5j\r㳷rJBۜ2k>%<?.\r|,\06uP \nl:a<{},¤t$?}I$mT֝k1H\0\0Wߍ\0a;RCSԒ6O^iFm|Clٶmn,]3ٚb\'O3H6;z|w/.w=Ezt]e\0	iE˦=~e\0k5N6MhzfOvֳ7_>q_Pſ6&q5o$;m(?y JJ8o[ζۙ}{<UD˚;0ЭNj䶹99CnWR2#RW_M/\rOL_+2HJ~[uL{(?f80tAEV(QE\0QE\0QE\0QE\0QE\0QE\0QE\0W].mp<:j`77\\Ո={:tSP-ltgƊY\055N|{#XUU)gnO{[&vF=ǽy+Ӵw_\'b4x_x_)nn&LW9#=XyI\0e?V77ٔ!3(\'~o\0֋5ŻOoe,Yc(ѓ3`_Uu%04U٭/˘{]uQF~gӏ,O#[[-QSAc%Q=FeQ-5${.SeZ)F6Ji%Q@Q@y\'.i7R<*ֲ}Y*}&Qwkc俋KCִYJ\n7$eXnoqҾoI!9mddWXȪOQ++\0h&@{c4J2J~|;霃O#=X|TrwO=-?kFu\roFg+i^):Hz޿R`߇,Ғ#48=>+߄8|?Bֳ[Χn:0V{\r{w~,h>$2$)\0Y	;eOFX~5~-Ғz=4E\'巯DeEe` E-}QE\0QE\0QE\0QE\0QE\0QE\0QE/ⴞ%ei<]õW1pXW\0H_\n^nݣ8_^\0X׺;r6z\"\0ly\'F򯓵]4IzV1$Ͷ8ncFrks:~yPuGG	*	L|<~ohj$oçi:t[-:n20+c`5g_ԛY]Y/c\"u_SiU0>5|@l3,_\0U8\n=15p{?ِ\0tu!ӒEeX05>*!:_9#^]ʲiQw/㚣sl֯lU]UoVu)]R+ٙQEr}cA7_\0rO/G?͇1\\-sW^\0R\ryvfF\Zu\"\0NbvR˒q;ׄีWJ4JQbP+o+mX/Ysa_Le}6KQʅGbqJO/Wd?\0xgXM4!=WW\0I\0m\Z״VH \\s  i!kSe~]QEtEPEPEPEPEPEP_+Nb\0k;m>$Y>	\0Uq+;b\0qߌ\n4#q^d,s첥~y_U{7umR2aǷo5^W~ZXX[K>fY&Mwe\0c@~Ux&MFG]KlGIn;fBA8;rFNxrZkP3}O~uSݬיχk>TUvOJ\r+HiPJrҒ\0_ƣBoj\Z*ܞX&70\0X1c֊)]ƢER|\n_ʯ\\mu^9b4c(\rr[>++xR\r&n^Dqnq7$m\0k `Ck=cRIL\01_S||mdnyPkS<tev5|Ukek&Gb9(Wd\nr{_q6Q]\0_;O7_?Vv;gYp+\0dگ7s|[_&rx}9z}OQF\0?=\nj?\n(S\n(\n(\n(\n(\n(\n(>;\0e{]qcM.^Ożǹ`Ǜ5ƺ/%gU.aG\0kK\no$_,#̚L\Zaw2D${퉇W»[=O@.4#`P>¾W:jGpK\\{?\'-WWlKamgH&he\'_`xO\\տe6/nqݖVmwnKWHci~kIy){4c}Ě4gc7k\0h(iK6,S-ڤ.ݐRǶQ+\0~~mPxNU̬\0K5KjWsxTfps\\sImǒkS4W)~p}k_xoYo\"?}IX}pG{)P[?VebR \"ϰ2AE~_AϏE>i\0	$Y4{w	j*;25v/#%\0.fUlSAl2t=SNʥϠjg9khzGum2*H<>\0m__>8|\'lWkF9%N$\\݋jۣ]E\'ro+$֦r)E6vuX%M.gMx\0eP꿳i<֣K\r6	3\'9BFH#??ǝQ/\ZτvӘNI %86@IӅXEGkDGvikm^T~$%xs7|k\\6ج֭RS豗OW_M7,WQӾ1|Bk[t/EJ+Ɗ@*sF[$=G?\0ٷMo=&-5}2!\n%ALt瞸a9{-և3(e*x`y\\NṴY}s}~?dO[xGjL}ܬn˷c(ܹ<H?>2h?\'I׭VeF1xvtlq\\\Z.JIٻş?ϏAM5Η}S^EH4Xtd8d#_j-G#:a y@sӠ5?SZ,ᱰ~WVˎ7F d^9z?}V#Zm:1:J{\0լ?o6FAG1eϔ?\nʯ O5-z0I|ƹ[\\8pq\'p$dsZ\\-a|MKP+<0(\0(\0(\0(\0(\0(;j[Yxv;E70^Oq,A4j\0<x_w=9,fsIUYIc=pG?s?iZ]=Ȭ.\0w\0Soxǆ|YwMu\'ڳMg1UÞ@{J2p\Zh6~9U[nKN^%|m.2bE?il|}$>6מ@wV[3ќ?~\0f!~RlTWdOU\rw\0`xZ#߇U\Z.e3$`-Tƪ<ߛ8\0߁	COn	kenKLbَ(v}I$s\\7^\"?	lu	ܼ,A$;?XN*2Qw]/\0\0\0xs<qoxwOgtó?JYd3O)OzΊp@@dAxWƾ,>>Ž#VWy}dGlXM;sիVK}KBds$ʑb3g#-FB;q,rdWٝA ׽iV|8U%f7c߲>C5y[V0<w7!ӮQ\Z6F.<&WvҮl{u{o0I9PY7pqzw:s$#\n@$d~gGj:8\0^\\BNjqM?t[pJN\'wTˇo4G][p>*ZIyw1\rCwAYvR\08_\"X|=?_<A뺮K@մQhl_KKk[e`-mD	\0ن[`UT˅qӷ#)VЗo.=gʍ-\0?-\ZG9Z\0w:_ڒ9)xX0#\"=09||c~+i\0yLHFܸX[4 <R?Wwi🥯\0cUme#_p?AfGN{y#ό)ݭkYh{|W4xRo~U+2EY6gv|ч)4?鶺^nOgjaz*={Mb!VVJ3r0f=b{G,0\nYu/^\0\0?:yR`:/8	\\gk[D➽\r¤63F_i$B}Ӏ	=#=F\0NݎT9\09~\\~&lgYؼs{OQ<^][s]8_a%\0xkPC$SʟZH8ovLFO2MX/m#U\\mo_̶\'\0Ex1=HjW\\ daMz:*\0pyh=X\'RK{jG6jRiݭ{hۗG+uTQE}aEPEPEPEPEPEPfr_J:#H\nψ_\0g\nYh>XP9G8\0^oWS/m$#*v\n\0⧏:Y	\"\'bOc_q<Lk?(\\E=Tx)iOg}\r-r[O~J8s`rOvZ@J\rì޸~MWVz4||?LWQ*{:a[FQ]͈R?*T=[<r\\e{e]FiUB(\0{R$&vӃ\ZuOzQAFm {]\0V.iK[kr3r#<W>+Mάd6\rKz롦9SO`2L8UE/݇oUΜ%kQG_CY\Zi嘒O	|+x\0Ě^6\"Pmds\n֮Rо!jWIo4rF}b\\lH:8ҩA;>[\'8,̖vYes즽[ú>,t}g-RF} gxw2#|dd8\0zL\n1tݾI\'G|GI\nnI-=XQE\'˅Q@Q@Q@Q@Q@Q@|iojZ,nSKF8Waw\0hC#<~|iTɹ<?[?#|`lOw#O䛲zfӷ]lOmxE) p&pv~~˩y-.>t\0ƹ?}1o޿\'޷Kvխ:\r@95Ml~%RUyik0.0\0U:tsC\n̹5EχmY\ZiXxrjӛ{]<Rh4\Zyo\0h߇WLfw\\0\0,MjZ#B}bLi\0MNk{8mY5Afb\0\0zpk?k3ƟºvYS\0G-W]㟇:_-=urT_c^c~?7prƑ\Z`UZ<ع84/:$.$ zƟ=RFctm`ypZoí[AC^Ĝ V(=9S\\3ZوY\0GZzq]ѪooG33BƘB=אk\0Gyy5&7,h\0+Ѿ\Z~U%[A;\" ,vF*zpvIX>SNIJ]oc4N=f&WJZy/nޕ$Ԛ-g2V]>O\0tn|L?;E\\jW뼮G6_eՌ|\0\\=liTq}Q\\x~zΥt-4xi1̓A1]=	,u߈CyvV1;KrGC7i%OO)ԩvޛKk\0KseYmK\ZBn>/oM{;-;C+8o!߷c.#{Llk&((\0(\0(\0(\0(\0(\0+<ןcU2\n-B[yIr# B+\'G_z:Xag+N_5򏄳K7y{g5x#OX^j\0Uv4Pgwsnv׿=נxIh0\0X#gg=rjiQE|N},]jIXSgS.g[[y%`cR\"b<(&)Y>Kd\\\"By4S/\0+-[a]`tH#P]Z?\rx+mCc>Va+=TYO^#~gڌoq3UM\'\nU}BWQuXOlp1_^>?>6\\eW,v.9^%{k:\nK?J$_נx\0l/j1)o\\h76뉥E~2$\nXZWYpu?H#4ScfhԲb2FsNs++?k\0}:*#\0,`S[g銍%zNT\rM\n_xEg4vvi˝K&WF195~7<Svs(m-W\0C_ζpѩ9*Xl\rjEZܢ.ogkkk\ZkQ`)%d~3)9>inQE2B((((((($x~OSlRįYHzHU\0yd$և %w׽z470gv2Z:0${\0e<-	4Vk`>;K%?9\'x,K;ٽ<2}<RMwKɣѨ:ŮUuty)EPI?,,0F>96]:Okw>L	}F?**+2Ƒ8\'­iJ\0ͱ*Z@Ťy2Y#|WwEt\0lb\0_W܎L7Wf^jJ|Qg?+<?e1ock#OR}\\+bV$&ug-\n	(\\e=&\rp۱;Ujy7_hjzMH5^O3\0\0\\jGú=_VNf*Y߃gø位u[PF4EcTz^[ጟk}sPn%e\0Jy8=>_sD|uUkEy=ewG٬y;o.t(>(\0(\0(\0(\0(\0(\0(\0(\0+K-НPڿ<*+:iփU^/tͰ**d%G#5_~!X5iz\\Cxb?S=	ED:I)m=Wf|Ws*gjf\n*?1\0\0X^s<_Yv\0{\0aQ~}\\0;.u}(aV/kk+sy|<R\rRRt2+z*iԌ5DOEVQE\0QE\0TW[_ڢԵ}&-Hk/G[БJooeVu*(g[ޖ[ZO*<UI5sৄ0xX\r61<z~Fߛ? Oj\0JIfk۵%D0z\"QԚ>x1\"[˜[ZS%^WOߙX+0o5>oku>%%5TDUT`(\0lr,+++AߨQE\0QE\0QE\0QE\0QE\0QE\0QE\0QEp\Zi&xw^R8{\Z\0h͟_s3h\rkV\n\0ĿOTW~~\n~\\n-m]\0\n\0H-<4e:0O<Gio#\\o/@*1vk\\Ϳm1|H6;ᵷB!sJ@p],?Z~:Q]?AۆGbK3}@\0\08R^[M+T~E:(̲*b\0OӋm|_#eXN#2RPaˏW^#.wo]ōZG\n_z>y+s5gM$(TKsr~&l~&wBʬ#\0#ZZlI##c \nWFыMegk21<k~ꢲ*toS\0x%\"uyeh`E8*`}lՀ?U;#%w9[\Z-M᧏ME~diUѷѬYr1>Q>Sth\rejQGDa?\0-fJZ<wt_ckI	֮T&,$s%H㠮4XAUFGW_`!B0noL\\,A5NqتY˧-əiQ^Y=|UMF=@Vj\0y{z>_;NFee8e#AO_v⦟3P4mF.u\Z6oɱK\\H8k%8,&%?5~?wx}Wu?е\0ıjVH$k[u8u^2	9⽚2RW>(\n(\n(\n(\n+\'\0>wZO\"WWj`QwS}|\'C\0cl.boZ|-Ol6/u.33uf=\n\0e2kx>[u^)\"̬=\0?\0ǇujQlYX~f}C_jo}O#ȶۤ%䄃O@+SF\'xVe6!\'\0~QTJ(i3?#>?k9n\0	]wT[bɄ̃|_/j^6gs4ZG\'&ZZۯ\rcQNXKA-|;g{MJ=blo/\\x>Ϩ2cR\0ރnBVGq)Xw6j5XUcwׅZiJFJsZi\0JMʉ:p02_U|8ƃCqk47KD\r`0+\04fxlmTUC1}8<-\nJ~;lϻ<=^Е>^nݕO*\nTruS_4}ՏCxVEƝ^hbp&C[ɐGl&0$^jmBo줅H^O__D;YOCkKWOEb(r/;z3;#LtܠK\nUU_@1X6/,pQ5L[Fq*w0!^W\ZzoCo޹5$73ҨI}9f.W=\':ac;\nϙ^G*qQo=\rZR}ugccN\rMY^4\"m\'esȡ:VƑf ~~Ve޼].~\Zϔ_[]z#+Mi\\:%U_&BFO\0u5\0Kږ<siV{t6Lf9 {d`}WQr>_1QOy_s&wv>&w,{{f$,;FOFVH$A\"f?f?87KH-3\0ky.$dU\rn>s߁ڼ2}mzv*ƿ7<gok}J+TF%2#t%O͏ֿIQ?#ׅ?\0ߍ;=7W&ԙdy[K,@_Jh՟{>\\[ʲ2\ZO\rW\Zln<,Wv;+߿d_+?ؒ5/\rbLF]ϩL8+3i(¿wm/|5~R6\0uvM(+hXSQ[/ڽ<}1,*yYjI}Ec7BT޹xM]iבBGBG[%Q@&ZYİ6d2]IYG=Yq4+ɕIKfETQJ]Y?真ɠ\r_+m~˺yߟ\"Kst,h	oS\\+D܆V+5m6<E6_09KbɅ\0ϯ\0=+>v^%4vӫ\r?z\'^2\n-֬t㑻\0]C6{kjƦ=\0+\Z8ٕJ-J:4~~\0okE$:G#\0GQO2D}G+ot{\rCFlu*OIhJcoƿEd\0-\'EkGIn ^:#7CU۪\03ﲞ(Q*X%ߣz^PU^_&kÚƟi7@5*83ʶ@Ntd#;חNZYuYXTVtr>\n~GZޢQRVf+Jy[2Fo9\0׮_c+s_^J_L/g+Wj\'* GǺg2爵`*5w\ZۘsOzƴG7\0{Ok~|˻3kY<Q;xuogsJ21,)cN0pYmkb_\0[o{\nkmMz3K|\ZΫi&D{\0;rI` jUr0ο__Yz\\ݕ<$n*W5_2RD{`rxZ|晥l}wZtK4t}!\rAYܩu/]Glj+!Y {tKeU\r8ufs\'ץB-˛<v~ק+-+mw13ʟu A)itЮmIYp]AQ^<D)|㏆\Zë5ou\0\"O9\nZWo(ĐJH*Sc¾3$|7|̵c9_xK}%E8??o\0o?^À\rƌk.v8~wzOƯM,o,72($O9Ξ%RI-,`?ڏUǽpJ\":2WNR9G7\0t|.MDǾmPY6dPWkظPTIz\r>O.a}-ҼU(\0m\0hGYW<kRnc_Fk;!l:dTup@=Q\\;%f\'ꑅf=W{~%וZƜV$wVg\\l6 \03|pO$\'<0Ҹ*s\0??i/\0oLF1CFϹooƝ=?R$ n1i>c\Z%֐.TN#F^ю&I!FYA_E|\';t]bIG<WHlw\nfҽZUR3^u&BDz\\\"$9<bMgm͒E}?Mx!-t\rZ3Ўzts/TwraWם͏TS^YϫxS^4[y^mJцOFW_+ž[i$lN<{Xts;\\s\0	ݶȳ94\n	uɈf0PҔ\n/P~2×Mّelć	~,c-摩i`w	<mFRE1..ݣVV*J	_\0ś\Z(u9,nϖ˱.JdkJߏ󩯎)NTW~?4ll~&|DHBx5vW%1k$%~P3oY\02:?+WNsmOTk/{\\^ܤ\nz?~?|[}][0!S#f}\'s^w7Lk<-0@>`	Ó\0U<07/UO#$\0<H_?\"/~>>5WZ?l.\\^3-3Gf5/Fp#?c=>$vbt\0\ZXz~Fx&V\\j;O\Zl|s_k.gizrWuFM6&=d;P9ʑC?{q<wdrƗW?e?λ=Im#K[y[Աa=s\\Ϗu_PA&d$o|W5u	ukg HT\0\'$#V)Q>֯5֒Y[=*xM\0i5Uܴ?$VΑOxpm\"\0А+~\0gZ,l]5VD|X؟TGКSOۭِIa0\"i\'9z(<Q\\V@̬RkY-֝em\'pǵ%Q(,78rF4NIbraOD>0?Z+6]O'),(23,'M.F.F.','\0JFIF\0\0`\0`\0\0\0C\0		\n\n\r\n\n	\r\0C\0\"\0\0\0\0\0\0\0\0\0\0\0\0	\n\0\0\0\0}\0!1AQa\"q2#BR$3br	\n\Z%&\'()*456789:CDEFGHIJSTUVWXYZcdefghijstuvwxyz\0\0\0\0\0\0\0\0	\n\0\0\0w\0!1AQaq\"2B	#3Rbr\n$4%\Z&\'()*56789:CDEFGHIJSTUVWXYZcdefghijstuvwxyz\0\0\0?\0Qj\0\nuPEPEPEPEPEPEPEPEPEPEPEPPo\Z\0bIz\04J*j(\0(((((+?hۯ챯i~6uA:	kicd4]dX!^#r5*Fnҕ՗%4bi\n`(\'\r-~Oy\0Iǃu+=To-\'l{P`΄(ٛmⶣqwj]L~핷})] iyVCO8?4k>עJ\0{yiPK[;;)TpB#),q#qOWoյ7^𼗀үa/luY\\2-ܿ[M>=Ѽ?]V2@W\'oPF+\n]z\nZEl?\"{)I\0?iTGO\0%54@\0s\0)&g\'ko\Z?|oO\0&\0\r9\0P?\0)j[YW]\0d+$O\nEX\0\03lhrU~h}VctIO+\Z+bc\08q~_V2927xrZgyV\02;Pd\0yzwǿſ\\|Z<St94? ,\\<Տp+o?׍N_h{\0~k_\rX?^$RAZ@AQ]ƃ=?:riwz,,ѱe$W\096i#G$2*ڧhϥv\0H>xS[x~\'x\Z͆Ȍq4 u#!{T\0/#_eoL~\0|~*x7Y\Z2aaz<C;uO<?ޝhhі \0Aߧ5aqqzgN#gYhQQEyEPEPEPEPEPEWX֬=y]q*\Zv嘀(\0m_3\06Mk>u\"{DFk9H2T`7 qg:\Zמ8\048|-#NWݻia?\0TOm;/h>:1:kE)*:+yfqx}_WD\"e2\09#}|uYOCåIqi_jLWHR=so?loaPڔg3a<G\'9_	>k_ďFkJdu#-HڜpBrO\07?z\'x1iemH|{y,y&~s\nt{6cltzWuU]G\'KU\0j]?OSX]z=Mv\Z>7MQbױ6m\0~_[V~4ffs:V\ZqG[Z[/\"8m8\0u@(8oV=\r-NAFV>n\0a?\0\Z(8Κ8ʴߺGC#++)`?hÿ[C	Y,Ԃ29I#u=b2\0>\'hR\ZYqQ>?dk?%h^sD>NX9Ȯ7kBe*Ȏ˶Aǟ\Zo\0ڗBnU`yN\'k`# `M~UjԾ\\#7Zm,3iA`zsZS֣Om|CDV X1\' .4}P9\0fK\0Z?fߋ\ZKx:֟ O֭XwÆkv{R$U:gμ(s\'QSzǩ\0\0\ZsV\0n/6\0k+Rg*|KɅ	\\eu\ZϿ&˩ҳ[٥{?W*2\Zu}QE\0QE\0QE\0QE\0QE\0TwWQ4#.z*jJ~;_$<[Zi-O-tUI%U,@I+)(v~CW/#=CJoO7c\\֯-F4mep䢶â*vj=:?h0ȺƭlLH.QSrxTǭ?\'ǽc]3PIX<W\'$F:~50m\\Pze#>b{J%cFa-~i>ckAqN\0ףGK\"itkI5-Yԗ$Du\Z.=yvvqE}X4Mq7@2s]-Uٿ3BqjHg2r/5Fn\rnIEPHQE\0QE,pRh\0_hlDkG͏_ikj\0)쑿сtQJSSH\nF_xf6Ohmxc.Nl;Oqվ%\0&12{z³X#(Ղٟ#|i<q\rK(;z}Ǟ:z)]7cupC99`_4\0\0~ >f; B}6$TeRGݡjhvwo4w$$bpq)8#_\0x?.5_iܶ,Um=I!ļث~iFsnʋwv\n(9B((((\n[+Z?cxg*\n_f6\'/%¯lxMy64lm	8U&MN٫aʕXԆ馾G=o%_keG;Yfi!caŴ`!z(\'{:[>%jٳi^	,\n.؅oH8=w)?d_Z6Ocpt9~s[IUwCrќ?t}j,\\yLyE;{P8iA,Ɯnǌoo>\"𨸗ͽK=3;k8llQc~M<GEK?WR[#RSSoŪ*mU\nvK\r&\r9v7?=Lb\0]Y)Q@4NI7S*9G4P1x15*<Giȣ\ZM^ЏWo򦾅mдmUu\r߻?ARNfvgx@#y&d#1c\Z-KFa\"ȼ6т=jZATf\0Ӵ?(nĺPZ||}66gý~e88XKf\"?ڢ P\0->~qi_-5;+|\0|T)l#SOxG,Otc2Ho9X\n2rQ#npBkm|Q~	𮤺\'x;kfXI/\0H+ 9]\'R;kX丅z6n_r+2lSKKOx\Zkg]}Q^aEPEPEPEP^|n?o47ėVo5ƭ!v<L\0$\">?MǂxCl2j?4+B{Fmnc+.ZMgfyOPFp>qIGiuCU9 ۿIK\r^~ԧ-[MΝnȎ%W;(-\\W/]nnj>!ܷZ/\0 M\"PcAv\0Rioa0hҦVpX_~p`&Nxw?`*RVvöxdx@J\0i~._é֒X\'˳\Z)CX>[o\03Z?EqgpG3A3(V|!085o\"}M4{]x\\T_0c҂rFwrDѿ)όtkT.zWo\ZgV	<[[Ef8+\0}w%{>esquYTjUpˆ~cS\0g|X]ٳӭwa$@ڱA\0rLke\0x.y#4.//B#fֵjs\r<qi6~+4wO&YB0|Vݐ$U /?AO:jL3\\ywlvp&	IRN\ZO8?˧5Pƹqq64>\\+2>\\V#pId!>l&O#\'ÿ\r5Ğ5Ծ\"QG<i[dςwFU>->ӵ;}Zε;wFۑ88#qЂ:Sg?^Oċca[̨۬\0re<VQVO<_i_ͩ_Ȗ6$Ȇͅjw4i֛iY.\"0ːqPJSsogćJþ\0즎%;aY$I.dHw!ߴ~mѼ|ğ)?o=k?	$6,zeK&R2e$N~翞O}ޡj-{4kt^Qe$~\0+WόZa\'/\nǲx_r^	1.}AڧSЅl:\'>\0||eci5\r&E[	R2prA&\0e>+Ykx^25GywuNzڷ.\0xky?t\'ofIcPUŎyU\0xGXi>#oES,SRzUweg%H^hכ\n	\'ZƇqv;I\nVKY*6F\r^\0fO\'wv/|Yf(C*?Z.q^Z|RtX!v]\\?R_\ZxJ\'߃firn:v5[fDwmDN[WZ$<7g6zI4/,@I#`liO&\0?Ɵ?]KMԚk#Bc\021)+Gׅ?|;g\"\r+uf p9~xF\0;htfӣoVESW;anTrTA8uݟgتqOl^AEWxEPEPEPEP_<\0E<SxGG37ٵtsy y%	|\"[s3_CW\0PˍSReh\r:uG bsXʌ.yy\':poO\0#C\Z;yݤ,~y$bN\\O9m+oK;vD.(f[#EԬc<@}s_p\0.?o~\Z=Ȓj׷wf55>z?7k~Y\0\Z3c8jA$Tڕfأk.C4b%o֓Umc}o%ͰI<Xc$*?~ xx|#8|;ITnhH.u0;*ޕ~\0L_?W\'xOǚD7zƁ	54%!<Uv]Z1nwsTW4E]RIV?K[WAiX;UaWcl{f7\rsQ_?F#ď_ߌ$x:7յN4F9i)$d7\0f0qAy\0j<7zM%:6JIkAr8VF2d2%_f}oFUc&wSVz\0+p#2|t5r^zm]\0tW,w:k=C;\0^jz\rn{	I?6Ҷk5W.Ѵ98fe{	p*/Kz?47Xaoqwgl\Zvg1\Z\0TIdb-,\\$>/ j6{Smm|+\'f\0Iſ{$oN>KnF6Ml窲m9tm$ŵח	ě38&k\Z_ZC\07_+?gxgZ|\'o?*F>\"hWњD#KrX //<7qKtۨ٫rp. [ :bƖMy?ζI[OjjVkY<,{vxh\ruv\ZL0ݞmK_\'RY?eWVs#J\'|\0iK|9T2C}nUVCISG;׀\0S}DGk7	qc{#Xk\'H#?vk7]ȭkZ\0fL혇cT~OO)#>\r7Q̭BH$EH1WC!d`yIBg_M_>\"6x7.\rȎ0v_H#MUHxUECUW|*TFłn	9m1nϠ^_c\ry\0TQEQE\0QE\0QE\0QE\0WuYutN!dH4y{81\r{ux34q+<dd~\r^{e_~O?\r#F\0	ޱ]ûfM&;A<+p9%z_NfK?f=4n#Ht9=k\'Wk\Z;hx*[,ﱍ|u{6{/\05Ku5\r+PVK#s}-Өԍ{#Y%Jb6elq3Tɽ9\n\ZЀ1jGvTmLR)>a<r[Kvn(mƏ\"?u*y\0µv)ir\"~5#ZzR|<pc_P2hKv9֟-	Vm{WXM\0Y1jF5hWTg^Sd]Bn??3Y2R2hQzn96j),Y[݀[fh9YG/rY쫏\0\nt:<\00ؾk3*ZʌWH61ڴix*]RYmmX8ԸΚu\ns>-|yo[v%@h\"icp{\r~p~_7?eG=5b-V)box!x`Z/\'xEvݦ|60vvw+\0?\ZK헖6ޑ!b^Uǝf,q&$+1Re8ߴß\nKk[-ky3}%hBz3:7\0n|&K*EFQ\r\\*ت\r%81UcQ^EPEPEPEP^sZ֚0\"?F[ⵏCp>^nmKGVį=?kß[jR5Qt5c$G-`$\Z֜\na\r.\"Iǭœoq\0	\Zx\0.gW1))$m8?es\n{\nD\'SUX\rU{9e\n\n?SVc$\0^#LY_rq!6lcpI(JEVQMusTfեmŖ%ҹi:\05~\ZUDUHءYAUl^)7vdb*%Ǣ 泇m{}qG[]*ŧIk.YKzTFX:!#1Gl6\0U\"zTZ~ѰC	Y[FvJ灧EUW6n~Y?ұ|EYpZ(0\\ߌ{ky#lİ\08i\rUFJ:\Z~\\̚2j^Zģ&\"&2\0d#o\ZxF7cFG)1PA_C_dcu{e\0Z:;NIfou\0xwK<s 纟O[(cg{`{q\0	WL>Ov=L:}?3Ϋ{LSKQEHQE\0QE\0QE\0QE\0T:z.aSQJQMY2iq|6,ODO@?5Tk0%q8\'5u~?$ʹkn:\0B_=FSҽsN-f߮pENס\\q秚w6gfފ\ns}/ߥIz^]7?%Z}Os[ʕd;*==*\rZ+L\\Inx@\0X?ƶhiCM]+v<j;}f;I<#gQϧA\\Ӯ=NYEG̓LluC;ixoϭb]V8$c`?fww;<{*qpz\0?_5?}8*nr?mG4XՍ7HůoTbZӏ\\l#|&9i8(OVGxG~/.k7~Ʈ$\'l{m玝\"m\Z7\'UX#\n\n0:6N+\Z^\n]B5`J(jem#{*n_l~e︭-%Xr\\IN݀wRR8\'\'zW(_#kχ<GdCm)1ȯH~WWnmcY_FT+>c\0z}&SRAU}[\0#x8O*4KWش{]0=OQ_O-3(dQ@Q@Q@Q@Q@Ut4[9>M>V(+2\')Gt|42iI*\0+[h_\"WǆVE\ZqÏY	ZՏ̟2};_ΓZTeџVxHb\0~\0s7h\n(`xftdZh⣮	23Uot˼6<WAan\ZL9\0tI+k|SHhľ*t\'XZoL;d}g->Oތ޿[o}ny5=|CxS-=gŖogw`bG8#ֽZ>*;RݿǨ-\0{?7A%\"`칧5U?n\nxg~𤶾8NKgK]?lD#V*s\05:Nݷ+hpY(\"w-&y;ϳO?O?/S\r+}ܰ샷sڱtV\r`C\"V<:H1-\0\Zh@UQ\0\nZER\Zq~G^U弛aEV8QE\0QE\0QE\0QE\0QE\0QE\0QE|Y_&8u8~y,nVD-ʾ5m1s\ZL{5ek4[woy`\n_\r_>~n[OY7p;\Z\\O.qf.esPUZ[trW3؜IbGO^a	[us4k5ۿ\0\0Trti`n\0/{\0QɭHuUZrod_¬[Qr~vbځ+0hG\ZāUv)UcG/@PM:I:zn|grzvfc\0dnʽWHUm$o~\0}s\\u5\rSrsҽ\"<T֯oN\0?s|9}\'~/7忯QEƅQ@Q@Q@Q@Q@Q@Q@Q@GtѭP aF9I\\\0\rcϻk̞B{?gZMW6ujƜwm#/:I!UEf,pZ:O\ZD7o_ZTu	.|	[\\u^OٹaU*uv .bY#` _\rM*]/O̿sYL2n\Z֝h1mjhE6IV!2<TT\'h#=nq}Qr$DUKĶ:J{\0t6Xk_dɱO1\0>;l:w{[ۤ=#^Xx_]I?)p~-HδL3#{Wkk\0ưJJ\'aH/ROuvm~OfEkիd-u-5ne@{d9?{}GUO+\0a,֧iY_(X(\0(\0(\0(\0(\0(\0(\0(\0)5Ht[rYr8fx3mk2G>é\0ׅ\\yq$ҳI$]by&{=(\0\\}nkE袭V?ks^Ss%%vr)61ZՊ>@]zb|;1]iO\0YVÿ\'fїiSTELM:\0F#i.{=\Zf<\'ig#7Mu\r<=߭F	ZO߁[he=^\ZR5t3ͱta_/rx;=LOk+uԇ\\>OO%guHrZP̣ף/⤏ƾ5(u:i[{F)u{=m|剏T\'Оߏ[FSim\0\0qI,U8nEWQ@Q@Q@Q@Q@W\0f:|}my.kRQ~3U$@5xI5=c=RcUg8O.Nq_th^ۣqsx\r8aMZ~zweX]\'UI\0\r>Jk:nW?t\0{:quxKĖ>k\0|/\ZBkiJed#k\'ǿ\r	N\r\\H9Ẋ@yVR+3&䌒|WkkN`8Ԝ[^ͯu6F|EwI$$n\0uQRr|՟Sa+$CF?7ư렳m֑EU=|W*foe\"GV8ۙ\\7-|CT\0G<8\\^MSMiCWhl~K}V2	z3*oݽWyM5K6WMlViZuzcw5^lAS<ҦuI^e[CӖV5\0s5sNhUm\r\07;[uu[vW\'׋ױ޿e3O^Akg5ansbH~THKA##VSM3]3F>zk<nGjr=\nAٷm᮴־<񕛼Kt>,w%\Z@]$,xs0+\0쭺]#6Ȱ8\\-L۝SQW{?O>E;?;Z$bԋ^Ӧ=	km@O\Zb<kσpOO^\rf+jA6\\H$\\B<(W8̨jοh\0|XuOد\neީbv4\Zƃۛ=cCqn#!ԉO潮nQq|I)E0*J\n(>q\0r	\\Y?|;jWL\"#~X?(I n`?EMc<e[mnncdHX>QW[hQYkoEb4A0^K?ZQzş)71ݤSm].nMa.M}Z\'+_|/Ky}cWYfuGI]<󸟽aE}6\"aթR^W1IVv_r<࿊W?mid隲0! b7dkoB_^+mZwU۲7I}\Z.՚1h̈61j]Z )cm\"AusE{)?[o_NϪ\0.X.uػ㔺?*⍥kcmPYU&y0I4Ws<,Sך=,>cnҏNuO\0t_Oִ]BVktK\rN+H +Bgo#_.uok.\rֹ˃-$9g`R$Pq*~~\0\0l?\0\0nx;R2MjSI_\'S.1P6>dfR\017	2jܵ4%jAuv=:y<\0dXm?s1\rJ(<ݬn\\TȘwYqї5$maQYJwqKr26RsTG,sU+L2A@-[4)?[o\'\'U()9;n>Ϣz?*/?KCMlo#¿wYǩU\0-es÷\n_6]3H>\0JîB|?q5[f;K+HA,Y\0ϟ{\nsg,Z<>~`݄eٱbV)>/6/3ę~Uxƪcw%~H_\Z6oCnrieȷ?3aV0_\Z׈u<I[꺃&s.Њ;\"DUD*hwIs{jڴS/3s!`8U\0*P\0ӯnz%?kRӯ%%>]7_V4ӧcտwlu\n{_>\r5ŒHlbܱF3%̄Hwwra[5\ZD\0\Z#Y)OV/\';5/K_\0ažzu~~Koe?\0mt?\r㦞MR[nd,nm-e5+\ZqƵ\01mxվ7.	!mm\0?)dEy⩨UYIi/v]Y\nFz7w~K\'\0BMY>(xV=js^tvݳ7%.­K	t|A7Ŗ\rki:u3\0`E\\qkχZx{Wvzxo6ۡ8M|^+k\\=U/TvZbŧ;~EE~,8\0~_i7#\n1?i\"uO{TC\'<׼|;\0Ix$|7jJsRZв=3r+q\\3a&}_e!Y\'^e3(r?(>	׼Mx>59ݦԼ>\"KOk!c(؎CJ3>EeZS|>\"Tt]S\0]֫8B\"i\\iIZ`6Q)l28#2\'n_#><iuxCX&T{K\'VVI$tu%rJ<_-ŏZu(a-!?5K~_Sѩ4g{מiTa?xúαbik91>C$Ɋet\'Q[b0Ա\ZR5tgUUqviٯ>)\08~\'xF6\n5Y@5 /\Z\'	ZZ,t\\6v94mVGܪ<[&1*|/Mk=[N,AwnFU`E~gxWbNGz{#6¥OZ=}G|ݻ式=~x6Ou4z,F{c{&_]iΩx_n+E.Akxq\"9eQ8y^\0s_eF/;[O?m_aхAJMgÚ}䪫%մs8Q	Ƿ5z5>2i-tx{QkRrwaT=H[!E9\0jK}p9#~OJ?f_--@X}Oku(3?\'aWFS*N):5K[/#X42PC,G%u5_,\0ß7ᥝ~\"ѬCt$ԜyL0ٯ\" ZP|@*xitv[;]5M)o\n\Zq¨\0CTjF5\nO^X~|xӔU54zE??>!~ח//\rKG$zBmrd%0#;Y<q $XB(ڪ\0\nu[a0|6αٝgUsl\nFpYUQOjZCwOSR.$4\ZV宧$<CԪ+_E;]{_8k&I跷zFGgJF+BTj|)ֶX0HE\n`\0\0v[@8Bj8\0\0%mF-dq+X+ElW݅Q[EPEP');
/*!40000 ALTER TABLE `tb_paciente` ENABLE KEYS */;
UNLOCK TABLES;

--
-- Table structure for table `tb_parametro_clinico`
--

DROP TABLE IF EXISTS `tb_parametro_clinico`;
/*!40101 SET @saved_cs_client     = @@character_set_client */;
/*!40101 SET character_set_client = utf8 */;
CREATE TABLE `tb_parametro_clinico` (
  `IdParametroClinico` int(11) NOT NULL AUTO_INCREMENT,
  `ParametroClinico` varchar(100) NOT NULL,
  PRIMARY KEY (`IdParametroClinico`)
) ENGINE=InnoDB AUTO_INCREMENT=15 DEFAULT CHARSET=latin1;
/*!40101 SET character_set_client = @saved_cs_client */;

--
-- Dumping data for table `tb_parametro_clinico`
--

LOCK TABLES `tb_parametro_clinico` WRITE;
/*!40000 ALTER TABLE `tb_parametro_clinico` DISABLE KEYS */;
INSERT INTO `tb_parametro_clinico` VALUES (1,'Glicemia de Jejum'),(2,'Colesterol Total'),(3,'Hemoglobina Glicada'),(4,'Glicemia Pós-prandial'),(5,'Glicemia Casual'),(6,'LDL'),(7,'HDL'),(8,'Triglicerídios'),(9,'TSH'),(10,'T3'),(11,'T4'),(12,'Ureia'),(13,'VLDL'),(14,'Magnésio');
/*!40000 ALTER TABLE `tb_parametro_clinico` ENABLE KEYS */;
UNLOCK TABLES;

--
-- Table structure for table `tb_patologia`
--

DROP TABLE IF EXISTS `tb_patologia`;
/*!40101 SET @saved_cs_client     = @@character_set_client */;
/*!40101 SET character_set_client = utf8 */;
CREATE TABLE `tb_patologia` (
  `IdPatologia` bigint(20) NOT NULL AUTO_INCREMENT,
  `Descricao` varchar(100) NOT NULL,
  PRIMARY KEY (`IdPatologia`)
) ENGINE=InnoDB DEFAULT CHARSET=latin1;
/*!40101 SET character_set_client = @saved_cs_client */;

--
-- Dumping data for table `tb_patologia`
--

LOCK TABLES `tb_patologia` WRITE;
/*!40000 ALTER TABLE `tb_patologia` DISABLE KEYS */;
/*!40000 ALTER TABLE `tb_patologia` ENABLE KEYS */;
UNLOCK TABLES;

--
-- Table structure for table `tb_patologias_atuais`
--

DROP TABLE IF EXISTS `tb_patologias_atuais`;
/*!40101 SET @saved_cs_client     = @@character_set_client */;
/*!40101 SET character_set_client = utf8 */;
CREATE TABLE `tb_patologias_atuais` (
  `IdConsultaFixo` bigint(20) NOT NULL,
  `IdPatologia` bigint(20) NOT NULL,
  PRIMARY KEY (`IdConsultaFixo`,`IdPatologia`),
  KEY `fk_tb_consulta_fixo_has_tb_patologia_tb_patologia2_idx` (`IdPatologia`),
  KEY `fk_tb_consulta_fixo_has_tb_patologia_tb_consulta_fixo2_idx` (`IdConsultaFixo`),
  CONSTRAINT `fk_tb_consulta_fixo_has_tb_patologia_tb_consulta_fixo2` FOREIGN KEY (`IdConsultaFixo`) REFERENCES `tb_consulta_fixo` (`IdConsultaFixo`) ON DELETE NO ACTION ON UPDATE NO ACTION,
  CONSTRAINT `fk_tb_consulta_fixo_has_tb_patologia_tb_patologia2` FOREIGN KEY (`IdPatologia`) REFERENCES `tb_patologia` (`IdPatologia`) ON DELETE NO ACTION ON UPDATE NO ACTION
) ENGINE=InnoDB DEFAULT CHARSET=latin1;
/*!40101 SET character_set_client = @saved_cs_client */;

--
-- Dumping data for table `tb_patologias_atuais`
--

LOCK TABLES `tb_patologias_atuais` WRITE;
/*!40000 ALTER TABLE `tb_patologias_atuais` DISABLE KEYS */;
/*!40000 ALTER TABLE `tb_patologias_atuais` ENABLE KEYS */;
UNLOCK TABLES;

--
-- Table structure for table `tb_percepcao_expectativas`
--

DROP TABLE IF EXISTS `tb_percepcao_expectativas`;
/*!40101 SET @saved_cs_client     = @@character_set_client */;
/*!40101 SET character_set_client = utf8 */;
CREATE TABLE `tb_percepcao_expectativas` (
  `IdConsultaVariavel` bigint(20) NOT NULL,
  `quantoDoenca` varchar(300) DEFAULT NULL,
  `duvidasQuestionamentos` varchar(300) DEFAULT NULL,
  PRIMARY KEY (`IdConsultaVariavel`),
  KEY `fk_tb_percepcao_expectativas_tb_consulta_variavel1_idx` (`IdConsultaVariavel`),
  CONSTRAINT `fk_tb_percepcao_expectativas_tb_consulta_variavel1` FOREIGN KEY (`IdConsultaVariavel`) REFERENCES `tb_consulta_variavel` (`IdConsultaVariavel`) ON DELETE NO ACTION ON UPDATE NO ACTION
) ENGINE=InnoDB DEFAULT CHARSET=latin1;
/*!40101 SET character_set_client = @saved_cs_client */;

--
-- Dumping data for table `tb_percepcao_expectativas`
--

LOCK TABLES `tb_percepcao_expectativas` WRITE;
/*!40000 ALTER TABLE `tb_percepcao_expectativas` DISABLE KEYS */;
/*!40000 ALTER TABLE `tb_percepcao_expectativas` ENABLE KEYS */;
UNLOCK TABLES;

--
-- Table structure for table `tb_pergunta`
--

DROP TABLE IF EXISTS `tb_pergunta`;
/*!40101 SET @saved_cs_client     = @@character_set_client */;
/*!40101 SET character_set_client = utf8 */;
CREATE TABLE `tb_pergunta` (
  `IdPergunta` int(11) NOT NULL AUTO_INCREMENT,
  `Pergunta` varchar(255) NOT NULL,
  PRIMARY KEY (`IdPergunta`)
) ENGINE=InnoDB AUTO_INCREMENT=8 DEFAULT CHARSET=latin1;
/*!40101 SET character_set_client = @saved_cs_client */;

--
-- Dumping data for table `tb_pergunta`
--

LOCK TABLES `tb_pergunta` WRITE;
/*!40000 ALTER TABLE `tb_pergunta` DISABLE KEYS */;
INSERT INTO `tb_pergunta` VALUES (2,'O que o paciente deseja/espera do seu tratamento medicamentoso?'),(3,'Descrever quaisquer preocupações que o paciente tem sobre sua famacoterapia'),(4,'Qual é o grau de entendimento sobre sua farmacoterapia?'),(5,'Informação cultural, étnico-religiosa e genética que pode influenciar a farmacoterapia'),(6,'Descrever o comportamento do paciente relacionado à farmacoterapia'),(7,'Conclusão: o que deve ser incorporado ao plano?');
/*!40000 ALTER TABLE `tb_pergunta` ENABLE KEYS */;
UNLOCK TABLES;

--
-- Table structure for table `tb_pessoa`
--

DROP TABLE IF EXISTS `tb_pessoa`;
/*!40101 SET @saved_cs_client     = @@character_set_client */;
/*!40101 SET character_set_client = utf8 */;
CREATE TABLE `tb_pessoa` (
  `IdPessoa` int(11) NOT NULL AUTO_INCREMENT,
  `idUser` int(11) NOT NULL,
  `Nome` varchar(50) NOT NULL,
  `Cpf` char(11) NOT NULL,
  `Fone` varchar(11) NOT NULL,
  `Matricula` varchar(20) NOT NULL,
  PRIMARY KEY (`IdPessoa`),
  KEY `fk_tb_pessoa_my_aspnet_users1_idx` (`idUser`),
  CONSTRAINT `fk_tb_pessoa_my_aspnet_users1` FOREIGN KEY (`idUser`) REFERENCES `my_aspnet_users` (`id`) ON DELETE NO ACTION ON UPDATE NO ACTION
) ENGINE=InnoDB AUTO_INCREMENT=17 DEFAULT CHARSET=latin1;
/*!40101 SET character_set_client = @saved_cs_client */;

--
-- Dumping data for table `tb_pessoa`
--

LOCK TABLES `tb_pessoa` WRITE;
/*!40000 ALTER TABLE `tb_pessoa` DISABLE KEYS */;
INSERT INTO `tb_pessoa` VALUES (1,1,'Admin','99687844515','',''),(5,5,'ALESSANDRA REZENDE MESQUITA','02547710501','91447866','200043233'),(6,6,'Elielma Alves de Sá','00119821424','79881986689','3605036'),(9,8,'Werlissandra','xxxxx','99644383','201111005300'),(10,9,'Aluno teste','02423432423','32495949','20132222'),(11,10,'Cleverton','12345678','99283155','12344321'),(12,11,'Marcos Dosea','99687844515','7999002378','3605036'),(13,12,'roseane','96940085572','99846026','10022636'),(14,13,'caio italo','03523856507','7998991127','200910011264'),(15,14,'Fabio/Rodolfo','98994204504','88524460/99','201120004646/2010100'),(16,15,'larissa de sa dosea','00119821524','7999002378','123456');
/*!40000 ALTER TABLE `tb_pessoa` ENABLE KEYS */;
UNLOCK TABLES;

--
-- Table structure for table `tb_plano_saude`
--

DROP TABLE IF EXISTS `tb_plano_saude`;
/*!40101 SET @saved_cs_client     = @@character_set_client */;
/*!40101 SET character_set_client = utf8 */;
CREATE TABLE `tb_plano_saude` (
  `IdPlanoSaude` int(11) NOT NULL AUTO_INCREMENT,
  `Nome` varchar(100) NOT NULL,
  PRIMARY KEY (`IdPlanoSaude`)
) ENGINE=InnoDB AUTO_INCREMENT=11 DEFAULT CHARSET=latin1;
/*!40101 SET character_set_client = @saved_cs_client */;

--
-- Dumping data for table `tb_plano_saude`
--

LOCK TABLES `tb_plano_saude` WRITE;
/*!40000 ALTER TABLE `tb_plano_saude` DISABLE KEYS */;
INSERT INTO `tb_plano_saude` VALUES (1,'SUS'),(2,'Unimed'),(3,'Plamed'),(4,'Não Relatou'),(5,'GEAP'),(6,'Petrobrás'),(7,'Hapvida'),(8,'Amil'),(9,'Cassi'),(10,'Capes saúde');
/*!40000 ALTER TABLE `tb_plano_saude` ENABLE KEYS */;
UNLOCK TABLES;

--
-- Table structure for table `tb_psicoespiritual`
--

DROP TABLE IF EXISTS `tb_psicoespiritual`;
/*!40101 SET @saved_cs_client     = @@character_set_client */;
/*!40101 SET character_set_client = utf8 */;
CREATE TABLE `tb_psicoespiritual` (
  `IdConsultaVariavel` bigint(20) NOT NULL,
  `CrencaReligiosa` varchar(100) DEFAULT NULL,
  `BuscaAssistenciaEspiritual` tinyint(1) NOT NULL DEFAULT '0',
  `EspecificarAssistenciaEspiritual` varchar(100) DEFAULT NULL,
  `DisturbiosSono` tinyint(1) NOT NULL DEFAULT '0',
  `Ansiedade` tinyint(1) NOT NULL DEFAULT '0',
  `BaixaAutoEstima` tinyint(1) NOT NULL DEFAULT '0',
  `Estresse` tinyint(1) NOT NULL DEFAULT '0',
  `PreocupacaoMorte` tinyint(1) NOT NULL DEFAULT '0',
  `Choro` tinyint(1) NOT NULL DEFAULT '0',
  `Raiva` tinyint(1) NOT NULL DEFAULT '0',
  `Negacao` tinyint(1) NOT NULL DEFAULT '0',
  `Apatico` tinyint(1) NOT NULL DEFAULT '0',
  `HumorDeprimido` tinyint(1) NOT NULL DEFAULT '0',
  PRIMARY KEY (`IdConsultaVariavel`),
  CONSTRAINT `fk_tb_psicoespiritual_tb_consulta_variavel1` FOREIGN KEY (`IdConsultaVariavel`) REFERENCES `tb_consulta_variavel` (`IdConsultaVariavel`) ON DELETE NO ACTION ON UPDATE NO ACTION
) ENGINE=InnoDB DEFAULT CHARSET=latin1;
/*!40101 SET character_set_client = @saved_cs_client */;

--
-- Dumping data for table `tb_psicoespiritual`
--

LOCK TABLES `tb_psicoespiritual` WRITE;
/*!40000 ALTER TABLE `tb_psicoespiritual` DISABLE KEYS */;
/*!40000 ALTER TABLE `tb_psicoespiritual` ENABLE KEYS */;
UNLOCK TABLES;

--
-- Table structure for table `tb_queixa`
--

DROP TABLE IF EXISTS `tb_queixa`;
/*!40101 SET @saved_cs_client     = @@character_set_client */;
/*!40101 SET character_set_client = utf8 */;
CREATE TABLE `tb_queixa` (
  `IdQueixa` int(11) NOT NULL AUTO_INCREMENT,
  `DescricaoQueixa` varchar(100) NOT NULL,
  `IdSistema` int(11) NOT NULL,
  PRIMARY KEY (`IdQueixa`),
  KEY `fk_tb_queixa_tb_sistema1_idx` (`IdSistema`),
  CONSTRAINT `fk_tb_queixa_tb_sistema1` FOREIGN KEY (`IdSistema`) REFERENCES `tb_sistema` (`IdSistema`) ON DELETE NO ACTION ON UPDATE NO ACTION
) ENGINE=InnoDB AUTO_INCREMENT=77 DEFAULT CHARSET=latin1;
/*!40101 SET character_set_client = @saved_cs_client */;

--
-- Dumping data for table `tb_queixa`
--

LOCK TABLES `tb_queixa` WRITE;
/*!40000 ALTER TABLE `tb_queixa` DISABLE KEYS */;
INSERT INTO `tb_queixa` VALUES (3,'Perda de Apetite',3),(4,'Alteração de peso',3),(5,'Dor',3),(6,'Tonteira (vertigem)',3),(8,'Alterações Visuais',4),(9,'Diminuição da Audição',4),(10,'Zumbido no Ouvido',4),(11,'Epistaxe (Sangramento Nasal)',4),(12,'Rinite alérgica',4),(13,'Glaucoma',4),(14,'Hemoptise',4),(15,'Dor no Peito',2),(16,'Hiperlipidemia',2),(17,'Hipertensão',2),(18,'Infarto do Miocárdio',2),(19,'Asma',1),(20,'Falta de Ar',1),(21,'Chiado',1),(22,'Azia/Queimação',5),(23,'Dor Abdominal',5),(24,'Diarreia',5),(25,'Náusea',5),(26,'Constipação',5),(27,'Diabetes',6),(28,'Hipotireodismo',6),(29,'Sintomas da Menopausa',6),(30,'Dismenorreia/Hemorragia Menstrual',8),(31,'Dor de Cabeça',3),(32,'Hipotensão Ortostática',2),(33,'Vômito',5),(34,'Eczema/Psoríase',12),(35,'Prurido',12),(36,'Rash',12),(37,'Cirrose',14),(38,'Hepatite',14),(39,'Desidratação',15),(40,'Edema',15),(41,'Deficiência de Potássio',15),(42,'Incontinência',8),(43,'Impotência',8),(44,'Diminuição do Desejo Sexual',8),(45,'Corrimento ou Prurido Vaginal',8),(46,'Ondas de Calor',8),(47,'Alteração da Frequência Urinária',16),(48,'Hematúria',16),(49,'Disfunção Renal',16),(50,'Formação excessiva de Hematomas',9),(51,'Hemorragia',9),(52,'Anemia',9),(53,'Dor nas Costas',10),(54,'Artrite (osteo/reunmatóide)',10),(55,'Tendinites',10),(56,'Dor muscular',10),(57,'Parestesia',17),(58,'Tremor',17),(59,'Perda de Equilíbrio',17),(60,'Depressão',17),(61,'Tentativa de Suicídio',17),(62,'Ansiedade/Nervosismo',17),(63,'Incapacidade de Concentração',17),(64,'Apreensão',17),(65,'Acidente Vascular Cerebral (AVC)',17),(66,'Perda de Memória',17),(67,'HIV/AIDS',13),(68,'Malária',13),(69,'Sífilis',13),(70,'Gonorreia',13),(71,'Herpes',13),(72,'Clamídia',13),(73,'Tuberculose',13),(74,'Insônia',3),(75,'Aumento de apetite',3),(76,'Refluxo',5);
/*!40000 ALTER TABLE `tb_queixa` ENABLE KEYS */;
UNLOCK TABLES;

--
-- Table structure for table `tb_queixa_medicamentos`
--

DROP TABLE IF EXISTS `tb_queixa_medicamentos`;
/*!40101 SET @saved_cs_client     = @@character_set_client */;
/*!40101 SET character_set_client = utf8 */;
CREATE TABLE `tb_queixa_medicamentos` (
  `IdMedicamento` int(11) NOT NULL,
  `IdConsultaVariavel` bigint(20) NOT NULL,
  `IdQueixa` int(11) NOT NULL,
  `Dose` varchar(20) DEFAULT NULL,
  `Desde` varchar(40) DEFAULT NULL,
  `Necessario` tinyint(1) NOT NULL,
  `Efetivo` tinyint(1) NOT NULL,
  `Seguro` tinyint(1) NOT NULL,
  `Cumprimento` tinyint(1) NOT NULL,
  `Resolvido` tinyint(1) NOT NULL DEFAULT '0',
  `IdSuspeitaPRM` int(11) NOT NULL,
  `IdAcaoQueixa1` int(11) NOT NULL,
  `IdAcaoQueixa2` int(11) NOT NULL,
  PRIMARY KEY (`IdMedicamento`,`IdConsultaVariavel`,`IdQueixa`),
  KEY `fk_tb_consulta_variavel_queixa_has_tb_medicamentos_tb_medic_idx` (`IdMedicamento`),
  KEY `fk_tb_queixa_medicamentos_tb_consulta_variavel_queixa1_idx` (`IdConsultaVariavel`,`IdQueixa`),
  KEY `fk_tb_queixa_medicamentos_tb_suspeita_prm1_idx` (`IdSuspeitaPRM`),
  KEY `fk_tb_queixa_medicamentos_tb_acao_queixa1_idx` (`IdAcaoQueixa1`),
  KEY `fk_tb_queixa_medicamentos_tb_acao_queixa2_idx` (`IdAcaoQueixa2`),
  CONSTRAINT `fk_tb_consulta_variavel_queixa_has_tb_medicamentos_tb_medicam1` FOREIGN KEY (`IdMedicamento`) REFERENCES `tb_medicamentos` (`IdMedicamento`) ON DELETE NO ACTION ON UPDATE NO ACTION,
  CONSTRAINT `fk_tb_queixa_medicamentos_tb_acao_queixa1` FOREIGN KEY (`IdAcaoQueixa1`) REFERENCES `tb_acao_queixa` (`IdAcaoQueixa`) ON DELETE NO ACTION ON UPDATE NO ACTION,
  CONSTRAINT `fk_tb_queixa_medicamentos_tb_acao_queixa2` FOREIGN KEY (`IdAcaoQueixa2`) REFERENCES `tb_acao_queixa` (`IdAcaoQueixa`) ON DELETE NO ACTION ON UPDATE NO ACTION,
  CONSTRAINT `fk_tb_queixa_medicamentos_tb_consulta_variavel_queixa1` FOREIGN KEY (`IdConsultaVariavel`, `IdQueixa`) REFERENCES `tb_consulta_variavel_queixa` (`IdConsultaVariavel`, `IdQueixa`) ON DELETE NO ACTION ON UPDATE NO ACTION,
  CONSTRAINT `fk_tb_queixa_medicamentos_tb_suspeita_prm1` FOREIGN KEY (`IdSuspeitaPRM`) REFERENCES `tb_suspeita_prm` (`IdSuspeitaPRM`) ON DELETE NO ACTION ON UPDATE NO ACTION
) ENGINE=InnoDB DEFAULT CHARSET=latin1;
/*!40101 SET character_set_client = @saved_cs_client */;

--
-- Dumping data for table `tb_queixa_medicamentos`
--

LOCK TABLES `tb_queixa_medicamentos` WRITE;
/*!40000 ALTER TABLE `tb_queixa_medicamentos` DISABLE KEYS */;
INSERT INTO `tb_queixa_medicamentos` VALUES (4,12,28,'1','1',1,1,1,1,1,2,2,2),(8,41,5,'50 mg','2005',1,1,0,0,0,4,2,3),(11,3,17,'50','2005',1,1,1,0,0,7,2,2),(19,15,17,'25 mg','Não Relatou',1,0,0,0,0,4,2,4),(19,44,17,'25 mg','nao relatou',1,0,0,0,0,7,2,3),(19,45,17,'25 mg','Não Relatou',1,0,0,0,0,4,2,4),(19,50,17,'25 mg','nao relatou',1,0,0,0,0,7,2,3),(19,51,17,'25 mg','Não Relatou',1,1,1,1,1,4,2,4),(19,56,17,'25 mg','nao relatou',1,0,0,0,0,7,2,3),(33,43,9,'10mg','não relatado',1,1,0,0,0,5,2,3),(33,49,9,'10mg','não relatado',1,1,0,0,0,5,2,3),(35,15,17,'40 mg','Não Relatou',1,1,1,0,0,7,3,4),(35,45,17,'40 mg','Não Relatou',1,1,1,0,0,7,3,4),(35,51,17,'40 mg','Não Relatou',1,1,1,1,1,7,3,4),(36,44,27,'5 mg','nao relatou',1,1,1,1,0,2,5,6),(36,50,27,'5 mg','nao relatou',1,1,1,1,0,2,5,6),(36,56,27,'5mg','não relatou',1,1,1,0,1,7,2,3),(38,36,27,'4 mg','Não Relatou',0,0,0,0,0,1,2,4),(38,42,27,'4mg','há 30 anos',1,1,0,0,0,6,2,4),(38,47,27,'4 mg','Não Relatou',0,0,0,0,0,1,2,4),(38,48,27,'4mg','há 30 anos',1,1,0,0,0,6,2,4),(39,35,17,'25 mg','Não Relatou',0,0,0,0,0,1,2,4),(39,43,17,'25mg','não relatado',0,0,0,0,0,1,2,3),(39,46,17,'25 mg','Não Relatou',0,0,0,0,1,1,2,4),(39,49,17,'25mg','não relatado',0,0,0,0,0,1,2,3),(39,52,17,'25 mg','não relatou',0,0,0,0,0,1,2,4),(39,54,17,'25mg','não relatado',0,0,0,0,1,1,2,3),(42,34,27,'2 a 12 UI','Não Relatou',1,1,1,0,0,7,3,4),(48,15,27,'850 mg','Não Relatou',1,1,1,0,0,7,3,4),(48,35,27,'850 mg','Não Relatou',1,1,1,0,0,7,3,4),(48,36,27,'850 mg','Não Relatou',1,1,1,0,0,7,3,4),(48,37,27,'850 mg','Não Relatou',1,1,1,0,0,7,3,4),(48,42,27,'850mg','Há 30 anos',1,1,1,0,0,7,3,4),(48,43,27,'850mg','não relatado',1,1,1,0,0,7,3,4),(48,44,27,'850 mg','nao relatou',1,1,1,0,0,7,3,4),(48,45,27,'850 mg','Não Relatou',1,1,1,0,0,7,3,4),(48,46,27,'850 mg','Não Relatou',1,1,1,0,1,7,3,4),(48,47,27,'850 mg','Não Relatou',1,1,1,0,0,7,3,4),(48,48,27,'850mg','Há 30 anos',1,1,1,0,0,7,3,4),(48,49,27,'850mg','não relatado',1,1,1,0,0,7,3,4),(48,50,27,'850 mg','nao relatou',1,1,1,0,0,7,3,4),(48,51,27,'850 mg','Não Relatou',1,1,1,1,1,7,3,4),(48,52,27,'850 mg','Não Relatou',1,1,1,0,0,7,3,4),(48,53,27,'850 mg','Não Relatou',1,1,1,1,1,7,3,4),(48,54,27,'850mg','não relatado',1,1,1,0,1,7,3,4),(48,55,27,'850mg','Há 30 anos',1,1,1,1,1,7,3,4),(48,56,27,'850 mg','nao relatou',1,1,1,1,1,7,3,4),(54,34,16,'40 mg','Não Relatou',1,0,0,0,0,3,2,4),(54,44,16,'nao relatou','nao relatou',1,0,0,0,0,7,2,3),(54,50,16,'nao relatou','nao relatou',1,0,0,0,0,7,2,3),(54,51,16,'Não relatou','Não Relatou',1,0,0,0,1,2,4,4),(54,56,16,'nao relatou','nao relatou',1,0,0,0,0,2,2,3),(91,36,26,'7,5 mg','Não Relatou',1,1,0,0,0,5,2,5),(91,42,5,'7.5mg','não relatou',1,1,0,0,0,5,2,7),(91,47,26,'7,5 mg','Não Relatou',1,1,0,0,0,5,2,5),(91,48,5,'7.5mg','não relatou',1,1,0,0,0,5,2,7),(91,53,26,'7,5 mg','Não Relatou',1,1,1,1,1,5,2,5),(91,55,5,'7.5mg','não relatou',1,1,1,1,1,5,2,7),(93,15,16,'-','-',1,0,0,0,0,2,2,4),(93,34,22,'-','-',1,1,1,1,0,2,2,5),(93,37,16,'-','-',0,0,0,0,0,2,2,4),(93,45,16,'-','-',1,0,0,0,0,2,2,4);
/*!40000 ALTER TABLE `tb_queixa_medicamentos` ENABLE KEYS */;
UNLOCK TABLES;

--
-- Table structure for table `tb_razao_encontro`
--

DROP TABLE IF EXISTS `tb_razao_encontro`;
/*!40101 SET @saved_cs_client     = @@character_set_client */;
/*!40101 SET character_set_client = utf8 */;
CREATE TABLE `tb_razao_encontro` (
  `IdRazaoEncontro` int(11) NOT NULL AUTO_INCREMENT,
  `DescricaoRazao` varchar(100) NOT NULL,
  PRIMARY KEY (`IdRazaoEncontro`)
) ENGINE=InnoDB AUTO_INCREMENT=22 DEFAULT CHARSET=latin1;
/*!40101 SET character_set_client = @saved_cs_client */;

--
-- Dumping data for table `tb_razao_encontro`
--

LOCK TABLES `tb_razao_encontro` WRITE;
/*!40000 ALTER TABLE `tb_razao_encontro` DISABLE KEYS */;
INSERT INTO `tb_razao_encontro` VALUES (1,'-- nao definido --'),(3,'Paciente sente medo de usar vários medicamentos '),(4,'Paciente sente necessidade de conversar sobre seus problemas '),(5,'Paciente acredita que adicionar medicamento significa fracasso '),(6,'Paciente questiona a necessidade de usar medicamentos '),(7,'Paciente questiona os efeitos dos medicamentos '),(8,'Paciente prefere não tomar o medicamento quando se sente bem '),(9,'Paciente desconhece para que servem os medicamentos '),(10,'Paciente tem baixo de nível de conhecimento sobre doença e sobre os medicamentos '),(11,'Paciente não tolera o efeito colateral dos medicamentos '),(12,'Paciente não exerce o controle sobre sua farmacoterapia '),(13,'Paciente tem medo das possíveis reações adversas do medicamento'),(14,'Paciente se sente confusa com os horários dos medicamentos '),(15,'Paciente apresenta um problema de saúde que não está diretamente ligado à farmacoterapia '),(16,'Paciente deseja entender a farmacoterapia '),(17,'Paciente não consegue pagar pelo medicamento '),(18,'Paciente deseja cuidar mais da saúde e entender a farmacoterapia'),(19,'Paciente deseja cuidar mais da saúde e que a glicemia seja controlada'),(20,'Paciente deseja controlar  seus problemas de saúde e compreender seu tratamento medicamentoso.'),(21,'Paciente deseja controlar e compreender seu tratamento medicamentoso');
/*!40000 ALTER TABLE `tb_razao_encontro` ENABLE KEYS */;
UNLOCK TABLES;

--
-- Table structure for table `tb_relato_clinico`
--

DROP TABLE IF EXISTS `tb_relato_clinico`;
/*!40101 SET @saved_cs_client     = @@character_set_client */;
/*!40101 SET character_set_client = utf8 */;
CREATE TABLE `tb_relato_clinico` (
  `IdRelato` int(11) NOT NULL AUTO_INCREMENT,
  `IdPaciente` int(11) NOT NULL,
  `OrdemCronologia` int(11) NOT NULL DEFAULT '1',
  `RelatoTextual` text NOT NULL,
  `RelatoVideo` varchar(200) DEFAULT NULL,
  `NivelDificuldade` int(11) NOT NULL DEFAULT '0',
  `idAreaAtuacao` int(11) NOT NULL DEFAULT '1',
  PRIMARY KEY (`IdRelato`),
  KEY `fk_tb_relato_clinico_tb_paciente1_idx` (`IdPaciente`),
  KEY `fk_tb_relato_clinico_tb_area_atuacao1_idx` (`idAreaAtuacao`),
  CONSTRAINT `fk_tb_relato_clinico_tb_area_atuacao1` FOREIGN KEY (`idAreaAtuacao`) REFERENCES `tb_area_atuacao` (`IdAreaAtuacao`) ON DELETE NO ACTION ON UPDATE NO ACTION,
  CONSTRAINT `fk_tb_relato_clinico_tb_paciente1` FOREIGN KEY (`IdPaciente`) REFERENCES `tb_paciente` (`IdPaciente`) ON DELETE NO ACTION ON UPDATE NO ACTION
) ENGINE=InnoDB AUTO_INCREMENT=90 DEFAULT CHARSET=latin1;
/*!40101 SET character_set_client = @saved_cs_client */;

--
-- Dumping data for table `tb_relato_clinico`
--

LOCK TABLES `tb_relato_clinico` WRITE;
/*!40000 ALTER TABLE `tb_relato_clinico` DISABLE KEYS */;
INSERT INTO `tb_relato_clinico` VALUES (1,1,1,'teste 1',NULL,1,1),(2,1,2,'evolucao 1',NULL,1,1),(5,3,1,'A.C.S, homem, branco, data de nascimento 08/07/1946, casado, mora com a esposa e tem 5 filhos que não moram com ele. É aposentado, trabalhava fazendo manutenção de ar condicionado. Cursou o ensino fundamental completo. Tem acesso ao sistema de saúde pelo SUS. Adquire seus medicamentos na Farmácia Popular do Brasil. Os médicos que o acompanham são: Dra. S. (Clínico Geral) e Dr. P. (Endocrinologista), ambos atendem na Unidade Básica de Saúde do seu bairro. Altura = 1,65 m, Peso = 74,75 Kg, Circunferência abdominal = 97 cm. Parou de fumar e ingerir bebidas alcóolicas há 12 anos e toma entre duas a seis xícaras de café por dia. O paciente é portador de Hipertensão Arterial Sistêmica (HAS) e Diabetes Mellitus tipo II há 10 anos. Na revisão dos sistemas e da história pessoal informou ter: aumento do apetite, diminuição da audição, rinite alérgica, glaucoma, hiperlipidemia, queimação, principalmente quando come farinha, impotência sexual, diminuição do desejo sexual, tendinite e leve tremor. Além disso, certa vez ocorreu uma hemorragia numa extração dentária. Utilizou Hidroclorotiazida no passado, por dois anos, parou porque perdeu o efeito. Quanto às suas enfermidades, o paciente expressa o desejo de melhorar, mas questiona a necessidade de usar medicamentos. O Sr. A.C.S. possui uma tabela com os horários de tomada dos medicamentos que utiliza, no entanto a mesma está desatualizada. A partir do momento em que foi convidado para o programa de Atenção Farmacêutica, o paciente relata que modificou o comportamento na tomada dos medicamentos e começou a aderir ao tratamento. Antes do convite, ele não tomava nenhum dos medicamentos prescritos pelo médico. Não possui alergia a medicamentos e relata que nunca apresentou reações adversas aos mesmos. Possui alergia a mofo. O seu oftalmologista prescreveu que usasse óculos, mas por achar que não precisa, ele não o utiliza. É evangélico e frequenta assiduamente a igreja. Já teve um acidente automobilístico aos 42 anos e levou 138 pontos na cabeça. Relatou que seu pai e sua mãe faleceram por causa de diabetes descontrolada, há 12 e 2 anos, respectivamente. Alegou que sua comida é sem sal, não gosta de chá e que se vacina contra a gripe todos os anos. Nos últimos exames apresentou Hemoglobina glicada 12.4% e Glicemia de jejum 228 mg/dl. Atualmente o Sr. A.C.S. utiliza os medicamentos Glibenclamida 5mg, 1 comprimido as 7 horas e as 12 horas (prescrita pelo Dr. P.) e prescritos pelo Dr. S.: Captopril 25mg, 2 comprimidos as 5 horas, as 14 horas e as 22 horas; Nifedipino 20mg, 1 comprimido as 7 horas e as 19 horas; Furosemida 40mg, 1 comprimido as 9 horas; Metformina 850mg, 1 comprimido as 12:30 horas e as 19:30 horas; Ácido Acetil Salicílico 100mg, 1 comprimido as 13 horas. No dia do primeiro atendimento farmacêutico, o Sr. A.C.S. apresentou PA (mmHg): 180/110 e Glicemia capilar 291 mg/dL.',NULL,1,1),(6,3,2,'O paciente relatou que está há alguns dias sem tomar a metformina e que jamais utilizou a furosemida prescrita pelo médico. O Sr. A.C.S. informou também que finalizou o tratamento com o medicamento Sinvastatina e não retornou ao médico para averiguar os índices de colesterol. Não faz atividade física. Há um ano não vai a uma consulta médica. Houve aumento de peso. Costuma tomar o captopril junto com o café da manhã. ',NULL,1,1),(7,3,3,'Para algumas intervenções realizadas no acompanhamento desse paciente, seria necessário referenciá-lo ao médico ou a outro profissional de saúde. Desse modo, elabore um laudo técnico contendo os dados do paciente, o motivo de referência à consulta médica ou com outro profissional de saúde, alternativas de resoluções para os problemas apresentados pelo paciente, nome, contato e número de registro do farmacêutico e as referências bibliográficas que foram utilizadas para propor as alternativas de resoluções.',NULL,1,1),(8,3,4,'O paciente compreendeu a importância da atividade física e da alimentação adequada no controle de seus problemas de saúde, aceitou realizar 30 minutos de caminhada por dia e está apto para controlar a alimentação. Ele expressou o desejo de ter o horário do uso dos medicamentos organizados em uma tabela. Além disso, o Sr. A.C.S. retornou ao médico e está de acordo em aderir ao tratamento e adequar os seus horários. Ele irá realizar exames laboratoriais para avaliar a necessidade da Sinvastatina. Após essas mudanças, o paciente apresentou os seguintes parâmetros clínicos: PA (mmHg) = 140/100; Glicemia capilar casual = 128 mg/dl; Peso = 76,20 kg; Circunferência Abdominal = 96 cm. ',NULL,1,1),(9,4,1,'E.B.R., mulher, branca, data de nascimento - 29/08/1946, casada, mãe de três filhos que não moram mais com ela, reside com o marido, dona de casa, cursou o ensino médio completo. Dispõe do plano de saúde da Petrobrás. Adquire os medicamentos na Farmácia Popular do Brasil, farmácias comunitárias e no CASE. Os médicos que a acompanham são: Endocrinologista (V.C.) e Cardiologista (J.B.R.) todos atendem em clínicas particulares. Altura 1,63 m, Peso 99,4 Kg, Circunferência abdominal 115 cm, não fuma (parou há 20 anos), bebe café, menos de duas xícaras por dia, não faz consumo de bebida alcoólica (parou há cinco anos). Na revisão dos sistemas e da história pessoal, informou ter: Diabetes e Hiperlipidemia. Relata que se sente confusa com os horários dos medicamentos. Realiza hidroginástica todos os dias. Na alimentação: usa adoçante, frutas (banana, manga), pouco sal, pouca gordura, verduras, alimenta-se seis vezes por dia, usa chá de camomila, chá verde e cidreira. Diz seguir a prescrição médica, mas quando está fora de casa deixa de tomar a insulina. Tem dificuldade para caminhar, usa bengala. Relata ter usado vários tipos de insulina e não tem efeito, segundo a paciente “no começo tem efeito depois perde”. O pai e a mãe faleceram por complicações do diabetes. Nos últimos exames apresentou Hemoglobina glicada 13%, Glicemia de jejum 274 mg/dl e Colesterol total 273 mg/dl. Atualmente utiliza os medicamentos Sinvastatina 40 mg, 1 comprimido no jantar jantar (prescrita pelo cardiologista); Vildagliptina/Metformina 50/850 mg, 1 comprimido de cada, 30 minutos antes do café e 30 minutos antes do jantar (prescrito a 4 anos); Insulina Aspart de 2 a 12 U, de acordo com esquema; este dois últimos prescritos pelo endocrinologista. No dia do primeiro atendimento farmacêutico, A Srª. E.B.R. apresentou PA (mmHg): 120/70 e Glicemia capilar 252 mg/dL.',NULL,1,1),(11,4,2,'Paciente relata estar com muita dor de estômago, por isso sente-se indisposta e interrompeu a hidroginástica. Em seus exames laboratoriais, os níveis de colesterol estão acima dos limites de referência. Está fazendo aulas de dança uma vez por semana. Médica prescreveu Insulina Aspart® (ultra-rápida), se preciso antes do café, almoço e jantar de acordo com o esquema: \r\nCaso a glicemia casual estiver < 140 ? não precisa utilizar\r\nSe estiver entre 140 – 200 mg/dL ? utilizar 2 U da insulina\r\nSe estiver entre 201 – 250 mg/dL ? utilizar 4 U\r\nSe estiver entre 251 – 300 mg/dL ? utilizar 6 U\r\nSe estiver entre 301 – 350 mg/dL ? utilizar 8 U\r\nSe estiver entre 351 – 400 mg/dL ? utilizar 10 U\r\nSe estiver acima > 400 mg/dL ? utilizar 12 U\r\nA paciente relata que se sente confusa com tantos medicamentos e horários diferentes. Segundo ela, acredita que “toma tudo errado”, principalmente a insulina.\r\n',NULL,1,1),(12,4,3,'Para algumas intervenções realizadas no acompanhamento dessa paciente, seria necessário referenciá-la ao médico ou a outro profissional de saúde. Desse modo, elabore um laudo técnico contendo os dados da paciente, o motivo de referência à consulta médica ou com outro profissional de saúde, alternativas de resoluções para os problemas apresentados pela paciente, nome, contato e número de registro do farmacêutico e as referências bibliográficas que foram utilizadas para propor as alternativas de resoluções.',NULL,1,1),(13,4,4,'A paciente se sente melhor quanto à dor no estômago depois de iniciar o tratamento com o Omeprazol. Retomou a hidroginástica. A Sra. E.B.R. está sendo acompanhada pelo nutricionista, mas mesmo assim, continua ganhando peso. No entanto, está muito feliz com o controle da sua glicemia = 105 mg/dl. Na última consulta, o médico substituiu a Sinvastatina de 40 mg por Atorvastatina 20 mg. Ela expressou o desejo de ter o horário do uso dos medicamentos organizados em uma tabela. Após essas mudanças, a paciente apresentou os seguintes parâmetros clínicos: PA (mmHg) = 110/70; Peso = 105, 75 kg; Circunferência Abdominal = 115 cm. ',NULL,1,1),(14,5,1,'E.V., mulher, branca, data de nascimento 12/05/1943, separada, evangélica, mora com uma filha, duas netas e uma bisneta, cursou o ensino superior completo, aposentada e trabalhava como secretária. Adquire os medicamentos na farmácia popular e no posto de saúde. Os médicos que a acompanha são: clínico geral (L.C), cardiologista (L.A.S.). Altura 1,49 m, Peso 58,40 Kg, Circunferência da cintura 90 cm, não fuma, deixou de consumir bebida alcoólica há 15 anos, bebe entre duas a seis xícaras de café por dia. Na revisão dos sistemas e da história pessoal informou ter: Hipertensão Arterial Sistêmica (HAS) e Diabetes Mellitus tipo II há 13 anos e diminuição da audição. Espera reduzir o número de medicamentos que toma e reduzir a glicemia. Reclama da elevada quantidade de medicamentos que ingere e expressa medo das reações adversas que estes podem causar. Ela diz que entende a farmacoterapia prescrita, mas não adere porque não entende a doença. Às vezes esquece-se de tomar os medicamentos. Possui alergia a profenid, mofo e poeira e tem arritmia quando toma captopril. Tomou insulina uma única vez, quando teve uma crise de hiperglicemia (370 mg/dl) e obteve melhora do quadro. Retirou o útero aos 45 anos e retirou as amígdalas aos 12 anos. A mãe faleceu aos 72 anos de enfisema pulmonar e tinha DM, e o pai faleceu aos 73 anos de infarto e tinha  HAS.  Come de três em três horas, adora doces, come doce diet, come gordura, não faz caminhada e cansa rápido ao fazer exercícios. Não tem hábito de tomar chá. Vacina-se todos os anos contra a gripe. Nos últimos exames apresentou Hemoglobina glicada 8,8% e Glicemia de jejum 129 mg/dl, Glicemia Pós-prandial 212 mg/dL e Colesterol total 177 mg/dl. Atualmente utiliza os medicamentos Enalapril 10mg, 1comprimido às 09 horas; Propanolol 40mg, 1 comprimido as 08 horas e as 20 horas; Hidroclorotiazida 25mg, 1 comprimido as 08:30 (os três prescritos pelo cardiologista); Metformina 850 mg, 1 comprimido três vezes ao dia (antes do café, do almoço e do jantar); Glibenclamida 5 mg, 1 comprimido antes do café e um antes do jantar (prescritos pelo clínico geral). No dia do primeiro atendimento farmacêutico, a Sra. E.V. apresentou PA (mmHg): 135/75 e Glicemia capilar 310mg/dL.',NULL,1,1),(15,5,2,'A paciente relata que não toma hidroclorotiazida desde que foi prescrita, acredita que este medicamento não seja necessário, além de preferir não utilizá-lo pelo incômodo de ir muitas vezes ao banheiro. Os níveis pressóricos continuam normalizados. Adere aos outros anti-hipertensivos. Não quer fazer atividade física, abusa da alimentação desregrada. Não adere à Metformina porque não compreende para que serve tantos medicamentos. Além disso, relata que os horários de tomada dos medicamentos são muito confusos. ',NULL,1,1),(16,5,3,'Para algumas intervenções realizadas no acompanhamento dessa paciente, seria necessário referenciá-la ao médico ou a outro profissional de saúde. Desse modo, elabore um laudo técnico contendo os dados da paciente, o motivo de referência à consulta médica ou com outro profissional de saúde, alternativas de resoluções para os problemas apresentados pela paciente, nome, contato e número de registro do farmacêutico e as referências bibliográficas que foram utilizadas para propor as alternativas de resoluções.\r\n',NULL,1,1),(17,5,4,'Após as intervenções educativas, a paciente diz que compreendeu a importância da adesão ao tratamento. O médico concordou em suspender o uso da Hidroclorotiazida. Ficou muito feliz e grata ao farmacêutico que a auxiliou a diminuir o número de medicamentos que utilizava. Marcou uma consulta com a nutricionista. Expressou o desejo de ter os horários dos medicamentos organizados em uma tabela. Informou que utiliza o medicamento Enalapril há cinco anos. Está realizando caminhadas em dias alternados, durante 20 minutos. A diminuição da audição, que surgiu há um ano, ainda a incomoda um pouco. Após essas mudanças, o paciente apresentou os seguintes parâmetros clínicos: PA (mmHg) = 130/80; Glicemia capilar casual = 128 mg/dl; Peso = 58 kg; Circunferência Abdominal = 90 cm. \r\n',NULL,1,1),(18,6,1,'F.B.O, homem, branco, data de nascimento 03/01/1945, casado, mora com a esposa e tem três filhos, apenas um mora com ele. É aposentado, trabalhava com sonda de perfuração na Petrobrás. Cursou o ensino fundamental completo e um curso técnico. Tem acesso ao sistema de saúde pelo plano de saúde da Petrobrás. Os médicos que o acompanham são: Dra. S. (Clínica Geral) e Dr. P. (Endocrinologista). Altura 1,64 m, Peso 62 Kg, Circunferência abdominal 81 cm. Fuma de 10 a 20 cigarros por dia, bebe entre duas a seis xícaras de café por dia. Parou de ingerir bebida alcoólica há dois anos. Na revisão dos sistemas e da história pessoal informou ter: Diabetes Mellitus tipo II há 30 anos, dores nos pés e constipação. Não tem alimentação adequada, usa adoçante, gosta de mamão, abacaxi, banana e laranja, não toma chás. Não realiza atividades físicas. Vacina-se contra a gripe todos os anos. Relata que deseja melhorar a saúde e espera que os medicamentos o ajudem. Não apresenta preocupação quanto à farmacoterapia, porém reclama que não a compreende muito bem e isso o incomoda muito. Acredita em Deus, mas não segue nenhuma religião. Nunca apresentou alergia e reações adversas aos medicamentos. Quando tinha 28 anos teve um acidente no trabalho e perdeu dois dedos. Tem cinco irmãos, um tinha diabetes e faleceu. O pai e o avô também tinham diabetes. Nos últimos exames apresentou Hemoglobina Glicada 6,5%; Glicemia pós prandial: 131 mg/dL e Glicemia de jejum: 133 mg/dL. Atualmente utiliza os medicamentos Glimepirida 4mg, 1 comprimido antes jantar; Metformina 850mg 1 comprimido antes do almoço e 1 antes do jantar (os dois prescritos pelo Dr. P.);  Tylex® 7,5 mg, 01 comprimido a cada 4 horas (prescrito pelo clínico geral).  No dia do atendimento, apresentou PA (em mmHg): 130/80, Glicemia capilar 220 mg/dL.',NULL,1,1),(19,6,2,'O paciente relata ficar muito confuso com os horários de tomada dos medicamentos. Às vezes esquece-se de tomar a Metformina, mas não é frequente. Não utiliza a Glimepirida desde que “passou mal com ela”, o paciente questiona a necessidade deste medicamento. Teve uma crise de hipoglicemia na última vez que a utilizou, durante a madrugada. Reclama que a constipação o incomoda muito. A dor nos pés melhorou depois que iniciou o tratamento com Tylex®. ',NULL,1,1),(20,6,3,'Para algumas intervenções realizadas no acompanhamento desse paciente, seria necessário referenciá-lo ao médico ou a outro profissional de saúde. Desse modo, elabore um laudo técnico contendo os dados do paciente, o motivo de referência à consulta médica ou com outro profissional de saúde, alternativas de resoluções para os problemas apresentados pelo paciente, nome, contato e número de registro do farmacêutico e as referências bibliográficas que foram utilizadas para propor as alternativas de resoluções.',NULL,1,1),(21,6,4,'Ao retornar ao médico, este optou por alterar a posologia do medicamento Tilex® (tomar apenas quando sentir dor), associar a medidas não farmacológicas e monitorar o problema da constipação. O paciente está fazendo caminhada entre três a quatro vezes por semana, durante uma hora.  Sente que a constipação desapareceu e a dor nos pés não o incomoda tanto mais. Reduziu os cigarros e concordou com uma meta de 10 cigarros por dia. Com as intervenções educativas, compreendeu a farmacoterapia e importância de aderir à Metformina. O médico suspendeu o uso da Glimepirida. O Sr. F.B.O. expressou o desejo de ter o horário dos seus medicamentos organizados em uma tabela. Após essas mudanças, o paciente apresentou os seguintes parâmetros clínicos: PA (mmHg) = 130/80; Glicemia capilar casual = 101 mg/dl; Peso = 67 kg; Circunferência Abdominal = 82 cm. ',NULL,1,1),(22,7,1,'G.G, mulher, branca, data de nascimento 23/09/1941, casada, alterna em duas moradias: com o esposo em uma cidade do interior e com o neto na capital. É aposentada. Tem acesso ao sistema de saúde pelo GEAP e pelo SUS. Cursou o ensino fundamental incompleto. Adquire seus medicamentos na Farmácia Popular do Brasil. Os médicos que a acompanham são: Clínico Geral e um Endocrinologista. Altura 1,60 m, Peso 75,55 Kg, Circunferência da cintura 102 cm. Não fuma, não ingere álcool e bebe entre duas a seis xícaras de café por dia. A paciente relata que comete alguns exageros como utilizar açúcar misturado com adoçante. Gosta de jaca, manga e pinha. Não tem restrições com sal e gordura. Não utiliza chás e não faz exercícios físicos. Na revisão dos sistemas e da história pessoal informou ter: Diabetes Mellitus tipo II diagnosticada há dois anos e hiperlipidemia. A paciente utilizou um hipoglicemiante para tratar uma crise de hipoglicemia (paciente desconhece para que servem os medicamentos). Expressa o desejo de cuidar mais da saúde e que a glicemia seja controlada. É evangélica e acredita que Jesus vai curá-la de tudo. Não apresenta alergia aos medicamentos. Nunca apresentou reações adversas aos medicamentos que utilizou no passado. Fez uma cirurgia de suspensão do útero há cinco anos. Possui cinco filhos, quatro de parto normal e uma cesariana. A mãe é portadora de Diabetes e o pai faleceu por complicações da Hipertensão Arterial Sistêmica. Nos últimos exames apresentou Glicemia de jejeum: 280 mg/dL; Colesterol total: 254 mg/dL; Triglicerídeos: 302 mg/dL e Hemoglobina glicada: 10,5%. Atualmente utiliza os medicamentos Glibenclamida 5mg, 1 comprimido antes do café da manhã e 1 antes do jantar; Metformina 850mg, 1 comprimido após o café da manhã; os dois prescritos pelo Dr. P. No dia do atendimento, apresentou PA (em mmHg): 130/70, Glicemia capilar 276 mg/dL.',NULL,1,1),(23,7,2,'A Sra. G.G. diz que às vezes troca o horário da Metformina, por não conseguir entender a prescrição médica. A paciente relata que exagera na comida, mas está tentando melhorar. A paciente está preocupada com o aumento dos seus níveis de colesterolemia, seus exames sugeriram o aparecimento de esteatose hepática (a confirmar).  Teve crise de hipoglicemia e tomou a metformina pensando que isso iria melhorá-la. Está preocupada com o neto que está passando por problemas. Passou um tempo sem tomar a metformina por estar “sem cabeça para pensar nela”.  ',NULL,1,1),(24,7,3,'Para algumas intervenções realizadas no acompanhamento dessa paciente, seria necessário referenciá-la ao médico ou a outro profissional de saúde. Desse modo, elabore um laudo técnico contendo os dados da paciente, o motivo de referência à consulta médica ou com outro profissional de saúde, alternativas de resoluções para os problemas apresentados pela paciente, nome, contato e número de registro do farmacêutico e as referências bibliográficas que foram utilizadas para propor as alternativas de resoluções.',NULL,1,1),(25,7,4,'A paciente relata que começou a caminhar durante 20 min por dia e iniciou o tratamento para a esteatose hepática com sinvastatina (20mg, 1 comprimido antes de dormir), prescrita pelo médico. De acordo com ela, após as intervenções educativas, entendeu a importância da adesão e a função de cada medicamento. Além disso, a Srª G.G. concordou em buscar um nutricionista e está muito grata por todo o apoio físico e emocional que tem recebido no programa de Atenção Farmacêutica. Após essas mudanças, a paciente apresentou os seguintes parâmetros clínicos: PA (mmHg) = 130/70; Glicemia capilar casual = 163 mg/dl; Peso = 75 kg; Circunferência Abdominal = 94 cm.',NULL,1,1),(26,8,1,'I.G.R, mulher, negra,data de nascimento 03/06/1935, casada, católica, mora com a filha, é aposentada e dona de casa, estudou até o ensino fundamental completo e possui nove filhos, um deles faleceu. Adquire os medicamentos na farmácia popular e em farmácias comerciais e possui o plano da UNIMED. Os médicos que a acompanha são: clínico geral (S.) e endocrinologista (P.). Altura 1,59 m, Peso 66,40 Kg, Circunferência da cintura 99 cm, não fuma, não consome bebida alcoólica, bebe menos de duas xícaras de café por dia. Na revisão dos sistemas e da história pessoal informou ter: Diabetes Mellitus tipo II há 13 anos e Depressão. Relata que ser atendida pelo programa de Atenção Farmacêutica é bom porque é uma atividade, uma distração e pode desabafar. Paciente sente necessidade de conversar sobre seus problemas. Espera ficar bem com o tratamento medicamentoso. Ela diz que entende a farmacoterapia prescrita. Teve nove partos normais, retirou o útero e uma mama há 20 anos. O pai tinha diabetes e a mãe câncer, ambos faleceram. Não come açúcar e, segundo ela, a alimentação é moderada. Uma das suas filhas tem hipertensão. Relata que toma chá de mastruz, pois acredita que esse chá curou sua pneumonia no passado. Além desse, toma chá de sambacaitá, carqueja, erva doce, capim santo e pata de vaca. Não está fazendo atividade física. Não se vacinou contra a gripe ano passado. Nos últimos exames apresentou Hemoglobina Glicada de 11%. Atualmente utiliza os medicamentos Glimepirida 4 mg, 1 comprimido antes do café e Glifage® 850 mg, 1 comprimido antes do café e jantar, os dois prescritos pelo endocrinologista. No dia do primeiro atendimento farmacêutico, a Sra. I.G.R apresentou PA (mmHg): 120/80 e Glicemia capilar 355 mg/dL.',NULL,1,1),(27,8,2,'A Srª I.G.R. reclama muito de insônia, sente-se muito deprimida e isso a desestimula a se cuidar. Sente náuseas e às vezes, vomita quando toma o Glifage®, por isso não adere ao tratamento. O médico a diagnosticou com catarata nos olhos, mas não realizou a cirurgia, porque a Diabetes está descontrolada. Para conseguir engolir o comprimido de Glifage®, a paciente o partia ao meio. Deixou de utilizá-lo por não tolerar as reações adversas. Não realiza atividades físicas.',NULL,1,1),(28,8,3,'Para algumas intervenções realizadas no acompanhamento dessa paciente, seria necessário referenciá-la ao médico ou a outro profissional de saúde. Desse modo, elabore um laudo técnico contendo os dados da paciente, o motivo de referência à consulta médica ou com outro profissional de saúde, alternativas de resoluções para os problemas apresentados pela paciente, nome, contato e número de registro do farmacêutico e as referências bibliográficas que foram utilizadas para propor as alternativas de resoluções.',NULL,1,1),(29,8,4,'Após ser encaminhada ao médico, que lhe prescreveu um antidepressivo (Donaren® 50mg 1 comprimido às 21h), a paciente diz sentir-se mais disposta e está se cuidando melhor. A Srª I.G.R. está muito feliz porque conseguiu controlar sua Diabetes com a troca do seu hipoglicemiante (Médico substituiu o Glifage® por Acarbose, 50 mg, 1 comprimido antes do café da manhã e do jantar). Além disso, esse novo medicamento para a Diabetes não lhe causa mais náuseas e agora ela poderá marcar a cirurgia de catarata.  Após essas mudanças, o paciente apresentou os seguintes parâmetros clínicos: PA (mmHg) = 130/80; Glicemia capilar casual = 152 mg/dl; Peso = 68 kg; Circunferência Abdominal = 98 cm. ',NULL,1,1),(30,9,1,'J.C.A., homem, branco, data de nascimento 14/02/1946, aposentado, trabalhava como técnico de contabilidade, mora sozinho e não tem filhos, cursou o ensino superior incompleto (Direito). Adquire os medicamentos na farmácia popular e em farmácias comunitárias. Os médicos que o acompanham são: Dra. S. (Clínico Geral) e Dr. P. (Endocrinologista). Altura 1,56 m, Peso 56,00 Kg, Circunferência da cintura 89 cm, há 30 anos deixou de fumar, consome bebida alcoólica em festas, menos de dois copos por semana, geralmente cerveja, bebe de duas a seis xícaras de café por dia. Na revisão dos sistemas e da história pessoal informou ter: Hipertensão Arterial e Diabetes Mellitus tipo II há 13 anos, dor de dente (cáries frequentes) e insônia. Relata que usa muitos medicamentos e eles não surtem efeitos. Paciente questiona os efeitos dos medicamentos. Lê muito sobre o universo/religião. Diz que toma os medicamentos no horário certo. Possui alergia ao naproxeno (coceiras, feridas no corpo). Colocou prótese no olho há 40 anos, fez biópsia da próstata há cinco anos, angioplastia e dois cateterismos há dois anos e passou por coma alcoólico quatro vezes. Tio, primo e irmã são portadores de Diabetes. A alimentação é com “quentinhas’, biscoitos e frutas (geralmente janta o que sobrou da “quentinha” do almoço). Toma chá de camomila e mulungu. Vacina-se contra a gripe todos os anos. Nos últimos exames apresentou Hemoglobina Glicada de 8%. Atualmente utiliza os medicamentos Propanolol 40 mg 1 comprimido duas vezes ao dia (prescrito pelo Dr. S.); Metformina 850 mg: 1 comprimido antes do café, do almoço e do jantar (prescrito pelo Dr. P.) e Hidroxizina 2 mg 1 comprimido ao deitar. No dia do primeiro atendimento farmacêutico, a Sra. J.C.A. apresentou PA (mmHg): 140/85 e Glicemia capilar 252 mg/dL.',NULL,1,1),(31,9,2,'O paciente relata que uma médica lhe prescreveu o medicamento Hidroxizina há 10 anos e ele o utiliza até hoje porque este medicamento o ajuda a dormir bem. O paciente suspendeu o uso da Metformina e está tomando chá de insulina, acredita que assim conseguirá controlar os seus níveis glicêmicos. Questiona o efeito dos medicamentos, por não utiliza o Propranolol.',NULL,1,1),(32,9,3,'Para algumas intervenções realizadas no acompanhamento desse paciente, seria necessário referenciá-lo ao médico ou a outro profissional de saúde. Desse modo, elabore um laudo técnico contendo os dados do paciente, o motivo de referência à consulta médica ou com outro profissional de saúde, alternativas de resoluções para os problemas apresentados pelo paciente, nome, contato e número de registro do farmacêutico e as referências bibliográficas que foram utilizadas para propor as alternativas de resoluções.',NULL,1,1),(33,9,4,'Após intervenções educativas, o paciente compreendeu que não poderia continuar utilizando a Hidroxizina e ficou muito impressionado ao saber que este medicamento contribuía com o aparecimento das suas cáries. Concordou em substituí-lo por um fitoterápico (Passiflorine, 1 colher de sopa ao deitar) e está muito grato ao farmacêutico. Passou a dormir melhor com a ajuda do fitoterápico e depois que iniciou as atividades físicas. Além disso, relatou compreender a importância da adesão aos medicamentos e os riscos de substituir a Metformina pelo chá de insulina. Marcou consulta com a nutricionista e com o dentista. Após essas mudanças, o paciente apresentou os seguintes parâmetros clínicos: PA (mmHg) = 110/60; Glicemia capilar casual = 128 mg/dl; Peso = 56 kg; Circunferência Abdominal = 83 cm.',NULL,1,1),(34,10,1,'J.J. homem, branco, data de nascimento 19/03/1935, casado, viúvo, tem 2 filhos, mora com uma filha, é aposentado como operador de telecomunicação. Cursou o ensino médio completo. Tem acesso ao sistema de saúde pela GEAP. Adquire os medicamentos na Farmácia Popular do Brasil e farmácias comunitárias. Os médicos que o acompanham são Dra. S. (Clínico Geral) e Dr. P. (Endocrinologista). Altura 1,51 m, Peso 53,3 Kg, Circunferência abdominal 81 cm. O paciente não ingere bebida alcoólica, não fuma, bebe menos que duas xícaras de café por dia. Na revisão dos sistemas e da história pessoal, informou ter: Hiperlipidemia e Hipertensão Arterial Sistêmica (HAS), diagnosticadas há 15 anos. Paciente não tolera o efeito colateral de alguns medicamentos, isso o incomoda muito. Paciente diz aderir ao tratamento. Relata que não utiliza medicamentos por conta própria e “tem esperança de controlar as suas doenças”. Refere alergia aos antibióticos (desmaio). Reação adversa ao AAS (suspeita de sangramento). Sua mãe morreu por conseqüências da HAS, tem 12 irmãos, todos portadores de HAS. Relata que reduziu bastante a quantidade de sal na alimentação, consome pouca gordura, gosta de jaca, manga e mamão. Não gosta de verduras, mas ingere por saber fazer bem à saúde. Faz caminhadas cerca de três a quatro vezes na semana. Gosta de chá de cidreira, boldo, capim-santo. Nos últimos exames apresentou Colesterol total 298 mg/dL e Glicemia de jejum 119 mg/dL. Atualmente utiliza os medicamentos Enalapril 10 mg, 1 comprimido de 12/12h e Atenolol 25 mg, 1 comprimido às 12h.  (prescritos pela Dra. S.). No dia do atendimento, apresentou PA (em mmHg): 140/80, Glicemia capilar casual = 128 mg/dl.',NULL,1,1),(35,10,2,'O Sr. J.J. sente-se indisposto para realizar atividade física. O paciente sente que o Enalapril lhe causa desconforto gastrointestinal, constipação e garganta seca. Relata que não tolera esses efeitos colaterais. Toma o Atenolol junto com o almoço, segundo ele, é mais fácil para lembrar. No último final de semana, o paciente foi ao aniversário do seu melhor amigo e abusou nas frituras que foram servidas no evento. Os níveis de colesterol estão elevados.',NULL,1,1),(36,10,3,'Para algumas intervenções realizadas no acompanhamento desse paciente, seria necessário referenciá-lo ao médico ou a outro profissional de saúde. Desse modo, elabore um laudo técnico contendo os dados do paciente, o motivo de referência à consulta médica ou com outro profissional de saúde, alternativas de resoluções para os problemas apresentados pelo paciente, nome, contato e número de registro do farmacêutico e as referências bibliográficas que foram utilizadas para propor as alternativas de resoluções.',NULL,1,1),(37,10,4,'Com as intervenções educativas, o paciente entendeu a importância e as peculiaridades da sua farmacoterapia, em especial a interação fármaco-alimento do Atenolol. O paciente concordou em realizar 30 minutos de caminhada por dia e está apto para controlar a alimentação. Ele expressou o desejo de ter o horário do uso dos medicamentos organizados em uma tabela. Após intervenção farmacêutica, o médico prescreveu um hipolipemiante (Sinvastatina 20mg, 1 comprimido antes de dormir) e concordou em trocar o Enalapril por outro medicamento (Hidroclorotiazida 25mg, 1 vez ao dia) que não cause ao Sr. J.J. os referidos efeitos colaterais. Após essas mudanças, o paciente apresentou os seguintes parâmetros clínicos: PA (mmHg) = 130/80; Glicemia capilar casual = 128 mg/dl; Peso = 54 kg; Circunferência Abdominal = 81,5 cm. ',NULL,1,1),(38,11,1,'J.R. homem, branco, data de nascimento 08/09/1949, casado, viúvo, tem cinco filhos, mora com três deles, é aposentado, técnico em eletrônica, cursou ensino superior incompleto em Engenharia Química. O paciente é usuário do SUS, adquire os medicamentos na Unidade Básica de Saúde, na Farmácia Popular do Brasil e em farmácias de manipulação. Os médicos que o acompanham são: Dra. S. (Clínico Geral) e Dr. P. (Endocrinologista). Altura 1,56 m, Peso 58,2 Kg, Circunferência abdominal 90 cm, não fuma, bebe café de 2-6 xícaras por dia e ingere bebida alcoólica, menos de dois copos de cerveja por semana. Na revisão dos sistemas e da história pessoal, informou ter: Hipertensão Arterial Sistêmica (HAS) diagnosticada há 35 anos e Diabetes Mellitus tipo II desde 2008. Anda de bicicleta por 15 minutos/ duas vezes na semana. Na alimentação, reduziu o sal e a gordura. Relata que às vezes sente-se mal quando toma o anti-hipertensivo (tontura, sudorese, sensação de desmaio, fraqueza, tremor), por isso não adere completamente a este medicamento. Paciente não tolera o efeito colateral dos medicamentos. Não gosta que corte alimentos da sua dieta, prefere reduzir e moderar na alimentação diária. Relata que no passado teve reação adversa ao Captopril, Hidroclorotiazida e o Propranolol, sentia sensação de desmaio. Os pais são hipertensos, assim como todos os irmãos (10). Nos últimos exames apresentou Hemoglobina glicada 7,5%. Atualmente utiliza os medicamentos Metformina 850, 1 comprimido de após o almoço (prescrito pelo endocrinologista) e Losartana 50 mg, de 12/12 horas (prescrito pela clínica geral).  No dia do primeiro atendimento farmacêutico, o Sr. J.R. apresentou PA (mmHg): 126/72; Glicemia capilar casual = 128 mg/dl.',NULL,1,1),(39,11,2,'Paciente relata que viajou no final de semana e esqueceu-se de levar o anti-hipertensivo. Desse modo, a PA atingiu 170/10 mmHg. Está andando de bicicleta 40 minutos/ 3 vezes por semana. Às vezes deixa de tomar o medicamento Losartana por apresentar crises de hipoglicemia, mas não é frequente. Paciente não tolera este efeito colateral. Quando se sente bem, deixa de tomar o hipoglicemiante. ',NULL,1,1),(40,11,3,'O Sr. J.R. retornou ao médico e está de acordo em utilizar outro medicamento (Valsartana, 80mg, 1 comprimido uma vez ao dia) que mantenha o controle da PA e não lhe cause os referidos efeitos colaterais. Ele expressou o desejo de ter o horário do uso dos medicamentos organizados em uma tabela, comprometendo-se em aderir ao tratamento. Após intervenções educativas, compreendeu que é portador de doenças crônicas e não deve deixar de tomar os medicamentos quando se sente bem. Após essas mudanças, o paciente apresentou os seguintes parâmetros clínicos: PA (mmHg) = 120/70; Glicemia capilar casual = 128 mg/dl; Altura 1,56 m, Peso 55,2 Kg, Circunferência abdominal 87 cm. ',NULL,1,1),(41,11,4,'Para algumas intervenções realizadas no acompanhamento desse paciente, seria necessário referenciá-lo ao médico ou a outro profissional de saúde. Desse modo, elabore um laudo técnico contendo os dados do paciente, o motivo de referência à consulta médica ou com outro profissional de saúde, alternativas de resoluções para os problemas apresentados pelo paciente, nome, contato e número de registro do farmacêutico e as referências bibliográficas que foram utilizadas para propor as alternativas de resoluções.',NULL,1,1),(42,12,1,'J.V.S.C., mulher, negra, data de nascimento 04/07/1943, casada, católica, mora com o esposo e dois filhos, é aposentada e dona de casa, estudou até o ensino fundamental completo, possui cinco filhos e cinco netos. Adquire os medicamentos na farmácia popular e no posto de saúde. É acompanhada pelo Dra. S. (Clínica Geral) e Dr. P. (Endocrinologista). Altura 1,50 m, Peso 61,30 Kg, Circunferência abdominal 98 cm. Na revisão dos sistemas e da história pessoal informou ter: Hipertensão Arterial Sistêmica (HAS) e Diabetes Mellitus tipo II há 13 anos. Espera melhorar com o tratamento medicamentoso. Ela diz que entende a farmacoterapia prescrita e confessa que exagera na alimentação. Acredita que não precisa utilizar o medicamento para a HAS, porque a mesma está controlada. Paciente prefere não tomar o medicamento quando se sente bem. Não possui alergias. Teve os filhos por partos normais. Não fuma, não bebe e toma entre 2 a 6 xícaras de café por dia. Alimenta-se mal: come muito cuscuz, exagera no adoçante, ingere muito sal e gordura. Usa chás de boldo, camomila, cidreira, limão, capim santo. Tentou realizar atividade física, mas sentiu-se muito cansada e desistiu (tentou uma hora de caminhada). Nos últimos exames apresentou Glicemia de jejum 106 mg/dL; Hemoglobina glicada HbA1c 7,82% e Glicemia pós-prandial: 133 mg/dL. Atualmente utiliza os medicamentos Metformina 850 mg, 1 comprimido três vezes ao dia (antes do café, almoço e jantar); Glibenclamida 5 mg, 2 comprimidos antes do café e 2 antes do almoço (estes dois prescritos pelo Endocrinologista) e Captopril 25 mg, 1 comprimido antes das refeições (prescrito pela Dra. S.). No dia do primeiro atendimento farmacêutico, a Sra. J.V.S.C apresentou PA (mmHg): 143/79 e Glicemia capilar 353 mg/dL.',NULL,1,1),(43,12,2,'A Srª J.V.S.C. relata ter catarata, mas não pode operar devido a Diabetes Mellitus descontrolada. Apresenta tosse seca quando utiliza o captopril e isso a incomoda muito. Deixa de tomar o anti-hipertensivo quando sente que a HAS está controlada. Paciente prefere não tomar o medicamento quando se sente bem. Esquece-se de tomar a metformina e a substituiu por conta própria, na última semana, por cápsulas de “pata de vaca” indicadas por uma vendedora porta-a-porta. ',NULL,1,1),(44,12,3,'Para algumas intervenções realizadas no acompanhamento dessa paciente, seria necessário referenciá-la ao médico ou a outro profissional de saúde. Desse modo, elabore um laudo técnico contendo os dados da paciente, o motivo de referência à consulta médica ou com outro profissional de saúde, alternativas de resoluções para os problemas apresentados pela paciente, nome, contato e número de registro do farmacêutico e as referências bibliográficas que foram utilizadas para propor as alternativas de resoluções.',NULL,1,1),(45,12,4,'A paciente concordou em realizar 15 minutos de caminhada por dia e ir aumentando esse tempo gradativamente. Marcou uma consulta com a nutricionista. Relatou que o novo medicamento para a HAS (Nifedipino 5mg, 1 vez ao dia) não lhe causa mais tosse e ela está muito aliviada. Após as intervenções educativas, compreendeu a importância de aderir ao tratamento e a importância de não substituir a Metformina por conta própria. Sente-se estimulada a marcar a cirurgia de catarata, pois “até que enfim, controlei essa bendita Diabetes!”. Após essas mudanças, a paciente apresentou os seguintes parâmetros clínicos: PA (mmHg) = 130/80; Glicemia capilar casual = 121 mg/dl; Peso = 65 kg; Circunferência Abdominal = 97 cm.',NULL,1,1),(46,13,1,'J.F.C., homem, branco, data de nascimento 17/05/1946, casado, tem quatro filhos e apenas um mora com ele. Trabalhava como motorista, mas hoje é aposentado. Cursou o ensino fundamental completo. Tem acesso ao sistema de saúde pelo SUS. Adquire seus medicamentos no posto da saúde e em farmácias comerciais. Os médicos que fazem o seu acompanhamento são: Dra. S. (Clínico Geral) e Dr. P. (Endocrinologista). Altura = 1,72 cm, Peso= 71 kg, Circunferência Abdominal= 91 cm. Parou de fumar há um ano, nunca fez uso de álcool e toma mais de duas xícaras de café por dia. Na revisão de sistemas e da história pessoal informou ter: Hipertensão Arterial Sistêmica (HAS) e Diabetes Mellitus tipo II há 10 anos e hiperlipidemia. Realizou três pontos de safena há 10 anos Quanto ao seu tratamento, o paciente relata não ter nenhuma preocupação, pois é “amigo do medicamento”. O paciente disse que tem uma tabela com o horário de tomada dos medicamentos, mas questiona a necessidade de usá-los todos os dias. Frequenta uma igreja evangélica há dois anos. Possui alergia à penicilina e a derivados. Sua mãe faleceu por causa de uma rejeição a uma prótese de platina na perna, seu pai sofria de Hipertensão Arterial Sistêmica e de Diabetes Mellitus. Alegou que consome pequenas quantidades de gorduras, massas e sal, que faz caminhada de 15 a 20 min por dia, toma chá de cidreira toda noite e se vacinou contra a gripe. Nos últimos exames apresentou Glicemia de jejum 103 mg/dL; Colesterol total: 291 mg/dL; Colesterol LDL: 223 mg/dL; Colesterol HDL: 50 mg/dl; Triglicérides: 103 mg/dL. Atualmente utiliza os medicamentos Glibenclamida 5mg, 1 comprimido antes do café da manhã; Insulina NPH 10 U por dia as 17 horas (os dois prescritos pelo endocrinologista) e Nifedipino 20mg, 1 comprimido as 8 horas e as 20 horas (prescrito pelo clínico geral). No dia do primeiro atendimento farmacêutico, o Sr. J.F.C. apresentou PA (mmHg): 144/88 e Glicemia capilar 231 mg/dL.',NULL,1,1),(47,13,2,'No 2º atendimento, a Sra. V.C. estava presente e relatou que o Sr. J.F.C. não realizava caminhada e não utilizava o medicamento Nifedipino. Os níveis de colesterol do paciente estão acima dos limites de referência, ainda assim ele não faz uso de nenhum hipolipemiante. O paciente apresenta resistência em aumentar o número de medicamentos que ingere, por isso reluta em retornar ao médico. ',NULL,1,1),(48,13,3,'Para algumas intervenções realizadas no acompanhamento desse paciente, seria necessário referenciá-lo ao médico ou a outro profissional de saúde. Desse modo, elabore um laudo técnico contendo os dados do paciente, o motivo de referência à consulta médica ou com outro profissional de saúde, alternativas de resoluções para os problemas apresentados pelo paciente, nome, contato e número de registro do farmacêutico e as referências bibliográficas que foram utilizadas para propor as alternativas de resoluções.',NULL,1,1),(49,13,4,'Após intervenções educativas, o paciente concordou em retornar ao o médico e em utilizar mais um medicamento (Atorvastatina 40mg, 1 comprimido antes de dormir) para o tratamento da hiperlipidemia. Marcou consulta com uma nutricionista e começou a realizar atividade física. O Sr. J.F.C. comentou que compreendeu a importância adesão ao tratamento e expressou a necessidade de organizar seus horários de medicamentos em uma tabela. Após essas mudanças, o paciente apresentou os seguintes parâmetros clínicos: PA (mmHg) = 140/80; Glicemia capilar casual = 144 mg/dl; Peso = 71,30 kg; Circunferência Abdominal = 88 cm. ',NULL,1,1),(50,14,1,'J.F.S, homem, branco, data de nascimento 16/08/1942, casado, mora com a esposa, a sogra e o filho. É caminhoneiro aposentado. Estudou até o ensino fundamental. Tem acesso ao sistema de saúde pelo SUS. Adquire seus medicamentos na Farmácia Popular do Brasil. O médico que o acompanha é o Dra. S. (Clínica Geral) e Dr. P. (Endocrinologista), atende em clínicas particulares. Altura 1,60 m, Peso 65 Kg, Circunferência da cintura 91 cm. Não fuma, ingere entre duas a seis xícaras de café por dia. Parou de beber bebidas alcoólicas há 10 anos. Na revisão dos sistemas e da história pessoal informou ter: Hipertensão Arterial Sistêmica (HAS) e Diabetes Mellitus tipo II há nove anos. Expressa o desejo de controlar e compreender seu tratamento medicamentoso. Ele não acredita que os medicamentos possam controlar a HAS, a glicemia e os triglicerídeos. Paciente questiona os efeitos dos medicamentos. É católico praticante. Tem alergia à penicilina. Utiliza óculos. Fez cirurgia a laser nos olhos por complicações na retina causada pelo diabetes. Já foi hospitalizado duas vezes por causa da pressão descontrolada e frisa que nunca foi para a emergência por causa do diabetes. A mãe teve HAS. A alimentação é exagerada, mas diz que “come tudo e nada o faz mal”. Tem sempre “garrafadas em casa”. Toma chá de “pata de vaca” quase todos os dias e come amora de vez em quando, acredita que seja terapêutica. Já utilizou captopril e hidroclorotiazida, parou porque não fazia mais efeito. Vacina-se todos os anos. Faz 30 min de caminhada entre duas a três vezes na semana. Nos últimos exames apresentou Glicemia de jejum: 170 mg/dL e Hemoglobina Glicosilada: 9,9%. Atualmente utiliza os medicamentos Benicar® 20mg- 1 comprimido às 10h (prescrito pela Dra. S.); Metformina 850mg- 1 comprimido após o almoço (prescrito pelo Dr. P.) e o Colírio Combigan® - 1 gota em cada olho às 07h e às 19h. No dia do atendimento, apresentou PA (em mmHg): 154/90, Glicemia capilar 255 mg/dL.',NULL,1,1),(51,14,2,'O paciente reclama que a Metformina 850mg provoca muita dor no estômago, quando isso acontece, ele deixa de utilizá-la por alguns dias. Desse modo, gostaria de substituí-la. Informa que começou a trabalhar na roça e por isso, muitas vezes esquece-se de tomar o Benicar® por ser no meio da manhã (às 10h) e também por acreditar que este medicamento não faça efeito. Expressa o desejo de ter o horário dos seus medicamentos mais organizado. Está há dois anos sem procurar um oftalmologista e utiliza o mesmo colírio prescrito para retinopatia diabética na última consulta. ',NULL,1,1),(52,14,3,'Para algumas intervenções realizadas no acompanhamento desse paciente, seria necessário referenciá-lo ao médico ou a outro profissional de saúde. Desse modo, elabore um laudo técnico contendo os dados do paciente, o motivo de referência à consulta médica ou com outro profissional de saúde, alternativas de resoluções para os problemas apresentados pelo paciente, nome, contato e número de registro do farmacêutico e as referências bibliográficas que foram utilizadas para propor as alternativas de resoluções.',NULL,1,1),(53,14,4,'O Sr. J.F.S. relata que compreendeu a importância de controlar sua alimentação. Expressou a necessidade de buscar uma ajuda profissional para esse controle. Segundo o mesmo, a tabela de horário facilitará a organização e adesão aos medicamentos. Após as intervenções educativas, o paciente compreendeu o efeito dos medicamentos e comprometeu-se a testar esse efeito, aderindo ao tratamento nos próximos três meses. A médica trocou a Metformina por Glibenclamida (5mg, duas vezes ao dia, antes do café da manhã e jantar) e suspendeu o uso do colírio, a retinopatia mostrou-se estável. Após essas mudanças, o paciente apresentou os seguintes parâmetros clínicos: PA (mmHg) = 150/90; Glicemia capilar casual = 90 mg/dl; Peso = 62 kg; Circunferência Abdominal = 90 cm. ',NULL,1,1),(54,15,1,'M.A.O., homem, branco, data de nascimento 10/07/1947, casado, mora com a esposa, aposentado pela Fundação Nacional de Saúde, cursou um ano de graduação em ciências contábeis. Tem acesso ao sistema de saúde pelo Plano Capes Saúde. Adquire os medicamentos na Farmácia Popular do Brasil e farmácias comunitárias. Os médicos que o acompanham são: Dra. S. (Clínico Geral) e Dr. P. (Cardiologista). Altura 1,56 m, Peso 61,5 Kg, Circunferência da cintura 90 cm, não fuma, bebe café de 2-6 xícaras por dia, toma chá de cidreira e boldo, bebe cerveja no final de semana. Na revisão dos sistemas e da história pessoal, informou ter: Hiperlipidemia e Hipertensão Arterial Sistêmica (HAS) diagnosticada há dois anos, refluxo e edema periférico. Faz caminhada durante 50 minutos/ 3 vezes por semana. Na alimentação, reduz o sal e carnes vermelhas, gosta de frutas, verduras (cebola, tomate, cenoura, beterraba). Relata não ter alergia a medicamento. Espera que o tratamento medicamentoso ajude a controlar suas doenças, mas às vezes não sente que está melhorando. Paciente questiona os efeitos dos medicamentos. Já foi para a urgência três vezes por causa do refluxo, por isso iniciou o tratamento com o Pantoprazol e sente-se melhor. O médico substituiu o Captopril por Anlodipino há um mês, porque “perdeu o efeito”. Dizem que seu pai morreu de problema no coração, não o conheceu, todos os irmãos (5) tem HAS. Nos últimos exames apresentou Colesterol Total 266 mg/dl. Atualmente utiliza os medicamentos Pantoprazol 40 mg, 1 comprimido em jejum (prescrito pelo Dr. S.); Sinvastatina/Ezetimiba 20/10 mg, 1 comprimido após o jantar e Anlodipino 5 mg, 1 comprimido às 8h e 20h (estes dois prescritos pelo cardiologista). No dia do primeiro atendimento farmacêutico, o Sr. M.A.O. apresentou PA (mmHg): 136/80 e Glicemia capilar = 126 mg/dl.',NULL,1,1),(55,15,2,'O Sr. M.A.O. relata que às vezes esquece de o medicamento para a Hiperlipidemia. Ele não acredita no efeito dos seus medicamentos. Parou de fazer atividade física porque está no período chuvoso, sente-se mais ansioso desde que parou de caminhar. O inchaço nas suas pernas tem piorado nos último mês.',NULL,1,1),(56,15,3,'Para algumas intervenções realizadas no acompanhamento desse paciente, seria necessário referenciá-lo ao médico ou a outro profissional de saúde. Desse modo, elabore um laudo técnico contendo os dados do paciente, o motivo de referência à consulta médica ou com outro profissional de saúde, alternativas de resoluções para os problemas apresentados pelo paciente, nome, contato e número de registro do farmacêutico e as referências bibliográficas que foram utilizadas para propor as alternativas de resoluções.',NULL,1,1),(57,15,4,'O paciente voltou a realizar 30 minutos de caminhada por dia e sente-se mais relaxado. Ele expressou o desejo de ter o horário do dos medicamentos organizados em uma tabela. Após as intervenções educativas, o Sr. M.A.O. se comprometeu em aderir ao tratamento. O médico substituiu o medicamento Anlodipino por Losartana (50mg por dia), o inchaço nas pernas diminuiu. Após essas mudanças, o paciente apresentou os seguintes parâmetros clínicos: PA (mmHg) = 125/70; Peso = 61,5 kg; Glicemia capilar = 126 mg/dl; Circunferência Abdominal = 90 cm. ',NULL,1,1),(58,16,1,'M.A.S.A., mulher, branca, data de nascimento 20/06/1954, solteira, aposentada, mora com um irmão e é técnica de enfermagem, cursou o ensino superior incompleto. Tem acesso ao sistema de saúde pelo SUS. Adquire seus medicamentos na Farmácia Popular do Brasil e farmácias comunitárias. Os médicos que a acompanham são: Dra. S. (Clínico Geral) e Dr. P. (Endocrinologista). Altura 1,45 m, Peso 59 Kg, Circunferência da cintura 97 cm, não fuma, não consome bebida alcoólica, bebe café entre duas a seis xícaras por dia. Na revisão dos sistemas e da história pessoal informou ter: Hipertensão Arterial Sistêmica (HAS) e Diabetes Mellitus tipo II há 13 anos. Relata que deseja “ficar boa”. Expressa preocupação com a grande quantidade de medicamentos que ingere. Paciente sente medo de usar vários medicamentos. Relata entender sobre a sua farmacoterapia e aderir ao tratamento. A paciente elaborou por conta própria, uma tabela de horários para os seus medicamentos. Tem alergia a camarão, azeitona, salsicha e inseticida. Ficou internada 12/2008 por 11 dias devido a crises de HAS e Diabetes. Relata que toma “muito cuidado com a alimentação”, não come açúcar, ingere pouco sal e gordura. Usa chás todos os dias: abacate e boldo. Faz 45 minutos de caminhada em dias alternados e participa do grupo de canto da pastoral na igreja. Tem o plano OSAF “pra não dá trabalho a ninguém”. Nos últimos exames apresentou Hemoglobina Glicada - HbA1c 10,2% e Colesterol total 133 mg/dl. Atualmente utiliza os medicamentos Captopril 25 mg, 1 comprimido três vezes ao dia (prescrito pela Dra. S.); Glibenclamida 5 mg, 1 comprimido duas vezes ao dia e Metformina 850 mg, 1 comprimido antes das refeições (prescritos pelo endocrinologista). No dia do primeiro atendimento farmacêutico, a Srª. M.A.S.A. apresentou PA (mmHg): 144/81 e Glicemia capilar 256 mg/dL.',NULL,1,1),(59,16,2,'A paciente reclama que o Captopril esteja lhe causando uma tosse seca, por isso deixou de utilizá-lo há alguns meses. Confessou utilizar a Glibenclamida apenas uma vez por dia, acredita que usa muitos medicamentos e que a redução de uma dose não irá lhe trazer prejuízos. Paciente sente medo de usar vários medicamentos.',NULL,1,1),(60,16,3,'Para algumas intervenções realizadas no acompanhamento dessa paciente, seria necessário referenciá-la ao médico ou a outro profissional de saúde. Desse modo, elabore um laudo técnico contendo os dados da paciente, o motivo de referência à consulta médica ou com outro profissional de saúde, alternativas de resoluções para os problemas apresentados pela paciente, nome, contato e número de registro do farmacêutico e as referências bibliográficas que foram utilizadas para propor as alternativas de resoluções.',NULL,1,1),(61,16,4,'Paciente relata que o médico substituiu o Captopril por Atenolol (50mg, 1 vez ao dia), a tosse seca desapareceu e a Srª M.A.S.A. sente-se muito aliviada porque diminuiu o número de tomadas de medicamentos por dia. Após as intervenções educativas, a paciente relata que entendeu a importância da adesão aos medicamentos e está tomando a Glibenclamida conforme a prescrição. Após essas mudanças, a paciente apresentou os seguintes parâmetros clínicos: PA (mmHg) = 130/80; Glicemia capilar casual = 128 mg/dl; Peso = 59 kg; Circunferência Abdominal = 97 cm. ',NULL,1,1),(62,17,1,'M.C.B.S., mulher, branca, data de nascimento 11/01/1948, casada, católica, mora com o esposo, é aposentada e trabalhava como professora, formada em pedagogia. Possui dois filhos adotados. Adquire os medicamentos na Farmácia Popular, farmácias comunitárias e no posto de saúde. É usuária do SUS. Os médicos que a acompanham são dois clínicos geral (J.F.A e F.M.N). Altura 1,54 m, Peso 90,00 Kg, Circunferência da cintura 116 cm, não fuma, bebe menos de dois copos de cerveja por semana, ingere entre duas a seis xícaras de café por dia. A paciente apresenta Hipertensão Arterial Sistêmica (HAS) e Diabetes Mellitus tipo II há 13 anos. Na revisão dos sistemas e da história pessoal informou ter: aumento de peso, dor, tonteira, edema no pé, zumbido no ouvido, rinite alérgica com crises matinais, falta de ar, dor abdominal, diminuição do desejo sexual, dores nas costas, dor muscular e perda de memória. Relata que “quer se ver livre da diabetes”. Espera melhorar com o tratamento medicamentoso, mas duvida que o anti-hipertensivo faça efeito. Acha que os medicamentos fazem mal ao fígado e aos rins. Usa os medicamentos conforme a receita médica. Possui alergia a mofo. Usa óculos e sente a visão turva, às vezes. Passou por uma cirurgia para a retirada do útero há 13 anos. Sua mãe faleceu por infarto (HAS) aos 75 anos de idade. Tem muitas dúvidas sobre a alimentação adequada. A paciente confessa que gosta muito de comer pirão e rabada, pão e manga. Usa chás de capim santo. Quando vai para o interior, realiza caminhadas por 20 minutos. Atualmente utiliza os medicamentos Omeprazol 20 mg  1 comprimido em jejum todos os dias; Glibenclamida 5 mg, 1 comprimido antes do café;  Metformina 850 mg, 1 comprimido duas vezes ao dia (no almoço e jantar) e Captopril 50 mg, 2 comprimidos por dia. No dia do primeiro atendimento farmacêutico, a Sra. M.C.B.S apresentou PA (mmHg): 147/81 e Glicemia capilar 355 mg/dL.',NULL,1,1),(63,17,2,'A paciente não faz exame preventivo ginecológico há 13 anos. Segundo ela, o anti-hipertensivo captopril não está sendo efetivo por isso, às vezes, não toma este medicamento: “tomando ou não tomando, a minha pressão arterial fica do mesmo jeito, já fiz o teste”. Não usa o omeprazol prescrito porque teme que ele “atrapalhe os outros medicamentos”. Adere aos hipoglicemiantes.  ',NULL,1,1),(64,17,3,'Para algumas intervenções realizadas no acompanhamento dessa paciente, seria necessário referenciá-la ao médico ou a outro profissional de saúde. Desse modo, elabore um laudo técnico contendo os dados da paciente, o motivo de referência à consulta médica ou com outro profissional de saúde, alternativas de resoluções para os problemas apresentados pela paciente, nome, contato e número de registro do farmacêutico e as referências bibliográficas que foram utilizadas para propor as alternativas de resoluções.',NULL,1,1),(65,17,4,'A Srª M.C.B.S marcou uma consulta com a ginecologista do Posto de Saúde, outra consulta com a nutricionista e com o oftalmologista do Hospital Universitário. Expressa felicidade por enfim, conseguir controlar a sua HAS com os novos medicamentos: “enfim, alguém acreditou em mim... viu como eu estava certa?! Aquele remédio não servia mais mesmo!”. Por outro lado, ficou se sentindo fracassada porque teve que aumentar a dose dos hipoglicemiantes. Após intervenções educativas, compreendeu os efeitos do Omeprazol. Após essas mudanças, a paciente apresentou os seguintes parâmetros clínicos: PA (mmHg) = 130/80; Glicemia capilar casual = 200 mg/dl; Peso = 86,95 kg; Circunferência Abdominal = 115 cm. ',NULL,1,1),(66,18,1,'M.D.O., mulher, negra, data de nascimento 22/09/1933, divorciada, aposentada, dona de casa, mora com o ex marido, estudou até o primeiro ano do ensino médio. Possui 10 filhos, dois faleceram. Adquire os medicamentos na farmácia popular e no posto de saúde. O médico que a acompanha é um clínico geral (G.R.F.). Altura 1,48 m, Peso 56,65 Kg, Circunferência da cintura 92 cm, deixou de fumar aos 60 anos, só consome bebida alcoólica em festas, bebe de duas a seis xícaras de café por dia. A paciente apresenta Hipertensão arterial e Diabetes Mellitus tipo II há 13 anos.  Na revisão dos sistemas e da história pessoal informou ter: diminuição do peso, alterações visuais, zumbido no ouvido, dor no peito, dor nas costas, parestesia, depressão e perda de memória. Espera ficar bem com o tratamento medicamentoso, mas questiona a necessidade de usar medicamentos. Ela diz que entende a farmacoterapia prescrita. Não possui alergias.   A mãe faleceu aos 100 anos por infarto agudo do miocárdio, não tinha HAS e DM. Come cuscuz, pão, batata, gosta de gordura, gosta de sal, mas esta tentando diminuir, não faz atividade física. Toma chás todos os dias: quebra pedra e pata de vaca. Vacina-se contra a gripe todos os anos. Nos últimos exames apresentou Glicemia de jejum 140 mg/dL; Glicemia pós prandial 200mg/dL; HbA1c 10,7%  e Colesterol total 220 mg/dL. Atualmente utiliza os medicamentos Glibenclamida 5mg: 2 comprimidos em jejum; Metformina 850 mg: 1 comprimido depois do café, do almoço e do jantar; Sinvastatina 20  mg 1 comprimido antes de dormir e Captopril 25mg 1 comprimido de 12/12 horas (todos os medicamentos foram prescritos pelo Dr. G.R.F.). No dia do primeiro atendimento farmacêutico, a Sra. M.D.O. apresentou PA (mmHg): 156/74 e Glicemia capilar 450 mg/dL.\r\n',NULL,1,1),(67,18,2,'A paciente guarda seus medicamentos na cozinha e o captopril fora da embalagem. Esquece-se de tomar os medicamentos porque acha que “não são tão importantes assim, afinal não sente nada”. Diz que muitas vezes se pergunta “o que esses remédios estão fazendo por mim?”. Embora divida a casa com o marido, os dois não se falam e isso a deixa muito triste. A Srª M.D.O. relata estar sempre muito ocupada com seus afazeres e com os problemas dos filhos, tudo isso a deixa “sem cabeça para lembrar dos meus remédios”.',NULL,1,1),(68,18,3,'Para algumas intervenções realizadas no acompanhamento dessa paciente, seria necessário referenciá-la ao médico ou a outro profissional de saúde. Desse modo, elabore um laudo técnico contendo os dados da paciente, o motivo de referência à consulta médica ou com outro profissional de saúde, alternativas de resoluções para os problemas apresentados pela paciente, nome, contato e número de registro do farmacêutico e as referências bibliográficas que foram utilizadas para propor as alternativas de resoluções.',NULL,1,1),(69,18,4,'Após as intervenções educativas, a paciente diz que ficou impressionada com os riscos que corria ao não armazenar seus medicamentos da forma adequada: “na minha cidade tem um monte de farmácias e nunca ninguém me disse essas coisas!”. Marcou uma consulta com a nutricionista e comprometeu-se a seguir a “tabela de horário”.  Foi ao oftalmologista que a diagnosticou com uma leve retinopatia. Esse fato, mais as intervenções educativas, fizeram-na compreender como a doença age silenciosamente em seu organismo e a importância de aderir ao tratamento. Ainda não está disposta a realizar atividade física. Após essas mudanças, a paciente apresentou os seguintes parâmetros clínicos: PA (mmHg) = 130/80; Glicemia capilar casual = 128 mg/dl; Peso = 59 kg; Circunferência Abdominal = 97 cm. ',NULL,1,1),(70,19,1,'M.I.S.O, mulher, negra, data de nascimento 15/09/1943, casada, tem dois filhos, mora com o marido e um filho, é técnica de dentista, aposentada, formação ensino médio incompleto. Utiliza o plano de saúde UNIMED. Adquire os medicamentos na Farmácia Popular do Brasil e em farmácias comunitárias. Os médicos que a acompanham são: Endocrinologista (M.), Cardiologista (D.), Ortopedista (S), Ginecologista (S). Altura 1,68m, Peso 75,10 Kg, Circunferência abdominal 103 cm, não fuma, ingere menos de duas xícaras de café por dia e menos de dois copos de cerveja por semana. A paciente apresenta Diabetes Mellitus tipo II há 23 anos e Hiperlipidemia. Na revisão dos sistemas e da história pessoal, informou ter: dor nos pés, alterações visuais, já apresentou incontinência urinária, tendinite e parestesia. Relatou que seu pai e irmãos foram portadores de Hipertensão Arterial Sistêmica. Já fez cirurgia de redução de mama, cirurgia de mioma há mais de 20 anos. Na alimentação não utiliza açúcar, não tem restrições com comidas gordurosas e salgadas, e não come verdura. Come frutas, principalmente pêra, faz quatro refeições diárias. Sempre toma chá de camomila e cidreira. Faz 30 minutos de caminhada e hidroginástica de terça a sexta. Toma vacina da gripe todos os anos e faz curso de pintura. A paciente deseja melhorar com o tratamento medicamentoso, mas se preocupa por acreditar que alguns medicamentos não funcionam. Paciente questiona a necessidade de usar medicamentos. É católica praticante. Não possui alergia a medicamentos. Nos últimos exames apresentou Glicemia de jejum 292mg/dL; Glicemia pós prandial: 314 mg/dL; Hemoglobina Glicosilada 11,8%; Magnésio: 1,9 mg/dL; Uréia: 41mg/dL; TSH: 1,69 mUI/L; T4: 9,1 Ug/dL e T3: 133,91 Ug/dL. Atualmente utiliza os medicamentos Galvus 100/850, 1 comprimido após o café da manhã e após o jantar; Beneum (uso provisório-3 meses) - tomar juntamente com o Galvus e Glimepirida 4mg- 1 comprimido antes do almoço (prescritos pelo endocrinologista); Ácido Acetilsalicilico 100mg- 1 comprimido após o almoço e Sinvastatina 20mg- 1 comprimido após o jantar (prescritos pelo cardiologista) No dia do atendimento, apresentou PA (em mmHg): 140/80, Glicemia capilar 284 mg/dL.',NULL,1,1),(71,19,2,'A paciente diz que quando toma Galvus® sente uma tontura, um suor frio e acredita que isso significa que o medicamento está fazendo efeito. Não adere à Metformina e às vezes deixa de tomar a Glimepirida, pois não acredita que seja necessária. Segundo ela, sua Diabetes é “de fundo emocional”. A paciente teme precisar tomar insulina: “Deus me livre de insulina!”. ',NULL,1,1),(72,19,3,'Para algumas intervenções realizadas no acompanhamento dessa paciente, seria necessário referenciá-la ao médico ou a outro profissional de saúde. Desse modo, elabore um laudo técnico contendo os dados da paciente, o motivo de referência à consulta médica ou com outro profissional de saúde, alternativas de resoluções para os problemas apresentados pela paciente, nome, contato e número de registro do farmacêutico e as referências bibliográficas que foram utilizadas para propor as alternativas de resoluções.',NULL,1,1),(73,19,4,'Após a tabela de horário, a paciente diz que ficou mais organizada aos medicamentos e compreendeu. Marcou consulta com uma nutricionista. A Srª MISO concordou em utilizar a insulina ao saber que a mesma seria disponibilizada gratuitamente e que ela não teria mais que gastar com os hipoglicemiantes.  Além disso, sentiu-se aliviada com a redução da quantidade de medicamentos e doses que tinha que tomar todos os dias. Após essas mudanças, a paciente apresentou os seguintes parâmetros clínicos: PA (mmHg) = 120/80; Glicemia capilar casual = 130 mg/dl; Peso = 76 kg; Circunferência Abdominal = 101  cm. ',NULL,1,1),(74,20,1,'M.J.S., mulher, branca, data de nascimento 16/04/1948, divorciada, aposentada, dona de casa mora com a neta, o marido e a filha, estudou até a terceira série do ensino fundamental. Possui oito filhos. Adquire os medicamentos na farmácia popular e farmácias comunitárias, é usuária do SUS. Os médicos que a acompanham são: clínico geral (H.R.F.), cardiologista (S.L.P). Altura 1,49 m, Peso 60,85 Kg, Circunferência abdominal = 97 cm, deixou de fumar há mais de 20 anos, não consome bebida alcoólica, bebe de duas a seis xícaras de café por dia. A paciente apresenta Hipertensão Arterial Sistêmica e Diabetes Mellitus tipo II há 13 anos.  Na revisão dos sistemas e da história pessoal informou ter: perda de apetite, dor, edema nas pernas, alterações visuais, diminuição da audição, hiperlipidemia, dor abdominal, constipação, diminuição do desejo sexual, dor nas costas e parestesia no braço direito. Relata que tem muitos problemas de saúde e deseja entender a farmacoterapia. Espera ficar bem com o tratamento medicamentoso. Ela diz que às vezes esquece-se de tomar os medicamentos. Não possui alergias. Fez cirurgia para retirada da vesícula há 33 anos. Teve 8 filhos de parto normal. A mãe faleceu aos 72 anos e tinha diabetes e hiperlipidemia.  Come pouca gordura e pouco sal. Toma chá de erva cidreira e de boldo. Faz atividade física uma vez por semana. Vacinou-se contra a gripe há 4 anos. Nos últimos exames apresentou Colesterol total: 220 mg/dl; LDL: 130 mg/dl; HDL: 46 mg/dl e VLDL: 44 mg/dl. Atualmente utiliza os medicamentos Acído Acetil Salicílico 100mg 1 comprimido durante o almoço; Captopril 25 mg 1 comprimido de 8/8 horas; Hidroclorotiazida 25mg 2 comprimidos pela manhã; Metformina 850mg 1 comprimido as 08 horas e as 14 horas (prescritos pelo cardiologista); Atorvastatina 20 mg 1 comprimido durante o jantar e Triformin 500mg 1 comprimido as 08 horas e as 14 horas (prescritos pelo clínico geral). No dia do primeiro atendimento farmacêutico, a Sra. M.J.S. apresentou PA (mmHg): 123/90 e Glicemia capilar 243 mg/dL.\r\n',NULL,1,1),(75,20,2,'A paciente relata que no posto de saúde não tem o “medicamento branco grande” (Metformina) na dosagem prescrita pelo médico (500mg), então seu médico a orientou que utilizasse apenas metade do comprimido de Metformina 850mg. Tem se sentido mal desde que começou a utilizar mais um medicamento, o Triformin® 500mg, que seu outro médico prescreveu para a Diabetes (visão turva, sudorese, tontura, palpitações) chegando a desmaiar na última semana. Não esta tomando o Lipitor® por ser um medicamento de alto custo. ',NULL,1,1),(76,20,3,'Para algumas intervenções realizadas no acompanhamento dessa paciente, seria necessário referenciá-la ao médico ou a outro profissional de saúde. Desse modo, elabore um laudo técnico contendo os dados da paciente, o motivo de referência à consulta médica ou com outro profissional de saúde, alternativas de resoluções para os problemas apresentados pela paciente, nome, contato e número de registro do farmacêutico e as referências bibliográficas que foram utilizadas para propor as alternativas de resoluções.',NULL,1,1),(77,20,4,'Após intervenção farmacêutica, o médico suspendeu o Triformin®. A paciente relata que suspeitava que os “remédios não estavam certos, mas tinha medo de falar e levar bronca!”.  Com as intervenções educativas, compreendeu a importância de não partir os comprimidos e agora está adquirindo os seus medicamentos na dosagem de 500mg pela Farmácia Popular do Brasil. As crises de hipoglicemia desapareceram e ela está muito aliviada. Concordou em realizar atividade física. Além disso, o médico aceitou substituir o Lipitor® pela Sinvastatina, entregue gratuitamente no posto de saúde. Após essas mudanças, a paciente apresentou os seguintes parâmetros clínicos: PA (mmHg) = 110/70; Glicemia capilar casual = 198 mg/dl; Peso = 57 kg; Circunferência Abdominal = 94 cm. ',NULL,1,1),(78,21,1,'M.M.S., homem, branco, data de nascimento 03/08/1945, casado, mora com a esposa e com duas filhas. Formado em administração, aposentado. Adquire os medicamentos na farmácia popular e outras farmácias comunitárias. Possui o plano de saúde Unimed. Os médicos que o acompanha são: oftalmologista (B.L.), cardiologista (C.A.S.), angiologista (W.C.), endocrinologista (W.B.L.) e reumatologista (A.C.R.B). Altura 1,57 m, Peso 67,70 Kg, Circunferência abdominal 97 cm, deixou de fumar há seis anos, bebe entre dois a seis copos de bebida alcoólica por semana, bebe menos de duas xícaras de café por dia. O paciente apresenta Hipertensão Arterial Sistêmica (HAS) e Diabetes Mellitus tipo II há 13 anos. Na revisão dos sistemas e da história pessoal informou ter: alterações visuais, rinite alérgica, glaucoma, queimação, impotência, diminuição do desejo sexual, artrite, tendinites, parestesia, ansiedade. Ressalta que não acredita que os medicamentos façam efeito. Espera melhorar com o tratamento medicamentoso e deseja compreender a farmacoterapia. Não possui alergia. A mãe tinha artrite, artrose e osteoporose. Faz caminhada todos os dias há um mês. Toma chá de coassa ou alumã. Vacina-se todos os anos contra a gripe. Nos últimos exames apresentou Glicemia de jejum 207 mg/dL; HbA1c 10,6%; Glicose pós-prandial: 279 mg/dL; Colesterol total 178 e Antígeno prostático especifico 5,03. Atualmente utiliza os medicamentos Acarbose 100mg 1 comprimido antes das três reifeções; Enalapril 20mg 1 comprimido duas vezes ao dia; Glibenclamida 5 mg 02 comprimidos à noite; Gliclazida 02 comprimidos à noite; Janumet 500/50 1 comprimido antes do almoço; Sinvastatina 20mg 1 comprimido depois do jantar e Benerva 300mg 1 comprimido depois do café da manhã. No dia do primeiro atendimento farmacêutico, a Sr. M.S.S. apresentou PA (mmHg): 129/76 e Glicemia capilar 367 mg/dL.\r\n',NULL,1,1),(79,21,2,'O paciente não toma os hipoglicemiantes na hora certa. Quando toma o Glifage® sente dor no estômago. Acredita que os medicamentos não fazem efeito, em especial o enalapril. Parou de tomar o Acarbose por conta própria. Segundo o Sr. M.M.S., troca os horários dos medicamentos porque não entende a prescrição. Não faz restrições com a alimentação e ingere bebida alcoólica todos os finais de semana.',NULL,1,1),(80,21,3,'Para algumas intervenções realizadas no acompanhamento desse paciente, seria necessário referenciá-lo ao médico ou a outro profissional de saúde. Desse modo, elabore um laudo técnico contendo os dados do paciente, o motivo de referência à consulta médica ou com outro profissional de saúde, alternativas de resoluções para os problemas apresentados pelo paciente, nome, contato e número de registro do farmacêutico e as referências bibliográficas que foram utilizadas para propor as alternativas de resoluções.',NULL,1,1),(81,21,4,'O paciente sente-se aliviado por ter seus medicamentos organizados em uma tabela de horários. Após intervenções educativas, compreendeu a importância de aderir ao tratamento. O médico concordou em suspender uma das sulfoniluréias. Depois que passou a tomar a metformina após o almoço, a dor no estômago desapareceu. Compreendeu os efeitos do álcool no seu organismo e aceitou ingerir apenas os limites toleráveis a pacientes portadores do Diabetes e HAS. Recusa-se a procurar uma nutricionista. Após essas mudanças, o paciente apresentou os seguintes parâmetros clínicos: PA (mmHg) = 115/80; Glicemia capilar casual = 238 mg/dl; Peso = 59 kg; Circunferência Abdominal = 97 cm. ',NULL,1,1),(82,22,1,'M.M.V., homem, branco, data de nascimento 20/12/1946, casado, católico, mora com a atual esposa e três filhos, é aposentado, cursou o ensino fundamental e possui 15 filhos. Adquire os medicamentos na farmácia popular e no posto de saúde. O médico que o acompanha é endocrinologista (C.A.). Altura 1,67 m, Peso 62 Kg, Circunferência abdominal 87 cm, não fuma, bebe menos de duas xícaras de café por dia e menos de dois copos de cerveja por semana. O paciente apresenta Diabetes Mellitus tipo II há 13 anos. Na revisão dos sistemas e da história pessoal informou ter: perda de apetite, diminução do peso, dor no joelho, tonteira, alterações visuais, dor no peito, dor nas costas, artrite, parestesia, tremor, pensamentos de suicídio, depressão, ansiedade, perda de memória, prurido e gonorréia no passado. Relatou que desejou se matar na noite anterior. Espera melhorar com o tratamento medicamentoso. Paciente tem baixo de nível de conhecimento sobre doença e sobre os medicamentos. Não adere ao tratamento porque desconhece que o Diabetes é uma doença crônica. Possui alergia a Buscopan®. A mãe faleceu por complicações com o Diabetes, antes disso havia amputado uma perna. Alimentação inadequada e não faz atividade física. Não usa chá. Nos últimos exames apresentou Hemoglobina Glicada 7,2%. Atualmente utiliza os medicamentos Metformina 850 mg, 1 comprimido três vezes ao dia (antes do café, almoço e jantar) e Glimepirida 4 mg 1 comprimido duas vezes ao dia (os dois prescritos pelo endocrinologista). No dia do primeiro atendimento farmacêutico, a Sr. M.M.V. apresentou PA (mmHg): 120/70 e Glicemia capilar 355 mg/dL.',NULL,1,1),(83,22,2,'O paciente relata que já passou por várias crises de hipoglicemia. Sente dores no estômago, principalmente à noite. Reclama que vai muito ao banheiro durante a noite para urinar, isso o atrapalha dormir. Está sentindo muita coceira no corpo desde que voltou a tomar a Metformina, por isso parou de utilizá-lo novamente. Sente-se bastante deprimido e nervoso.',NULL,1,1),(84,22,3,'Para algumas intervenções realizadas no acompanhamento desse paciente, seria necessário referenciá-lo ao médico ou a outro profissional de saúde. Desse modo, elabore um laudo técnico contendo os dados do paciente, o motivo de referência à consulta médica ou com outro profissional de saúde, alternativas de resoluções para os problemas apresentados pelo paciente, nome, contato e número de registro do farmacêutico e as referências bibliográficas que foram utilizadas para propor as alternativas de resoluções.',NULL,1,1),(85,22,4,'O paciente aceitou realizar 30 minutos de caminhada por dia e está apto para controlar a alimentação. Ele expressou o desejo de ter o horário do uso dos medicamentos organizados em uma tabela. Além disso, o Sr. M.M.V. retornou ao médico e está utilizando outro hipoglicemiante que não lhe causa reações adversas e está aderindo ao tratamento. Após intervenções educativas, ele compreendeu a doença. Diminui a freqüência urinária noturna e está muito aliviado porque consegue dormir bem. O paciente diz que está sentindo-se melhor, menos deprimido e nervoso. Marcou uma consulta com o psicólogo. Após essas mudanças, o paciente apresentou os seguintes parâmetros clínicos: PA (mmHg) = 110/70; Glicemia capilar casual = 124 mg/dl; Peso = 69,80 kg; Circunferência Abdominal = 93 cm. ',NULL,1,1),(86,23,1,'M.F.F, homem, branco, data de nascimento 14/07/1947, divorciado, mora com a esposa (2° casamento) e o filho. Tem dois filhos É aposentado, era representante comercial. Tem curso técnico em contabilidade. Tem acesso ao sistema de saúde pelo SUS e tem o plano Hapvida. Os médicos que o acompanham são: Endocrinologista (M.L), Cardiologista (J.B) e Ortopedista (A.C). Altura 1,68 m, Peso 81,40 Kg, Circunferência abdominal 104 cm. Não fuma e bebe entre duas a seis xícaras de café por dia. Bebe menos de dois copos de cerveja sem álcool por semana. O paciente é portador de Hipertensão Arterial Sistêmica (HAS) e Diabetes Mellitus Tipo II há 15 anos. Na revisão dos sistemas e da história pessoal informou ter: aumento de apetite, dor, edema, queimação, poliúria, impotência sexual, diminuição do desejo sexual, dor muscular, tremor no braço esquerdo, muita perda de memória, fibromialgia, problemas na próstata. Sua principal expectativa é que o Diovan® controle a pressão arterial e a insulina controle o diabetes. Foi diagnosticado com Hiperplasia Prostática, mas não usa o medicamento porque acredita que ele lhe cause impotência. Paciente não tolera o efeito colateral dos medicamentos. É católico não praticante. Às vezes esquece-se de tomar os medicamentos. O pai e um dos sete irmãos tem Diabetes e HAS. Evita comer sal e gordura. Come carne grelhada, usa adoçante e gosta de frutas. Toma vacina todos os anos. Atualmente utiliza os medicamentos Metformina 850 mg: 01 comprimido após o almoço; Valsartana 160mg as 09:00 horas; Dudasterida 0,5 mg 1 comprimido as 08:00 horas; AAS 100 mg 1 comprimido após o almoço e Centrum 01 por dia. No dia do atendimento, apresentou PA (mmHg): 130/80, Glicemia capilar 221mg/dL.',NULL,1,1),(87,23,2,'O paciente toma Centrum® por conta própria por achar que necessita de suplementos de vitaminas. O cardiologista proibiu atividade física. O Sr. M.F.F. confessou se esquecer de tomar a Metformina, porque geralmente está fora de casa. Além disso, informou que come biscoitos que contém açúcar na sua composição. O médico prescreveu Avodart® para ser tomado durante três meses, mas o paciente reclama que este medicamento está causando diminuição da libido e impotência sexual. ',NULL,1,1),(88,23,3,'Para algumas intervenções realizadas no acompanhamento desse paciente, seria necessário referenciá-lo ao médico ou a outro profissional de saúde. Desse modo, elabore um laudo técnico contendo os dados do paciente, o motivo de referência à consulta médica ou com outro profissional de saúde, alternativas de resoluções para os problemas apresentados pelo paciente, nome, contato e número de registro do farmacêutico e as referências bibliográficas que foram utilizadas para propor as alternativas de resoluções.',NULL,1,1),(89,23,4,'O Sr. M.F.F. marcou uma ultrassonografia para reavaliar a Hiperplasia Prostática e o uso do Avodart®. Após as intervenções educativas, o paciente compreendeu que não deve usar medicamentos por conta própria e entendeu a importância da adesão ao tratamento. Além disso, concordou em marcar uma consulta com a nutricionista para ajudá-lo com seus hábitos alimentares. Após essas mudanças, o paciente apresentou os seguintes parâmetros clínicos: PA (mmHg) = 130/80; Glicemia capilar casual = 199 mg/dl; Peso = 85 kg; Circunferência Abdominal = 103 cm. ',NULL,1,1);
/*!40000 ALTER TABLE `tb_relato_clinico` ENABLE KEYS */;
UNLOCK TABLES;

--
-- Table structure for table `tb_religiao`
--

DROP TABLE IF EXISTS `tb_religiao`;
/*!40101 SET @saved_cs_client     = @@character_set_client */;
/*!40101 SET character_set_client = utf8 */;
CREATE TABLE `tb_religiao` (
  `IdReligiao` int(11) NOT NULL AUTO_INCREMENT,
  `Descricao` varchar(45) NOT NULL,
  PRIMARY KEY (`IdReligiao`)
) ENGINE=InnoDB AUTO_INCREMENT=6 DEFAULT CHARSET=latin1;
/*!40101 SET character_set_client = @saved_cs_client */;

--
-- Dumping data for table `tb_religiao`
--

LOCK TABLES `tb_religiao` WRITE;
/*!40000 ALTER TABLE `tb_religiao` DISABLE KEYS */;
INSERT INTO `tb_religiao` VALUES (1,'Não Definida'),(2,'Católica'),(3,'Protestante'),(4,'Evangélico(a)'),(5,'Budista');
/*!40000 ALTER TABLE `tb_religiao` ENABLE KEYS */;
UNLOCK TABLES;

--
-- Table structure for table `tb_resposta`
--

DROP TABLE IF EXISTS `tb_resposta`;
/*!40101 SET @saved_cs_client     = @@character_set_client */;
/*!40101 SET character_set_client = utf8 */;
CREATE TABLE `tb_resposta` (
  `IdResposta` int(11) NOT NULL AUTO_INCREMENT,
  `Resposta` varchar(255) NOT NULL,
  `IdPergunta` int(11) NOT NULL,
  PRIMARY KEY (`IdResposta`),
  KEY `fk_tb_resposta_tb_pergunta1_idx` (`IdPergunta`),
  CONSTRAINT `fk_tb_resposta_tb_pergunta1` FOREIGN KEY (`IdPergunta`) REFERENCES `tb_pergunta` (`IdPergunta`) ON DELETE NO ACTION ON UPDATE NO ACTION
) ENGINE=InnoDB AUTO_INCREMENT=50 DEFAULT CHARSET=latin1;
/*!40101 SET character_set_client = @saved_cs_client */;

--
-- Dumping data for table `tb_resposta`
--

LOCK TABLES `tb_resposta` WRITE;
/*!40000 ALTER TABLE `tb_resposta` DISABLE KEYS */;
INSERT INTO `tb_resposta` VALUES (3,'Paciente questiona os efeitos dos medicamentos',3),(4,'Não relatou',4),(5,'É evangélica e acredita que Jesus vai curá-la de tudo',5),(6,'Não relatou',6),(7,'Estimular a adesão ao tratamento com intervenções educativas',7),(8,'Não relatou ',2),(10,'Deseja melhorar/ controlar a(s) doença(s) ',2),(11,'Deseja melhorar/ controlar a(s) doença(s) e reduzir a quantidade de medicamentos que ingere ',2),(12,'Deseja melhorar/ controlar a(s) doença(s) e compreender a farmacoterapia ',2),(13,'Deseja “livrar-se da diabetes” ',2),(15,'Paciente não apresenta nenhuma preocupação relacionada à farmacoterapia ',3),(16,'Não relatou ',3),(17,'Paciente acredita que os medicamentos perdem o efeito ao longo do tempo ',3),(18,'Paciente tem medo das reações adversas dos medicamentos ',3),(19,'Paciente não acredita nos efeitos dos medicamentos ',3),(20,'Paciente preocupa-se com a quantidade excessiva de medicamentos que ingere ',3),(21,'“Acha que os medicamentos fazem mal ao fígado e aos rins” ',3),(22,'Paciente acredita que adicionar medicamento significa fracasso ',3),(23,'Paciente preocupa-se com o alto custo dos medicamentos ',3),(24,'Paciente não acredita que necessita do medicamento ',3),(25,'Expressa grande preocupação com a sua saúde, mas não acredita que os medicamentos “faça tanta diferença assim”',3),(26,'Paciente diz que entende a farmacoterapia, mas não entende a doença',4),(27,'Paciente diz que entende a farmacoterapia ',4),(28,'Paciente diz que não entende a farmacoterapia ',4),(29,'Paciente diz que não entende a farmacoterapia e a doença ',4),(30,'Não relatou ',5),(31,'Paciente frequenta assiduamente a igreja ',5),(32,'Paciente é católico praticante ',5),(33,'Paciente acredita em Deus, mas não é adepto a nenhuma religião ',5),(35,'Lê muito sobre o universo/religião ',5),(36,'Lê muito sobre o universo/religião ',5),(37,'Frequenta uma igreja evangélica há dois anos ',5),(38,'Participa do grupo de canto da pastoral na igreja ',5),(39,'Paciente é católico',5),(40,'Paciente é bastante religiosa ',5),(41,'Paciente não adere ao tratamento ',6),(42,'Paciente relata aderir ao tratamento ',6),(43,'As experiências subjetivas do paciente parecem não interferir na farmacoterapia. Reavaliar ao longo dos atendimentos ',7),(44,'Intervenções educativas sobre a farmacoterapia e sobre a doença ',7),(45,'Buscar alternativa para o alto custo dos medicamentos ',7),(46,'Buscar esclarecimento sobre as dúvidas da paciente com relação ao diagnóstico do Diabetes',7),(47,'Espera não se sentir mal ao tomar o medicamento',2),(48,'Investigar sobre a efetividade e segurança da farmacoterapia',7),(49,'Não compreende porque tomar os medicamentos todos os dias',4);
/*!40000 ALTER TABLE `tb_resposta` ENABLE KEYS */;
UNLOCK TABLES;

--
-- Table structure for table `tb_sistema`
--

DROP TABLE IF EXISTS `tb_sistema`;
/*!40101 SET @saved_cs_client     = @@character_set_client */;
/*!40101 SET character_set_client = utf8 */;
CREATE TABLE `tb_sistema` (
  `IdSistema` int(11) NOT NULL AUTO_INCREMENT,
  `NomeSistema` varchar(100) NOT NULL,
  PRIMARY KEY (`IdSistema`)
) ENGINE=InnoDB AUTO_INCREMENT=18 DEFAULT CHARSET=latin1;
/*!40101 SET character_set_client = @saved_cs_client */;

--
-- Dumping data for table `tb_sistema`
--

LOCK TABLES `tb_sistema` WRITE;
/*!40000 ALTER TABLE `tb_sistema` DISABLE KEYS */;
INSERT INTO `tb_sistema` VALUES (1,'Pulmonar'),(2,'Cardiovascular'),(3,'Sistema Geral'),(4,'OONB (Olho, Ouvido, Nariz e Boca)'),(5,'TGI (Trato Gastrointestinal)'),(6,'Endócrino'),(8,'Genito urinário/ Reprodutivo'),(9,'Sistema Hematopoiético'),(10,'Musculoesquelético'),(12,'Pele'),(13,'Doenças Infecciosas'),(14,'Hepático'),(15,'Nutricionais/Fluidos Corporais/ Hidroeletrolítico'),(16,'Renal/Urinário'),(17,'Neuropsiquiátrico');
/*!40000 ALTER TABLE `tb_sistema` ENABLE KEYS */;
UNLOCK TABLES;

--
-- Table structure for table `tb_situacao_queixa`
--

DROP TABLE IF EXISTS `tb_situacao_queixa`;
/*!40101 SET @saved_cs_client     = @@character_set_client */;
/*!40101 SET character_set_client = utf8 */;
CREATE TABLE `tb_situacao_queixa` (
  `IdSituacaoQueixa` int(11) NOT NULL AUTO_INCREMENT,
  `Descricao` varchar(100) NOT NULL,
  PRIMARY KEY (`IdSituacaoQueixa`)
) ENGINE=InnoDB AUTO_INCREMENT=11 DEFAULT CHARSET=latin1;
/*!40101 SET character_set_client = @saved_cs_client */;

--
-- Dumping data for table `tb_situacao_queixa`
--

LOCK TABLES `tb_situacao_queixa` WRITE;
/*!40000 ALTER TABLE `tb_situacao_queixa` DISABLE KEYS */;
INSERT INTO `tb_situacao_queixa` VALUES (1,'Estado de Situação não avaliado até o momento'),(2,'Inicial: Objetivos estabelecidos; início de nova farmacoterapia'),(3,'Resolvido: Objetivos alcançados; término da farmacoterapia'),(4,'Estável: objetivos alcançados; mantém a mesma farmacoterapia'),(5,'Melhora: Progresso adequado; mantém a mesma farmacoterapia'),(6,'Melhora parcial: progresso adequado; ajustes na farmacoterapia'),(7,'Sem melhora: sem progresso; ajustes na farmacoterapia'),(8,'Piora; Declínio na saúde; ajustes na farmacoterapia'),(9,'Falha ou Fracasso: Objetivos não alcançados; descontinuar e iniciar farmacoterapia diferente'),(10,'Morte: Morte do paciente');
/*!40000 ALTER TABLE `tb_situacao_queixa` ENABLE KEYS */;
UNLOCK TABLES;

--
-- Table structure for table `tb_suspeita_prm`
--

DROP TABLE IF EXISTS `tb_suspeita_prm`;
/*!40101 SET @saved_cs_client     = @@character_set_client */;
/*!40101 SET character_set_client = utf8 */;
CREATE TABLE `tb_suspeita_prm` (
  `IdSuspeitaPRM` int(11) NOT NULL AUTO_INCREMENT,
  `Descricao` varchar(45) DEFAULT NULL,
  PRIMARY KEY (`IdSuspeitaPRM`)
) ENGINE=InnoDB AUTO_INCREMENT=8 DEFAULT CHARSET=latin1;
/*!40101 SET character_set_client = @saved_cs_client */;

--
-- Dumping data for table `tb_suspeita_prm`
--

LOCK TABLES `tb_suspeita_prm` WRITE;
/*!40000 ALTER TABLE `tb_suspeita_prm` DISABLE KEYS */;
INSERT INTO `tb_suspeita_prm` VALUES (1,'Farmacoterapia Desnecessária'),(2,'Necessidade de Farmacoterapia Adicional'),(3,'Medicamento Inefetivo'),(4,'Dose Baixa'),(5,'Reação Adversa ao Medicamento'),(6,'Dose Alta'),(7,'Não Adesão');
/*!40000 ALTER TABLE `tb_suspeita_prm` ENABLE KEYS */;
UNLOCK TABLES;

--
-- Table structure for table `tb_termorregulacao`
--

DROP TABLE IF EXISTS `tb_termorregulacao`;
/*!40101 SET @saved_cs_client     = @@character_set_client */;
/*!40101 SET character_set_client = utf8 */;
CREATE TABLE `tb_termorregulacao` (
  `IdConsultaVariavel` bigint(20) NOT NULL,
  `Temperatura` decimal(5,2) DEFAULT NULL,
  `TemperaturaPele` enum('Quente','Fria') NOT NULL DEFAULT 'Quente',
  `Sudorese` tinyint(1) NOT NULL DEFAULT '0',
  `Calafrio` tinyint(1) NOT NULL DEFAULT '0',
  `Piloerecao` tinyint(1) NOT NULL DEFAULT '0',
  PRIMARY KEY (`IdConsultaVariavel`),
  CONSTRAINT `fk_tb_termorregulacao_tb_consulta_variavel1` FOREIGN KEY (`IdConsultaVariavel`) REFERENCES `tb_consulta_variavel` (`IdConsultaVariavel`) ON DELETE NO ACTION ON UPDATE NO ACTION
) ENGINE=InnoDB DEFAULT CHARSET=latin1;
/*!40101 SET character_set_client = @saved_cs_client */;

--
-- Dumping data for table `tb_termorregulacao`
--

LOCK TABLES `tb_termorregulacao` WRITE;
/*!40000 ALTER TABLE `tb_termorregulacao` DISABLE KEYS */;
/*!40000 ALTER TABLE `tb_termorregulacao` ENABLE KEYS */;
UNLOCK TABLES;

--
-- Table structure for table `tb_turma`
--

DROP TABLE IF EXISTS `tb_turma`;
/*!40101 SET @saved_cs_client     = @@character_set_client */;
/*!40101 SET character_set_client = utf8 */;
CREATE TABLE `tb_turma` (
  `IdTurma` int(11) NOT NULL AUTO_INCREMENT,
  `IdDisciplina` int(11) NOT NULL,
  `IdCurso` int(11) NOT NULL,
  `IdInstituicao` int(11) NOT NULL,
  `Codigo` varchar(20) NOT NULL,
  `Periodo` varchar(6) NOT NULL,
  `Ativa` tinyint(1) NOT NULL DEFAULT '1',
  PRIMARY KEY (`IdTurma`),
  KEY `fk_tb_turma_tb_disciplina1_idx` (`IdDisciplina`),
  KEY `fk_tb_turma_tb_curso1_idx` (`IdCurso`),
  KEY `fk_tb_turma_tb_instituicao1_idx` (`IdInstituicao`),
  CONSTRAINT `fk_tb_turma_tb_curso1` FOREIGN KEY (`IdCurso`) REFERENCES `tb_curso` (`IdCurso`) ON DELETE NO ACTION ON UPDATE NO ACTION,
  CONSTRAINT `fk_tb_turma_tb_disciplina1` FOREIGN KEY (`IdDisciplina`) REFERENCES `tb_disciplina` (`IdDisciplina`) ON DELETE NO ACTION ON UPDATE NO ACTION,
  CONSTRAINT `fk_tb_turma_tb_instituicao1` FOREIGN KEY (`IdInstituicao`) REFERENCES `tb_instituicao` (`IdInstituicao`) ON DELETE NO ACTION ON UPDATE NO ACTION
) ENGINE=InnoDB AUTO_INCREMENT=6 DEFAULT CHARSET=latin1;
/*!40101 SET character_set_client = @saved_cs_client */;

--
-- Dumping data for table `tb_turma`
--

LOCK TABLES `tb_turma` WRITE;
/*!40000 ALTER TABLE `tb_turma` DISABLE KEYS */;
INSERT INTO `tb_turma` VALUES (1,3,1,1,'DFA0037','2013-2',1),(2,3,1,1,'FI','2013-1',0),(3,3,1,1,'A0','2013-2',0),(4,4,2,1,'ENF01-ADMIN','2014-1',1),(5,4,1,1,'FAR01-ADMIN','2014-1',1);
/*!40000 ALTER TABLE `tb_turma` ENABLE KEYS */;
UNLOCK TABLES;

--
-- Table structure for table `tb_turma_pessoa`
--

DROP TABLE IF EXISTS `tb_turma_pessoa`;
/*!40101 SET @saved_cs_client     = @@character_set_client */;
/*!40101 SET character_set_client = utf8 */;
CREATE TABLE `tb_turma_pessoa` (
  `IdTurma` int(11) NOT NULL,
  `IdPessoa` int(11) NOT NULL,
  `IdRole` int(11) NOT NULL,
  `Ativa` tinyint(1) NOT NULL DEFAULT '0',
  PRIMARY KEY (`IdTurma`,`IdPessoa`),
  KEY `fk_tb_turma_has_tb_pessoa_tb_pessoa1_idx` (`IdPessoa`),
  KEY `fk_tb_turma_has_tb_pessoa_tb_turma1_idx` (`IdTurma`),
  KEY `fk_tb_turma_pessoa_my_aspnet_roles1_idx` (`IdRole`),
  CONSTRAINT `fk_tb_turma_has_tb_pessoa_tb_pessoa1` FOREIGN KEY (`IdPessoa`) REFERENCES `tb_pessoa` (`IdPessoa`) ON DELETE NO ACTION ON UPDATE NO ACTION,
  CONSTRAINT `fk_tb_turma_has_tb_pessoa_tb_turma1` FOREIGN KEY (`IdTurma`) REFERENCES `tb_turma` (`IdTurma`) ON DELETE NO ACTION ON UPDATE NO ACTION,
  CONSTRAINT `fk_tb_turma_pessoa_my_aspnet_roles1` FOREIGN KEY (`IdRole`) REFERENCES `my_aspnet_roles` (`id`) ON DELETE NO ACTION ON UPDATE NO ACTION
) ENGINE=InnoDB DEFAULT CHARSET=latin1;
/*!40101 SET character_set_client = @saved_cs_client */;

--
-- Dumping data for table `tb_turma_pessoa`
--

LOCK TABLES `tb_turma_pessoa` WRITE;
/*!40000 ALTER TABLE `tb_turma_pessoa` DISABLE KEYS */;
INSERT INTO `tb_turma_pessoa` VALUES (1,1,1,1),(1,5,3,0),(1,6,3,1),(1,9,3,1),(1,10,2,1),(1,12,3,1),(1,13,2,1),(1,14,2,1),(1,15,2,1),(1,16,3,0),(2,5,3,1),(2,11,3,1),(3,5,2,0),(3,6,2,1),(3,11,2,1);
/*!40000 ALTER TABLE `tb_turma_pessoa` ENABLE KEYS */;
UNLOCK TABLES;

--
-- Table structure for table `tb_turma_pessoa_relato`
--

DROP TABLE IF EXISTS `tb_turma_pessoa_relato`;
/*!40101 SET @saved_cs_client     = @@character_set_client */;
/*!40101 SET character_set_client = utf8 */;
CREATE TABLE `tb_turma_pessoa_relato` (
  `IdTurma` int(11) NOT NULL,
  `IdPessoa` int(11) NOT NULL,
  `IdRelato` int(11) NOT NULL,
  `IdConsultaFixo` bigint(20) NOT NULL,
  PRIMARY KEY (`IdTurma`,`IdPessoa`,`IdRelato`,`IdConsultaFixo`),
  KEY `fk_tb_turma_pessoa_has_tb_relato_clinico_tb_relato_clinico1_idx` (`IdRelato`),
  KEY `fk_tb_turma_pessoa_has_tb_relato_clinico_tb_turma_pessoa1_idx` (`IdTurma`,`IdPessoa`),
  KEY `fk_tb_turma_pessoa_relato_tb_consulta_fixo1_idx` (`IdConsultaFixo`),
  CONSTRAINT `fk_tb_turma_pessoa_has_tb_relato_clinico_tb_relato_clinico1` FOREIGN KEY (`IdRelato`) REFERENCES `tb_relato_clinico` (`IdRelato`) ON DELETE NO ACTION ON UPDATE NO ACTION,
  CONSTRAINT `fk_tb_turma_pessoa_has_tb_relato_clinico_tb_turma_pessoa1` FOREIGN KEY (`IdTurma`, `IdPessoa`) REFERENCES `tb_turma_pessoa` (`IdTurma`, `IdPessoa`) ON DELETE NO ACTION ON UPDATE NO ACTION,
  CONSTRAINT `fk_tb_turma_pessoa_relato_tb_consulta_fixo1` FOREIGN KEY (`IdConsultaFixo`) REFERENCES `tb_consulta_fixo` (`IdConsultaFixo`) ON DELETE NO ACTION ON UPDATE NO ACTION
) ENGINE=InnoDB DEFAULT CHARSET=latin1;
/*!40101 SET character_set_client = @saved_cs_client */;

--
-- Dumping data for table `tb_turma_pessoa_relato`
--

LOCK TABLES `tb_turma_pessoa_relato` WRITE;
/*!40000 ALTER TABLE `tb_turma_pessoa_relato` DISABLE KEYS */;
INSERT INTO `tb_turma_pessoa_relato` VALUES (1,1,1,5),(1,1,1,6),(1,1,2,7),(1,10,2,12),(1,1,5,19),(1,1,5,38),(1,9,5,11),(1,10,5,13),(1,10,5,15),(1,12,5,17),(1,15,5,39),(2,11,5,14),(3,5,5,8),(1,1,6,20),(1,15,6,39),(1,1,7,20),(1,15,7,39),(1,1,8,20),(1,15,8,39),(1,1,9,21),(3,5,9,9),(1,1,11,21),(1,1,14,22),(1,10,14,16),(1,13,14,40),(3,5,14,18),(1,1,15,22),(1,13,15,40),(1,1,16,22),(1,13,16,40),(1,1,17,22),(1,13,17,40),(1,1,18,23),(1,14,18,41),(1,1,19,23),(1,14,19,41),(1,1,20,23),(1,14,20,41),(1,1,21,23),(1,14,21,41),(1,1,22,24),(1,1,23,24),(1,1,26,25),(1,1,30,26),(1,1,34,27),(1,1,38,28),(1,1,42,29),(1,1,46,30),(1,1,50,31),(1,1,54,32),(1,10,54,42),(1,1,58,33),(1,1,62,34),(1,1,66,35),(1,1,70,36),(1,1,74,37);
/*!40000 ALTER TABLE `tb_turma_pessoa_relato` ENABLE KEYS */;
UNLOCK TABLES;
/*!40103 SET TIME_ZONE=@OLD_TIME_ZONE */;

/*!40101 SET SQL_MODE=@OLD_SQL_MODE */;
/*!40014 SET FOREIGN_KEY_CHECKS=@OLD_FOREIGN_KEY_CHECKS */;
/*!40014 SET UNIQUE_CHECKS=@OLD_UNIQUE_CHECKS */;
/*!40101 SET CHARACTER_SET_CLIENT=@OLD_CHARACTER_SET_CLIENT */;
/*!40101 SET CHARACTER_SET_RESULTS=@OLD_CHARACTER_SET_RESULTS */;
/*!40101 SET COLLATION_CONNECTION=@OLD_COLLATION_CONNECTION */;
/*!40111 SET SQL_NOTES=@OLD_SQL_NOTES */;

-- Dump completed on 2014-04-24  9:04:10
